 solid PRO2STL version 1.0
 facet normal -0.6401843981 -0.7682212777 -6.987539383e-05
 outer loop 
 vertex 25.08419922 0.3128719788 -0.9725
 vertex 25.09580078 0.30320401 -0.9725
 vertex 25.08989844 0.3079509888 0.9145490112
 endloop
 endfacet
 facet normal -0.6853615459 -0.728202957 -6.872886182e-05
 outer loop 
 vertex 25.07320117 0.3232229919 -0.9725
 vertex 25.08419922 0.3128719788 -0.9725
 vertex 25.07859961 0.3179649963 0.9045349731
 endloop
 endfacet
 facet normal -0.6728509743 -0.7397780521 0
 outer loop 
 vertex 25.07859961 0.3179649963 0.9045349731
 vertex 25.08419922 0.3128719788 -0.9725
 vertex 25.08419922 0.3128719788 0.9096279907
 endloop
 endfacet
 facet normal -0.6535390382 -0.7568928098 0
 outer loop 
 vertex 25.08419922 0.3128719788 0.9096279907
 vertex 25.08419922 0.3128719788 -0.9725
 vertex 25.08989844 0.3079509888 0.9145490112
 endloop
 endfacet
 facet normal -0.5915320625 -0.8062814733 -7.019146684e-05
 outer loop 
 vertex 25.09580078 0.30320401 -0.9725
 vertex 25.108 0.2942539978 -0.9725
 vertex 25.10180078 0.2986369934 0.9238629761
 endloop
 endfacet
 facet normal -0.6267138653 -0.7792494665 0
 outer loop 
 vertex 25.08989844 0.3079509888 0.9145490112
 vertex 25.09580078 0.30320401 -0.9725
 vertex 25.09580078 0.30320401 0.9192960205
 endloop
 endfacet
 facet normal -0.6056729432 -0.7957136959 0
 outer loop 
 vertex 25.09580078 0.30320401 0.9192960205
 vertex 25.09580078 0.30320401 -0.9725
 vertex 25.10180078 0.2986369934 0.9238629761
 endloop
 endfacet
 facet normal -0.5423464051 -0.84015497 -5.685712268e-05
 outer loop 
 vertex 25.108 0.2942539978 -0.9725
 vertex 25.12070117 0.2860549927 -0.9725
 vertex 25.11429883 0.2900589905 0.932440979
 endloop
 endfacet
 facet normal -0.5543148784 -0.8323070441 0
 outer loop 
 vertex 25.108 0.2942539978 0.9282460327
 vertex 25.108 0.2942539978 -0.9725
 vertex 25.11429883 0.2900589905 0.932440979
 endloop
 endfacet
 facet normal -0.5773051331 -0.8165284951 0
 outer loop 
 vertex 25.10180078 0.2986369934 0.9238629761
 vertex 25.108 0.2942539978 -0.9725
 vertex 25.108 0.2942539978 0.9282460327
 endloop
 endfacet
 facet normal -0.4928045933 -0.8701400056 -5.860013928e-05
 outer loop 
 vertex 25.12070117 0.2860549927 -0.9725
 vertex 25.13380078 0.2786360168 -0.9725
 vertex 25.12719922 0.2822460022 0.9402539673
 endloop
 endfacet
 facet normal -0.5056988075 -0.8627100997 0
 outer loop 
 vertex 25.12070117 0.2860549927 0.9364450073
 vertex 25.12070117 0.2860549927 -0.9725
 vertex 25.12719922 0.2822460022 0.9402539673
 endloop
 endfacet
 facet normal -0.5302401294 -0.8478475129 0
 outer loop 
 vertex 25.11429883 0.2900589905 0.932440979
 vertex 25.12070117 0.2860549927 -0.9725
 vertex 25.12070117 0.2860549927 0.9364450073
 endloop
 endfacet
 facet normal -0.7298011091 -0.6836595197 -4.842440458e-05
 outer loop 
 vertex 25.06290039 0.3342189941 -0.9725
 vertex 25.07320117 0.3232229919 -0.9725
 vertex 25.068 0.3286430054 0.8938569946
 endloop
 endfacet
 facet normal -0.7215230461 -0.6923904202 0
 outer loop 
 vertex 25.068 0.3286430054 0.8938569946
 vertex 25.07320117 0.3232229919 -0.9725
 vertex 25.07320117 0.3232229919 0.8992769775
 endloop
 endfacet
 facet normal -0.6977271795 -0.7163635829 0
 outer loop 
 vertex 25.07320117 0.3232229919 0.8992769775
 vertex 25.07320117 0.3232229919 -0.9725
 vertex 25.07859961 0.3179649963 0.9045349731
 endloop
 endfacet
 facet normal -0.7671254749 -0.64149708 -4.567052718e-05
 outer loop 
 vertex 25.05319922 0.3458200073 -0.9725
 vertex 25.06290039 0.3342189941 -0.9725
 vertex 25.058 0.339946991 0.8825529785
 endloop
 endfacet
 facet normal -0.7379258266 -0.6748818226 0
 outer loop 
 vertex 25.06290039 0.3342189941 0.8882810059
 vertex 25.06290039 0.3342189941 -0.9725
 vertex 25.068 0.3286430054 0.8938569946
 endloop
 endfacet
 facet normal -0.759867245 -0.6500782799 0
 outer loop 
 vertex 25.058 0.339946991 0.8825529785
 vertex 25.06290039 0.3342189941 -0.9725
 vertex 25.06290039 0.3342189941 0.8882810059
 endloop
 endfacet
 facet normal -0.8070951827 -0.5904213396 -8.76438589e-05
 outer loop 
 vertex 25.04430078 0.3579840088 -0.9725
 vertex 25.05319922 0.3458200073 -0.9725
 vertex 25.04859961 0.3518339844 0.8706660156
 endloop
 endfacet
 facet normal -0.774242406 -0.6328891662 0
 outer loop 
 vertex 25.05319922 0.3458200073 0.8766799927
 vertex 25.05319922 0.3458200073 -0.9725
 vertex 25.058 0.339946991 0.8825529785
 endloop
 endfacet
 facet normal -0.7943141269 -0.6075072575 0
 outer loop 
 vertex 25.04859961 0.3518339844 0.8706660156
 vertex 25.05319922 0.3458200073 -0.9725
 vertex 25.05319922 0.3458200073 0.8766799927
 endloop
 endfacet
 facet normal -0.8397154706 -0.5430266331 -6.452554179e-05
 outer loop 
 vertex 25.03609961 0.3706659851 -0.9725
 vertex 25.04430078 0.3579840088 -0.9725
 vertex 25.04009961 0.3642630005 0.8582369995
 endloop
 endfacet
 facet normal -0.8196192276 -0.5729086505 0
 outer loop 
 vertex 25.04430078 0.3579840088 0.8645159912
 vertex 25.04430078 0.3579840088 -0.9725
 vertex 25.04859961 0.3518339844 0.8706660156
 endloop
 endfacet
 facet normal -0.8311219171 -0.5560902435 0
 outer loop 
 vertex 25.04009961 0.3642630005 0.8582369995
 vertex 25.04430078 0.3579840088 -0.9725
 vertex 25.04430078 0.3579840088 0.8645159912
 endloop
 endfacet
 facet normal -0.8687537304 -0.4952443319 -8.772965041e-05
 outer loop 
 vertex 25.02860156 0.3838190002 -0.9725
 vertex 25.03609961 0.3706659851 -0.9725
 vertex 25.03219922 0.3771860046 0.8453140259
 endloop
 endfacet
 facet normal -0.8481093328 -0.5298212526 0
 outer loop 
 vertex 25.03609961 0.3706659851 0.8518339844
 vertex 25.03609961 0.3706659851 -0.9725
 vertex 25.04009961 0.3642630005 0.8582369995
 endloop
 endfacet
 facet normal -0.8581669993 -0.5133706276 0
 outer loop 
 vertex 25.03219922 0.3771860046 0.8453140259
 vertex 25.03609961 0.3706659851 -0.9725
 vertex 25.03609961 0.3706659851 0.8518339844
 endloop
 endfacet
 facet normal -0.899338046 -0.4372540167 -6.273207037e-05
 outer loop 
 vertex 25.022 0.3973970032 -0.9725
 vertex 25.02860156 0.3838190002 -0.9725
 vertex 25.02519922 0.3905580139 0.8319420166
 endloop
 endfacet
 facet normal -0.87902634 -0.4767732099 0
 outer loop 
 vertex 25.02860156 0.3838190002 0.8386809692
 vertex 25.02860156 0.3838190002 -0.9725
 vertex 25.03219922 0.3771860046 0.8453140259
 endloop
 endfacet
 facet normal -0.8926805309 -0.450689993 0
 outer loop 
 vertex 25.02519922 0.3905580139 0.8319420166
 vertex 25.02860156 0.3838190002 -0.9725
 vertex 25.02860156 0.3838190002 0.8386809692
 endloop
 endfacet
 facet normal -0.9233715405 -0.3839075338 -6.079562981e-05
 outer loop 
 vertex 25.01619922 0.411348999 -0.9725
 vertex 25.022 0.3973970032 -0.9725
 vertex 25.019 0.40432901 0.8181710205
 endloop
 endfacet
 facet normal -0.9177424277 -0.3971760773 0
 outer loop 
 vertex 25.019 0.40432901 0.8181710205
 vertex 25.022 0.3973970032 -0.9725
 vertex 25.022 0.3973970032 0.8251029663
 endloop
 endfacet
 facet normal -0.9057924292 -0.4237216954 0
 outer loop 
 vertex 25.022 0.3973970032 0.8251029663
 vertex 25.022 0.3973970032 -0.9725
 vertex 25.02519922 0.3905580139 0.8319420166
 endloop
 endfacet
 facet normal -0.9458219506 -0.3246857508 -3.233048571e-05
 outer loop 
 vertex 25.01129883 0.4256240234 -0.9725
 vertex 25.01619922 0.411348999 -0.9725
 vertex 25.01370117 0.4184490051 0.8040509644
 endloop
 endfacet
 facet normal -0.9433166928 -0.3318939846 0
 outer loop 
 vertex 25.01370117 0.4184490051 0.8040509644
 vertex 25.01619922 0.411348999 -0.9725
 vertex 25.01619922 0.411348999 0.811151001
 endloop
 endfacet
 facet normal -0.9288054717 -0.3705676668 0
 outer loop 
 vertex 25.01619922 0.411348999 0.811151001
 vertex 25.01619922 0.411348999 -0.9725
 vertex 25.019 0.40432901 0.8181710205
 endloop
 endfacet
 facet normal -0.964212437 -0.2651308597 -5.909412322e-05
 outer loop 
 vertex 25.00729883 0.44017099 -0.9725
 vertex 25.01129883 0.4256240234 -0.9725
 vertex 25.00919922 0.4328670044 0.7896329956
 endloop
 endfacet
 facet normal -0.9604594656 -0.2784198537 0
 outer loop 
 vertex 25.00919922 0.4328670044 0.7896329956
 vertex 25.01129883 0.4256240234 -0.9725
 vertex 25.01129883 0.4256240234 0.7968760376
 endloop
 endfacet
 facet normal -0.948259362 -0.317496744 0
 outer loop 
 vertex 25.01129883 0.4256240234 0.7968760376
 vertex 25.01129883 0.4256240234 -0.9725
 vertex 25.01370117 0.4184490051 0.8040509644
 endloop
 endfacet
 facet normal -0.9773480755 -0.2116382191 -5.910296732e-05
 outer loop 
 vertex 25.00410156 0.4549360046 -0.9725
 vertex 25.00729883 0.44017099 -0.9725
 vertex 25.00559961 0.4475299988 0.7749699707
 endloop
 endfacet
 facet normal -0.9743625855 -0.2249834484 0
 outer loop 
 vertex 25.00559961 0.4475299988 0.7749699707
 vertex 25.00729883 0.44017099 -0.9725
 vertex 25.00729883 0.44017099 0.7823290405
 endloop
 endfacet
 facet normal -0.9677787885 -0.2518019392 0
 outer loop 
 vertex 25.00729883 0.44017099 0.7823290405
 vertex 25.00729883 0.44017099 -0.9725
 vertex 25.00919922 0.4328670044 0.7896329956
 endloop
 endfacet
 facet normal -0.9994518624 -0.0331053919 -8.835264413e-05
 outer loop 
 vertex 25 0.5 -0.9725
 vertex 25.0005 0.4849049988 -0.9725
 vertex 25.00009961 0.4924489746 0.7300509644
 endloop
 endfacet
 facet normal -1 0 0
 outer loop 
 vertex 25 1.19 0.7225
 vertex 25 1.19 -0.9725
 vertex 25 0.5 -0.9725
 endloop
 endfacet
 facet normal -1 -0 0
 outer loop 
 vertex 25 0.5 0.7225
 vertex 25 1.19 0.7225
 vertex 25 0.5 -0.9725
 endloop
 endfacet
 facet normal -0.9999130035 -0.01319035551 0
 outer loop 
 vertex 25 0.5 0.7225
 vertex 25 0.5 -0.9725
 vertex 25.00009961 0.4924489746 0.7300509644
 endloop
 endfacet
 facet normal -0.9962802605 -0.08617212291 -8.77583e-05
 outer loop 
 vertex 25.0005 0.4849049988 -0.9725
 vertex 25.00180078 0.4698659973 -0.9725
 vertex 25.001 0.477375 0.745125
 endloop
 endfacet
 facet normal -0.9978027121 -0.06625517091 0
 outer loop 
 vertex 25.0005 0.4849049988 0.7375950317
 vertex 25.0005 0.4849049988 -0.9725
 vertex 25.001 0.477375 0.745125
 endloop
 endfacet
 facet normal -0.9985945322 -0.05299962485 0
 outer loop 
 vertex 25.00009961 0.4924489746 0.7300509644
 vertex 25.0005 0.4849049988 -0.9725
 vertex 25.0005 0.4849049988 0.7375950317
 endloop
 endfacet
 facet normal -0.9883332669 -0.1523067492 -8.728400471e-05
 outer loop 
 vertex 25.00180078 0.4698659973 -0.9725
 vertex 25.00410156 0.4549360046 -0.9725
 vertex 25.00280078 0.4623839722 0.7601159668
 endloop
 endfacet
 facet normal -0.991186258 -0.1324756652 0
 outer loop 
 vertex 25.00180078 0.4698659973 0.7526339722
 vertex 25.00180078 0.4698659973 -0.9725
 vertex 25.00280078 0.4623839722 0.7601159668
 endloop
 endfacet
 facet normal -0.9943617007 -0.1060415396 0
 outer loop 
 vertex 25.001 0.477375 0.745125
 vertex 25.00180078 0.4698659973 -0.9725
 vertex 25.00180078 0.4698659973 0.7526339722
 endloop
 endfacet
 facet normal -0.9801495924 -0.198259367 0
 outer loop 
 vertex 25.00410156 0.4549360046 0.7675640259
 vertex 25.00410156 0.4549360046 -0.9725
 vertex 25.00559961 0.4475299988 0.7749699707
 endloop
 endfacet
 facet normal -0.9850890949 -0.1720449799 0
 outer loop 
 vertex 25.00280078 0.4623839722 0.7601159668
 vertex 25.00410156 0.4549360046 -0.9725
 vertex 25.00410156 0.4549360046 0.7675640259
 endloop
 endfacet
 facet normal -0.2675827908 -0.9635348707 -5.500238278e-05
 outer loop 
 vertex 25.17559961 0.2613200073 -0.9725
 vertex 25.19020117 0.2572650146 -0.9725
 vertex 25.18290039 0.2591820068 0.9633179932
 endloop
 endfacet
 facet normal -0.2108130226 -0.9775264015 -6.197447808e-05
 outer loop 
 vertex 25.19020117 0.2572650146 -0.9725
 vertex 25.20490039 0.254094986 -0.9725
 vertex 25.1975 0.2555679932 0.9669320068
 endloop
 endfacet
 facet normal -0.2539646974 -0.9672134886 0
 outer loop 
 vertex 25.18290039 0.2591820068 0.9633179932
 vertex 25.19020117 0.2572650146 -0.9725
 vertex 25.19020117 0.2572650146 0.9652349854
 endloop
 endfacet
 facet normal -0.2264653345 -0.9740192258 0
 outer loop 
 vertex 25.19020117 0.2572650146 0.9652349854
 vertex 25.19020117 0.2572650146 -0.9725
 vertex 25.1975 0.2555679932 0.9669320068
 endloop
 endfacet
 facet normal -0.3257167322 -0.9454674011 -6.126358212e-05
 outer loop 
 vertex 25.16130078 0.2662460022 -0.9725
 vertex 25.17559961 0.2613200073 -0.9725
 vertex 25.16840039 0.2636750183 0.9588250122
 endloop
 endfacet
 facet normal -0.281042406 -0.9596953506 0
 outer loop 
 vertex 25.17559961 0.2613200073 0.9611799927
 vertex 25.17559961 0.2613200073 -0.9725
 vertex 25.18290039 0.2591820068 0.9633179932
 endloop
 endfacet
 facet normal -0.3109082467 -0.9504399308 0
 outer loop 
 vertex 25.16840039 0.2636750183 0.9588250122
 vertex 25.17559961 0.2613200073 -0.9725
 vertex 25.17559961 0.2613200073 0.9611799927
 endloop
 endfacet
 facet normal -0.3838886284 -0.9233794005 -6.050733158e-05
 outer loop 
 vertex 25.14740039 0.2720249939 -0.9725
 vertex 25.16130078 0.2662460022 -0.9725
 vertex 25.15430078 0.2690299988 0.9534699707
 endloop
 endfacet
 facet normal -0.3695586122 -0.9292074215 0
 outer loop 
 vertex 25.15430078 0.2690299988 0.9534699707
 vertex 25.16130078 0.2662460022 -0.9725
 vertex 25.16130078 0.2662460022 0.9562540283
 endloop
 endfacet
 facet normal -0.3404920938 -0.9402473792 0
 outer loop 
 vertex 25.16130078 0.2662460022 0.9562540283
 vertex 25.16130078 0.2662460022 -0.9725
 vertex 25.16840039 0.2636750183 0.9588250122
 endloop
 endfacet
 facet normal -0.4371981478 -0.8993652079 -4.824508924e-05
 outer loop 
 vertex 25.13380078 0.2786360168 -0.9725
 vertex 25.14740039 0.2720249939 -0.9725
 vertex 25.14059961 0.2752279968 0.9472719727
 endloop
 endfacet
 facet normal -0.3981474836 -0.9173214166 0
 outer loop 
 vertex 25.14740039 0.2720249939 0.9504749756
 vertex 25.14740039 0.2720249939 -0.9725
 vertex 25.15430078 0.2690299988 0.9534699707
 endloop
 endfacet
 facet normal -0.4260840191 -0.9046835959 0
 outer loop 
 vertex 25.14059961 0.2752279968 0.9472719727
 vertex 25.14740039 0.2720249939 -0.9725
 vertex 25.14740039 0.2720249939 0.9504749756
 endloop
 endfacet
 facet normal -0.4797873642 -0.8773847988 0
 outer loop 
 vertex 25.12719922 0.2822460022 0.9402539673
 vertex 25.13380078 0.2786360168 -0.9725
 vertex 25.13380078 0.2786360168 0.9438640137
 endloop
 endfacet
 facet normal -0.4481186404 -0.8939740959 0
 outer loop 
 vertex 25.13380078 0.2786360168 0.9438640137
 vertex 25.13380078 0.2786360168 -0.9725
 vertex 25.14059961 0.2752279968 0.9472719727
 endloop
 endfacet
 facet normal -0.1497567548 -0.9887228687 -5.752227263e-05
 outer loop 
 vertex 25.20490039 0.254094986 -0.9725
 vertex 25.21990039 0.2518230133 -0.9725
 vertex 25.21240039 0.2528460083 0.9696540527
 endloop
 endfacet
 facet normal -0.1952149978 -0.9807604726 0
 outer loop 
 vertex 25.1975 0.2555679932 0.9669320068
 vertex 25.20490039 0.254094986 -0.9725
 vertex 25.20490039 0.254094986 0.9684050293
 endloop
 endfacet
 facet normal -0.1642681598 -0.9864157195 0
 outer loop 
 vertex 25.20490039 0.254094986 0.9684050293
 vertex 25.20490039 0.254094986 -0.9725
 vertex 25.21240039 0.2528460083 0.9696540527
 endloop
 endfacet
 facet normal -0.09075751953 -0.9958730186 -5.814978888e-05
 outer loop 
 vertex 25.21990039 0.2518230133 -0.9725
 vertex 25.23490039 0.2504560089 -0.9725
 vertex 25.22740039 0.251026001 0.971473999
 endloop
 endfacet
 facet normal -0.1056733038 -0.9944009015 0
 outer loop 
 vertex 25.21990039 0.2518230133 0.970677002
 vertex 25.21990039 0.2518230133 -0.9725
 vertex 25.22740039 0.251026001 0.971473999
 endloop
 endfacet
 facet normal -0.1351479278 -0.9908254325 0
 outer loop 
 vertex 25.21240039 0.2528460083 0.9696540527
 vertex 25.21990039 0.2518230133 -0.9725
 vertex 25.21990039 0.2518230133 0.970677002
 endloop
 endfacet
 facet normal -0.03018628438 -0.9995442885 -5.939498021e-05
 outer loop 
 vertex 25.23490039 0.2504560089 -0.9725
 vertex 25.25 0.25 -0.9725
 vertex 25.24239844 0.2501139984 0.9723859863
 endloop
 endfacet
 facet normal -0.07578040943 -0.9971245306 0
 outer loop 
 vertex 25.22740039 0.251026001 0.971473999
 vertex 25.23490039 0.2504560089 -0.9725
 vertex 25.23490039 0.2504560089 0.9720440063
 endloop
 endfacet
 facet normal -0.04556590128 -0.9989613349 0
 outer loop 
 vertex 25.23490039 0.2504560089 0.9720440063
 vertex 25.23490039 0.2504560089 -0.9725
 vertex 25.24239844 0.2501139984 0.9723859863
 endloop
 endfacet
 facet normal -0 -1 0
 outer loop 
 vertex 25.25 0.25 -0.9725
 vertex 25.86009961 0.25 -0.6480369873
 vertex 25.86109961 0.25 -0.6361470337
 endloop
 endfacet
 facet normal 0 -1 0
 outer loop 
 vertex 25.86109961 0.25 -0.6361470337
 vertex 25.96030078 0.25 0.5124880371
 vertex 25.25 0.25 -0.9725
 endloop
 endfacet
 facet normal 0 -1 -0
 outer loop 
 vertex 25.86109961 0.25 -0.6718530273
 vertex 25.86009961 0.25 -0.6599630127
 vertex 25.25 0.25 -0.9725
 endloop
 endfacet
 facet normal -0 -1 0
 outer loop 
 vertex 25.25 0.25 -0.9725
 vertex 25.863 0.25 -0.6836289673
 vertex 25.86109961 0.25 -0.6718530273
 endloop
 endfacet
 facet normal 0 -1 -0
 outer loop 
 vertex 25.86009961 0.25 -0.6599630127
 vertex 25.86009961 0.25 -0.6480369873
 vertex 25.25 0.25 -0.9725
 endloop
 endfacet
 facet normal 0 -1 -0
 outer loop 
 vertex 25.8695 0.25 -0.7065469971
 vertex 25.86580078 0.25 -0.6952180176
 vertex 25.25 0.25 -0.9725
 endloop
 endfacet
 facet normal 0 -1 -0
 outer loop 
 vertex 25.86580078 0.25 -0.6952180176
 vertex 25.863 0.25 -0.6836289673
 vertex 25.25 0.25 -0.9725
 endloop
 endfacet
 facet normal -0 -1 0
 outer loop 
 vertex 25.25 0.25 -0.9725
 vertex 25.87409961 0.25 -0.7175430298
 vertex 25.8695 0.25 -0.7065469971
 endloop
 endfacet
 facet normal 0 -1 -0
 outer loop 
 vertex 26.0425 0.25 -0.8004260254
 vertex 26.03080078 0.25 -0.8025490112
 vertex 25.25 0.25 -0.9725
 endloop
 endfacet
 facet normal 0 -1 0
 outer loop 
 vertex 26.0425 0.25 -0.8004260254
 vertex 25.25 0.25 -0.9725
 vertex 26.241 0.25 -0.9725
 endloop
 endfacet
 facet normal 0 -1 0
 outer loop 
 vertex 25.25 0.25 -0.9725
 vertex 26.03080078 0.25 -0.8025490112
 vertex 26.01890039 0.25 -0.8037329712
 endloop
 endfacet
 facet normal 0 -1 -0
 outer loop 
 vertex 26.01890039 0.25 -0.8037329712
 vertex 26.007 0.25 -0.8039699707
 vertex 25.25 0.25 -0.9725
 endloop
 endfacet
 facet normal 0 -1 -0
 outer loop 
 vertex 26.007 0.25 -0.8039699707
 vertex 25.99509961 0.25 -0.8032590332
 vertex 25.25 0.25 -0.9725
 endloop
 endfacet
 facet normal 0 -1 -0
 outer loop 
 vertex 25.99509961 0.25 -0.8032590332
 vertex 25.98329883 0.25 -0.8016049805
 vertex 25.25 0.25 -0.9725
 endloop
 endfacet
 facet normal -0 -1 0
 outer loop 
 vertex 25.25 0.25 -0.9725
 vertex 25.98329883 0.25 -0.8016049805
 vertex 25.97170117 0.25 -0.7990170288
 endloop
 endfacet
 facet normal 0 -1 -0
 outer loop 
 vertex 25.97170117 0.25 -0.7990170288
 vertex 25.96030078 0.25 -0.7955120239
 vertex 25.25 0.25 -0.9725
 endloop
 endfacet
 facet normal 0 -1 -0
 outer loop 
 vertex 25.96030078 0.25 -0.7955120239
 vertex 25.94919922 0.25 -0.7911130371
 vertex 25.25 0.25 -0.9725
 endloop
 endfacet
 facet normal -0 -1 0
 outer loop 
 vertex 25.25 0.25 -0.9725
 vertex 25.94919922 0.25 -0.7911130371
 vertex 25.9385 0.25 -0.7858460083
 endloop
 endfacet
 facet normal 0 -1 -0
 outer loop 
 vertex 25.9385 0.25 -0.7858460083
 vertex 25.92819922 0.25 -0.7797459717
 vertex 25.25 0.25 -0.9725
 endloop
 endfacet
 facet normal 0 -1 -0
 outer loop 
 vertex 25.92819922 0.25 -0.7797459717
 vertex 25.9185 0.25 -0.7728519897
 vertex 25.25 0.25 -0.9725
 endloop
 endfacet
 facet normal 0 -1 -0
 outer loop 
 vertex 25.87959961 0.25 -0.7281370239
 vertex 25.87409961 0.25 -0.7175430298
 vertex 25.25 0.25 -0.9725
 endloop
 endfacet
 facet normal 0 -1 -0
 outer loop 
 vertex 25.88590039 0.25 -0.7382630005
 vertex 25.87959961 0.25 -0.7281370239
 vertex 25.25 0.25 -0.9725
 endloop
 endfacet
 facet normal -0 -1 0
 outer loop 
 vertex 25.25 0.25 -0.9725
 vertex 25.893 0.25 -0.7478560181
 vertex 25.88590039 0.25 -0.7382630005
 endloop
 endfacet
 facet normal 0 -1 -0
 outer loop 
 vertex 25.90080078 0.25 -0.7568560181
 vertex 25.893 0.25 -0.7478560181
 vertex 25.25 0.25 -0.9725
 endloop
 endfacet
 facet normal 0 -1 -0
 outer loop 
 vertex 25.90930078 0.25 -0.7652050171
 vertex 25.90080078 0.25 -0.7568560181
 vertex 25.25 0.25 -0.9725
 endloop
 endfacet
 facet normal -0 -1 0
 outer loop 
 vertex 25.25 0.25 -0.9725
 vertex 25.9185 0.25 -0.7728519897
 vertex 25.90930078 0.25 -0.7652050171
 endloop
 endfacet
 facet normal -0.01499502189 -0.9998875683 0
 outer loop 
 vertex 25.24239844 0.2501139984 0.9723859863
 vertex 25.25 0.25 -0.9725
 vertex 25.25 0.25 0.9725
 endloop
 endfacet
 facet normal -0 -1 0
 outer loop 
 vertex 25.25 0.25 -0.9725
 vertex 25.87409961 0.25 0.5904570313
 vertex 25.25 0.25 0.9725
 endloop
 endfacet
 facet normal 0 -1 -0
 outer loop 
 vertex 25.96030078 0.25 0.5124880371
 vertex 25.94919922 0.25 0.5168870239
 vertex 25.25 0.25 -0.9725
 endloop
 endfacet
 facet normal -0 -1 0
 outer loop 
 vertex 25.25 0.25 -0.9725
 vertex 25.94919922 0.25 0.5168870239
 vertex 25.9385 0.25 0.5221539917
 endloop
 endfacet
 facet normal 0 -1 -0
 outer loop 
 vertex 25.9385 0.25 0.5221539917
 vertex 25.92819922 0.25 0.5282539673
 vertex 25.25 0.25 -0.9725
 endloop
 endfacet
 facet normal 0 -1 -0
 outer loop 
 vertex 25.92819922 0.25 0.5282539673
 vertex 25.9185 0.25 0.5351480103
 vertex 25.25 0.25 -0.9725
 endloop
 endfacet
 facet normal 0 -1 -0
 outer loop 
 vertex 25.90930078 0.25 0.5427949829
 vertex 25.90080078 0.25 0.5511439819
 vertex 25.25 0.25 -0.9725
 endloop
 endfacet
 facet normal -0 -1 0
 outer loop 
 vertex 25.25 0.25 -0.9725
 vertex 25.9185 0.25 0.5351480103
 vertex 25.90930078 0.25 0.5427949829
 endloop
 endfacet
 facet normal 0 -1 -0
 outer loop 
 vertex 25.90080078 0.25 0.5511439819
 vertex 25.893 0.25 0.5601439819
 vertex 25.25 0.25 -0.9725
 endloop
 endfacet
 facet normal -0 -1 0
 outer loop 
 vertex 25.25 0.25 -0.9725
 vertex 25.893 0.25 0.5601439819
 vertex 25.88590039 0.25 0.5697369995
 endloop
 endfacet
 facet normal 0 -1 -0
 outer loop 
 vertex 25.88590039 0.25 0.5697369995
 vertex 25.87959961 0.25 0.5798630371
 vertex 25.25 0.25 -0.9725
 endloop
 endfacet
 facet normal 0 -1 -0
 outer loop 
 vertex 25.87959961 0.25 0.5798630371
 vertex 25.87409961 0.25 0.5904570313
 vertex 25.25 0.25 -0.9725
 endloop
 endfacet
 facet normal 0 -1 0
 outer loop 
 vertex 26.03080078 0.25 -0.5054510193
 vertex 26.0425 0.25 -0.5075740356
 vertex 26.1595 0.25 0.6420819702
 endloop
 endfacet
 facet normal 0 -1 0
 outer loop 
 vertex 26.1595 0.25 0.6420819702
 vertex 26.0425 0.25 -0.5075740356
 vertex 26.05409961 0.25 -0.5106220398
 endloop
 endfacet
 facet normal 0 -1 0
 outer loop 
 vertex 26.01890039 0.25 -0.5042669678
 vertex 26.03080078 0.25 -0.5054510193
 vertex 26.15809961 0.25 0.6302400513
 endloop
 endfacet
 facet normal 0 -1 0
 outer loop 
 vertex 26.15809961 0.25 0.6302400513
 vertex 26.03080078 0.25 -0.5054510193
 vertex 26.1595 0.25 0.6420819702
 endloop
 endfacet
 facet normal 0 -1 0
 outer loop 
 vertex 26.007 0.25 -0.5040299988
 vertex 26.01890039 0.25 -0.5042669678
 vertex 26.15809961 0.25 0.6302400513
 endloop
 endfacet
 facet normal 0 -1 0
 outer loop 
 vertex 26.15809961 0.25 0.6302400513
 vertex 25.99509961 0.25 -0.5047410278
 vertex 26.007 0.25 -0.5040299988
 endloop
 endfacet
 facet normal -0 -1 0
 outer loop 
 vertex 25.98329883 0.25 -0.506394989
 vertex 25.99509961 0.25 -0.5047410278
 vertex 26.15809961 0.25 0.6302400513
 endloop
 endfacet
 facet normal -0 -1 0
 outer loop 
 vertex 25.94919922 0.25 -0.5168870239
 vertex 25.96030078 0.25 -0.5124880371
 vertex 26.15809961 0.25 0.6302400513
 endloop
 endfacet
 facet normal 0 -1 0
 outer loop 
 vertex 26.15809961 0.25 0.6302400513
 vertex 25.96030078 0.25 -0.5124880371
 vertex 25.97170117 0.25 -0.5089830017
 endloop
 endfacet
 facet normal -0 -1 0
 outer loop 
 vertex 25.9385 0.25 -0.5221539917
 vertex 25.94919922 0.25 -0.5168870239
 vertex 26.15580078 0.25 0.6185479736
 endloop
 endfacet
 facet normal 0 -1 0
 outer loop 
 vertex 26.15580078 0.25 0.6185479736
 vertex 25.94919922 0.25 -0.5168870239
 vertex 26.15809961 0.25 0.6302400513
 endloop
 endfacet
 facet normal -0 -1 0
 outer loop 
 vertex 25.92819922 0.25 -0.5282539673
 vertex 25.9385 0.25 -0.5221539917
 vertex 26.15580078 0.25 0.6185479736
 endloop
 endfacet
 facet normal 0 -1 0
 outer loop 
 vertex 26.15580078 0.25 0.6185479736
 vertex 25.9185 0.25 -0.5351480103
 vertex 25.92819922 0.25 -0.5282539673
 endloop
 endfacet
 facet normal -0 -1 0
 outer loop 
 vertex 25.97170117 0.25 -0.5089830017
 vertex 25.98329883 0.25 -0.506394989
 vertex 26.15809961 0.25 0.6302400513
 endloop
 endfacet
 facet normal -0 -1 0
 outer loop 
 vertex 25.90930078 0.25 -0.5427949829
 vertex 25.9185 0.25 -0.5351480103
 vertex 26.15580078 0.25 0.6185479736
 endloop
 endfacet
 facet normal -0 -1 0
 outer loop 
 vertex 25.90080078 0.25 -0.5511439819
 vertex 25.90930078 0.25 -0.5427949829
 vertex 26.15580078 0.25 0.6185479736
 endloop
 endfacet
 facet normal -0 -1 0
 outer loop 
 vertex 25.893 0.25 -0.5601439819
 vertex 25.90080078 0.25 -0.5511439819
 vertex 26.15580078 0.25 0.6185479736
 endloop
 endfacet
 facet normal 0 -1 0
 outer loop 
 vertex 26.15580078 0.25 0.6185479736
 vertex 25.88590039 0.25 -0.5697369995
 vertex 25.893 0.25 -0.5601439819
 endloop
 endfacet
 facet normal -0 -1 0
 outer loop 
 vertex 25.87959961 0.25 -0.5798630371
 vertex 25.88590039 0.25 -0.5697369995
 vertex 26.15580078 0.25 0.6185479736
 endloop
 endfacet
 facet normal 0 -1 0
 outer loop 
 vertex 25.863 0.25 -0.6243709717
 vertex 26.01890039 0.25 0.5042669678
 vertex 25.86109961 0.25 -0.6361470337
 endloop
 endfacet
 facet normal 0 -1 -0
 outer loop 
 vertex 26.01890039 0.25 0.5042669678
 vertex 26.007 0.25 0.5040299988
 vertex 25.86109961 0.25 -0.6361470337
 endloop
 endfacet
 facet normal 0 -1 -0
 outer loop 
 vertex 26.007 0.25 0.5040299988
 vertex 25.99509961 0.25 0.5047410278
 vertex 25.86109961 0.25 -0.6361470337
 endloop
 endfacet
 facet normal -0 -1 0
 outer loop 
 vertex 25.86109961 0.25 -0.6361470337
 vertex 25.99509961 0.25 0.5047410278
 vertex 25.98329883 0.25 0.506394989
 endloop
 endfacet
 facet normal 0 -1 -0
 outer loop 
 vertex 25.97170117 0.25 0.5089830017
 vertex 25.96030078 0.25 0.5124880371
 vertex 25.86109961 0.25 -0.6361470337
 endloop
 endfacet
 facet normal 0 -1 -0
 outer loop 
 vertex 25.98329883 0.25 0.506394989
 vertex 25.97170117 0.25 0.5089830017
 vertex 25.86109961 0.25 -0.6361470337
 endloop
 endfacet
 facet normal -0 -1 0
 outer loop 
 vertex 25.863 0.25 -0.6243709717
 vertex 25.86580078 0.25 -0.6127819824
 vertex 26.15580078 0.25 0.6185479736
 endloop
 endfacet
 facet normal 0 -1 -0
 outer loop 
 vertex 26.0425 0.25 0.5075740356
 vertex 26.03080078 0.25 0.5054510193
 vertex 25.863 0.25 -0.6243709717
 endloop
 endfacet
 facet normal 0 -1 0
 outer loop 
 vertex 25.863 0.25 -0.6243709717
 vertex 26.05409961 0.25 0.5106220398
 vertex 26.0425 0.25 0.5075740356
 endloop
 endfacet
 facet normal 0 -1 -0
 outer loop 
 vertex 26.03080078 0.25 0.5054510193
 vertex 26.01890039 0.25 0.5042669678
 vertex 25.863 0.25 -0.6243709717
 endloop
 endfacet
 facet normal 0 -1 0
 outer loop 
 vertex 26.1525 0.25 0.6070809937
 vertex 25.863 0.25 -0.6243709717
 vertex 26.15580078 0.25 0.6185479736
 endloop
 endfacet
 facet normal 0 -1 -0
 outer loop 
 vertex 26.1525 0.25 0.6070809937
 vertex 26.14830078 0.25 0.5959089966
 vertex 25.863 0.25 -0.6243709717
 endloop
 endfacet
 facet normal 0 -1 -0
 outer loop 
 vertex 26.14830078 0.25 0.5959089966
 vertex 26.14319922 0.25 0.5851049805
 vertex 25.863 0.25 -0.6243709717
 endloop
 endfacet
 facet normal 0 -1 0
 outer loop 
 vertex 25.863 0.25 -0.6243709717
 vertex 26.14319922 0.25 0.5851049805
 vertex 26.13730078 0.25 0.5747369995
 endloop
 endfacet
 facet normal 0 -1 -0
 outer loop 
 vertex 26.13059961 0.25 0.5648699951
 vertex 26.12319922 0.25 0.55556604
 vertex 25.863 0.25 -0.6243709717
 endloop
 endfacet
 facet normal 0 -1 0
 outer loop 
 vertex 25.863 0.25 -0.6243709717
 vertex 26.12319922 0.25 0.55556604
 vertex 26.115 0.25 0.5468850098
 endloop
 endfacet
 facet normal 0 -1 -0
 outer loop 
 vertex 26.13730078 0.25 0.5747369995
 vertex 26.13059961 0.25 0.5648699951
 vertex 25.863 0.25 -0.6243709717
 endloop
 endfacet
 facet normal 0 -1 -0
 outer loop 
 vertex 26.10619922 0.25 0.5388809814
 vertex 26.09670117 0.25 0.5316040039
 vertex 25.863 0.25 -0.6243709717
 endloop
 endfacet
 facet normal 0 -1 -0
 outer loop 
 vertex 26.115 0.25 0.5468850098
 vertex 26.10619922 0.25 0.5388809814
 vertex 25.863 0.25 -0.6243709717
 endloop
 endfacet
 facet normal 0 -1 -0
 outer loop 
 vertex 26.09670117 0.25 0.5316040039
 vertex 26.08670117 0.25 0.5251019897
 vertex 25.863 0.25 -0.6243709717
 endloop
 endfacet
 facet normal 0 -1 0
 outer loop 
 vertex 25.863 0.25 -0.6243709717
 vertex 26.08670117 0.25 0.5251019897
 vertex 26.07620117 0.25 0.5194140015
 endloop
 endfacet
 facet normal 0 -1 -0
 outer loop 
 vertex 26.07620117 0.25 0.5194140015
 vertex 26.06530078 0.25 0.5145780029
 vertex 25.863 0.25 -0.6243709717
 endloop
 endfacet
 facet normal 0 -1 -0
 outer loop 
 vertex 26.06530078 0.25 0.5145780029
 vertex 26.05409961 0.25 0.5106220398
 vertex 25.863 0.25 -0.6243709717
 endloop
 endfacet
 facet normal 0 -1 0
 outer loop 
 vertex 26.15580078 0.25 0.6185479736
 vertex 25.86580078 0.25 -0.6127819824
 vertex 25.8695 0.25 -0.6014530029
 endloop
 endfacet
 facet normal -0 -1 0
 outer loop 
 vertex 25.8695 0.25 -0.6014530029
 vertex 25.87409961 0.25 -0.5904570313
 vertex 26.15580078 0.25 0.6185479736
 endloop
 endfacet
 facet normal -0 -1 0
 outer loop 
 vertex 25.87409961 0.25 -0.5904570313
 vertex 25.87959961 0.25 -0.5798630371
 vertex 26.15580078 0.25 0.6185479736
 endloop
 endfacet
 facet normal 0 -1 0
 outer loop 
 vertex 26.0425 0.25 -0.8004260254
 vertex 26.241 0.25 -0.9725
 vertex 27.232 0.25 -0.9725
 endloop
 endfacet
 facet normal 0 -1 0
 outer loop 
 vertex 26.05409961 0.25 -0.7973779907
 vertex 26.0425 0.25 -0.8004260254
 vertex 29.214 0.25 -0.9310622559
 endloop
 endfacet
 facet normal 0 -1 0
 outer loop 
 vertex 26.0425 0.25 -0.8004260254
 vertex 27.232 0.25 -0.9725
 vertex 28.223 0.25 -0.9725
 endloop
 endfacet
 facet normal -0 -1 -0
 outer loop 
 vertex 29.214 0.25 -0.9725
 vertex 29.214 0.25 -0.9310622559
 vertex 26.0425 0.25 -0.8004260254
 endloop
 endfacet
 facet normal 0 -1 0
 outer loop 
 vertex 28.223 0.25 -0.9725
 vertex 29.214 0.25 -0.9725
 vertex 26.0425 0.25 -0.8004260254
 endloop
 endfacet
 facet normal -0.9994515096 0.03311615932 0
 outer loop 
 vertex 25.0005 1.205090088 -0.9725
 vertex 25 1.19 -0.9725
 vertex 25 1.19 0.7225
 endloop
 endfacet
 facet normal -0.988333177 0.1523073579 0
 outer loop 
 vertex 25.00410156 1.235059937 -0.9725
 vertex 25.00180078 1.220130005 -0.9725
 vertex 25.00180078 1.220130005 0.7526339722
 endloop
 endfacet
 facet normal -0.9773629088 0.2115697156 0
 outer loop 
 vertex 25.00410156 1.235059937 -0.9725
 vertex 25.00410156 1.235059937 0.7675640259
 vertex 25.00729883 1.249829956 -0.9725
 endloop
 endfacet
 facet normal -0.991181768 0.13250914 -0.0001751400353
 outer loop 
 vertex 25.00180078 1.220130005 0.7526339722
 vertex 25.00280078 1.227619995 0.7601159668
 vertex 25.00410156 1.235059937 -0.9725
 endloop
 endfacet
 facet normal -0.985057624 0.1722250778 0
 outer loop 
 vertex 25.00280078 1.227619995 0.7601159668
 vertex 25.00410156 1.235059937 0.7675640259
 vertex 25.00410156 1.235059937 -0.9725
 endloop
 endfacet
 facet normal -0.9962807147 0.08616691662 0
 outer loop 
 vertex 25.0005 1.205090088 -0.9725
 vertex 25.0005 1.205090088 0.7375950317
 vertex 25.00180078 1.220130005 -0.9725
 endloop
 endfacet
 facet normal -0.9943632 0.1060274795 0
 outer loop 
 vertex 25.00180078 1.220130005 -0.9725
 vertex 25.001 1.212619995 0.745125
 vertex 25.00180078 1.220130005 0.7526339722
 endloop
 endfacet
 facet normal -0.9977910768 0.06642993662 -0.0001747313371
 outer loop 
 vertex 25.0005 1.205090088 0.7375950317
 vertex 25.001 1.212619995 0.745125
 vertex 25.00180078 1.220130005 -0.9725
 endloop
 endfacet
 facet normal -0.9985930673 0.05302721896 0
 outer loop 
 vertex 25.00009961 1.197550049 0.7300509644
 vertex 25.0005 1.205090088 0.7375950317
 vertex 25.0005 1.205090088 -0.9725
 endloop
 endfacet
 facet normal -0.9999106288 0.01336799913 -0.0001759475118
 outer loop 
 vertex 25 1.19 0.7225
 vertex 25.00009961 1.197550049 0.7300509644
 vertex 25.0005 1.205090088 -0.9725
 endloop
 endfacet
 facet normal -0.9642267957 0.2650786419 0
 outer loop 
 vertex 25.01129883 1.264380005 -0.9725
 vertex 25.00729883 1.249829956 -0.9725
 vertex 25.00729883 1.249829956 0.7823290405
 endloop
 endfacet
 facet normal -0.9457869761 0.3247876165 0
 outer loop 
 vertex 25.01129883 1.264380005 -0.9725
 vertex 25.01129883 1.264380005 0.7968760376
 vertex 25.01619922 1.278650024 -0.9725
 endloop
 endfacet
 facet normal -0.9605315196 0.2781711701 0
 outer loop 
 vertex 25.00919922 1.257130005 0.7896329956
 vertex 25.01129883 1.264380005 0.7968760376
 vertex 25.01129883 1.264380005 -0.9725
 endloop
 endfacet
 facet normal -0.9677173612 0.2520378849 -0.0001160830533
 outer loop 
 vertex 25.00729883 1.249829956 0.7823290405
 vertex 25.00919922 1.257130005 0.7896329956
 vertex 25.01129883 1.264380005 -0.9725
 endloop
 endfacet
 facet normal -0.9743691291 0.2249551072 0
 outer loop 
 vertex 25.00729883 1.249829956 -0.9725
 vertex 25.00559961 1.242469971 0.7749699707
 vertex 25.00729883 1.249829956 0.7823290405
 endloop
 endfacet
 facet normal -0.9801476092 0.1982691359 -0.0001180147658
 outer loop 
 vertex 25.00410156 1.235059937 0.7675640259
 vertex 25.00559961 1.242469971 0.7749699707
 vertex 25.00729883 1.249829956 -0.9725
 endloop
 endfacet
 facet normal -0.9233515942 0.3839555099 0
 outer loop 
 vertex 25.022 1.292599976 -0.9725
 vertex 25.01619922 1.278650024 -0.9725
 vertex 25.01619922 1.278650024 0.811151001
 endloop
 endfacet
 facet normal -0.8993643222 0.4371999725 0
 outer loop 
 vertex 25.022 1.292599976 -0.9725
 vertex 25.022 1.292599976 0.8251029663
 vertex 25.02860156 1.306180054 -0.9725
 endloop
 endfacet
 facet normal -0.9176990715 0.3972762442 0
 outer loop 
 vertex 25.019 1.285670044 0.8181710205
 vertex 25.022 1.292599976 0.8251029663
 vertex 25.022 1.292599976 -0.9725
 endloop
 endfacet
 facet normal -0.9287641949 0.3706710881 -0.0001215004211
 outer loop 
 vertex 25.01619922 1.278650024 0.811151001
 vertex 25.019 1.285670044 0.8181710205
 vertex 25.022 1.292599976 -0.9725
 endloop
 endfacet
 facet normal -0.9433162462 0.3318952541 0
 outer loop 
 vertex 25.01619922 1.278650024 -0.9725
 vertex 25.01370117 1.271550049 0.8040509644
 vertex 25.01619922 1.278650024 0.811151001
 endloop
 endfacet
 facet normal -0.9481739281 0.3177517869 -6.335477605e-05
 outer loop 
 vertex 25.01129883 1.264380005 0.7968760376
 vertex 25.01370117 1.271550049 0.8040509644
 vertex 25.01619922 1.278650024 -0.9725
 endloop
 endfacet
 facet normal -0.8687032935 0.4953328051 0
 outer loop 
 vertex 25.03609961 1.319329956 -0.9725
 vertex 25.02860156 1.306180054 -0.9725
 vertex 25.02860156 1.306180054 0.8386809692
 endloop
 endfacet
 facet normal -0.8927068021 0.4506379539 0
 outer loop 
 vertex 25.02860156 1.306180054 -0.9725
 vertex 25.02519922 1.299440063 0.8319420166
 vertex 25.02860156 1.306180054 0.8386809692
 endloop
 endfacet
 facet normal -0.9057705741 0.4237683936 -0.0001249959904
 outer loop 
 vertex 25.022 1.292599976 0.8251029663
 vertex 25.02519922 1.299440063 0.8319420166
 vertex 25.02860156 1.306180054 -0.9725
 endloop
 endfacet
 facet normal -0.7671005607 0.6415268738 0
 outer loop 
 vertex 25.05319922 1.344179932 -0.9725
 vertex 25.05319922 1.344179932 0.8766799927
 vertex 25.06290039 1.355780029 -0.9725
 endloop
 endfacet
 facet normal -0.7299250879 0.6835271509 0
 outer loop 
 vertex 25.07320117 1.366780029 -0.9725
 vertex 25.06290039 1.355780029 -0.9725
 vertex 25.06290039 1.355780029 0.8882810059
 endloop
 endfacet
 facet normal -0.7599852573 0.6499403116 0
 outer loop 
 vertex 25.06290039 1.355780029 -0.9725
 vertex 25.058 1.350049927 0.8825529785
 vertex 25.06290039 1.355780029 0.8882810059
 endloop
 endfacet
 facet normal -0.7740391413 0.6331377415 -8.902709148e-05
 outer loop 
 vertex 25.05319922 1.344179932 0.8766799927
 vertex 25.058 1.350049927 0.8825529785
 vertex 25.06290039 1.355780029 -0.9725
 endloop
 endfacet
 facet normal -0.8070005687 0.5905506601 0
 outer loop 
 vertex 25.05319922 1.344179932 -0.9725
 vertex 25.04430078 1.33202002 -0.9725
 vertex 25.04430078 1.33202002 0.8645159912
 endloop
 endfacet
 facet normal -0.8195362263 0.5730273489 -0.0001767157673
 outer loop 
 vertex 25.04430078 1.33202002 0.8645159912
 vertex 25.04859961 1.338170044 0.8706660156
 vertex 25.05319922 1.344179932 -0.9725
 endloop
 endfacet
 facet normal -0.7941146613 0.6077679694 0
 outer loop 
 vertex 25.04859961 1.338170044 0.8706660156
 vertex 25.05319922 1.344179932 0.8766799927
 vertex 25.05319922 1.344179932 -0.9725
 endloop
 endfacet
 facet normal -0.8398732664 0.5427825498 0
 outer loop 
 vertex 25.03609961 1.319329956 -0.9725
 vertex 25.03609961 1.319329956 0.8518339844
 vertex 25.04430078 1.33202002 -0.9725
 endloop
 endfacet
 facet normal -0.8483126379 0.5294956576 -0.0001303622277
 outer loop 
 vertex 25.03609961 1.319329956 0.8518339844
 vertex 25.04009961 1.32573999 0.8582369995
 vertex 25.04430078 1.33202002 -0.9725
 endloop
 endfacet
 facet normal -0.831164381 0.5560267725 0
 outer loop 
 vertex 25.04430078 1.33202002 -0.9725
 vertex 25.04009961 1.32573999 0.8582369995
 vertex 25.04430078 1.33202002 0.8645159912
 endloop
 endfacet
 facet normal -0.8581669993 0.5133706276 0
 outer loop 
 vertex 25.03219922 1.312809937 0.8453140259
 vertex 25.03609961 1.319329956 0.8518339844
 vertex 25.03609961 1.319329956 -0.9725
 endloop
 endfacet
 facet normal -0.8788592837 0.4770810507 -0.0001745595193
 outer loop 
 vertex 25.02860156 1.306180054 0.8386809692
 vertex 25.03219922 1.312809937 0.8453140259
 vertex 25.03609961 1.319329956 -0.9725
 endloop
 endfacet
 facet normal -0.685325114 0.7282372471 0
 outer loop 
 vertex 25.07320117 1.366780029 -0.9725
 vertex 25.07320117 1.366780029 0.8992769775
 vertex 25.08419922 1.377130005 -0.9725
 endloop
 endfacet
 facet normal -0.7215249937 0.6923883906 0
 outer loop 
 vertex 25.068 1.361359985 0.8938569946
 vertex 25.07320117 1.366780029 0.8992769775
 vertex 25.07320117 1.366780029 -0.9725
 endloop
 endfacet
 facet normal -0.7381162064 0.6746735925 -9.768159765e-05
 outer loop 
 vertex 25.06290039 1.355780029 0.8882810059
 vertex 25.068 1.361359985 0.8938569946
 vertex 25.07320117 1.366780029 -0.9725
 endloop
 endfacet
 facet normal -0.6402654853 0.7681537009 0
 outer loop 
 vertex 25.09580078 1.386800049 -0.9725
 vertex 25.08419922 1.377130005 -0.9725
 vertex 25.08419922 1.377130005 0.9096279907
 endloop
 endfacet
 facet normal -0.6726302382 0.7399787583 0
 outer loop 
 vertex 25.08419922 1.377130005 -0.9725
 vertex 25.07859961 1.372040039 0.9045349731
 vertex 25.08419922 1.377130005 0.9096279907
 endloop
 endfacet
 facet normal -0.6977946975 0.7162978017 -0.0001392869103
 outer loop 
 vertex 25.07320117 1.366780029 0.8992769775
 vertex 25.07859961 1.372040039 0.9045349731
 vertex 25.08419922 1.377130005 -0.9725
 endloop
 endfacet
 facet normal -0.5915294415 0.8062833992 0
 outer loop 
 vertex 25.09580078 1.386800049 -0.9725
 vertex 25.09580078 1.386800049 0.9192960205
 vertex 25.108 1.39575 -0.9725
 endloop
 endfacet
 facet normal -0.653398675 0.7570139711 -0.000138187838
 outer loop 
 vertex 25.08419922 1.377130005 0.9096279907
 vertex 25.08989844 1.382050049 0.9145490112
 vertex 25.09580078 1.386800049 -0.9725
 endloop
 endfacet
 facet normal -0.6269559835 0.7790546802 0
 outer loop 
 vertex 25.08989844 1.382050049 0.9145490112
 vertex 25.09580078 1.386800049 0.9192960205
 vertex 25.09580078 1.386800049 -0.9725
 endloop
 endfacet
 facet normal -0.5423905748 0.8401264556 -5.446791846e-05
 outer loop 
 vertex 25.12070117 1.403949951 -0.9725
 vertex 25.108 1.39575 -0.9725
 vertex 25.11429883 1.399940063 0.932440979
 endloop
 endfacet
 facet normal -0.577921029 0.8160926934 0
 outer loop 
 vertex 25.108 1.39575 -0.9725
 vertex 25.10180078 1.391359985 0.9238629761
 vertex 25.108 1.39575 0.9282460327
 endloop
 endfacet
 facet normal -0.6050129889 0.7962155896 -0.0001345785413
 outer loop 
 vertex 25.09580078 1.386800049 0.9192960205
 vertex 25.10180078 1.391359985 0.9238629761
 vertex 25.108 1.39575 -0.9725
 endloop
 endfacet
 facet normal -0.5538620935 0.8326084202 0
 outer loop 
 vertex 25.11429883 1.399940063 0.932440979
 vertex 25.108 1.39575 -0.9725
 vertex 25.108 1.39575 0.9282460327
 endloop
 endfacet
 facet normal -0.4923546919 0.8703946543 -5.656677265e-05
 outer loop 
 vertex 25.13380078 1.411359985 -0.9725
 vertex 25.12070117 1.403949951 -0.9725
 vertex 25.12719922 1.40775 0.9402539673
 endloop
 endfacet
 facet normal -0.504814465 0.8632278702 0
 outer loop 
 vertex 25.12719922 1.40775 0.9402539673
 vertex 25.12070117 1.403949951 -0.9725
 vertex 25.12070117 1.403949951 0.9364450073
 endloop
 endfacet
 facet normal -0.5308004702 0.8474968206 0
 outer loop 
 vertex 25.12070117 1.403949951 0.9364450073
 vertex 25.12070117 1.403949951 -0.9725
 vertex 25.11429883 1.399940063 0.932440979
 endloop
 endfacet
 facet normal -0.437142643 0.8993921877 -4.943316522e-05
 outer loop 
 vertex 25.14740039 1.417969971 -0.9725
 vertex 25.13380078 1.411359985 -0.9725
 vertex 25.14059961 1.41477002 0.9472719727
 endloop
 endfacet
 facet normal -0.3839473942 0.9233549667 -6.265824621e-05
 outer loop 
 vertex 25.16130078 1.42375 -0.9725
 vertex 25.14740039 1.417969971 -0.9725
 vertex 25.15430078 1.420969971 0.9534699707
 endloop
 endfacet
 facet normal -0.4257516703 0.9048400495 0
 outer loop 
 vertex 25.14740039 1.417969971 0.9504749756
 vertex 25.14740039 1.417969971 -0.9725
 vertex 25.14059961 1.41477002 0.9472719727
 endloop
 endfacet
 facet normal -0.3987071281 0.9170783096 0
 outer loop 
 vertex 25.15430078 1.420969971 0.9534699707
 vertex 25.14740039 1.417969971 -0.9725
 vertex 25.14740039 1.417969971 0.9504749756
 endloop
 endfacet
 facet normal -0.4483302608 0.8938679865 0
 outer loop 
 vertex 25.14059961 1.41477002 0.9472719727
 vertex 25.13380078 1.411359985 -0.9725
 vertex 25.13380078 1.411359985 0.9438640137
 endloop
 endfacet
 facet normal -0.4797873642 0.8773847988 0
 outer loop 
 vertex 25.13380078 1.411359985 0.9438640137
 vertex 25.13380078 1.411359985 -0.9725
 vertex 25.12719922 1.40775 0.9402539673
 endloop
 endfacet
 facet normal -0.3259493933 0.9453872167 -5.979366502e-05
 outer loop 
 vertex 25.17559961 1.428679932 -0.9725
 vertex 25.16130078 1.42375 -0.9725
 vertex 25.16840039 1.426319946 0.9588250122
 endloop
 endfacet
 facet normal -0.3403706008 0.9402913666 0
 outer loop 
 vertex 25.16840039 1.426319946 0.9588250122
 vertex 25.16130078 1.42375 -0.9725
 vertex 25.16130078 1.42375 0.9562540283
 endloop
 endfacet
 facet normal -0.3691037706 0.9293881893 0
 outer loop 
 vertex 25.16130078 1.42375 0.9562540283
 vertex 25.16130078 1.42375 -0.9725
 vertex 25.15430078 1.420969971 0.9534699707
 endloop
 endfacet
 facet normal -0.2678931058 0.9634486394 -5.473925632e-05
 outer loop 
 vertex 25.19020117 1.43273999 -0.9725
 vertex 25.17559961 1.428679932 -0.9725
 vertex 25.18290039 1.430819946 0.9633179932
 endloop
 endfacet
 facet normal -0.28128623 0.9596239143 0
 outer loop 
 vertex 25.18290039 1.430819946 0.9633179932
 vertex 25.17559961 1.428679932 -0.9725
 vertex 25.17559961 1.428679932 0.9611799927
 endloop
 endfacet
 facet normal -0.3115012993 0.9502457264 0
 outer loop 
 vertex 25.17559961 1.428679932 0.9611799927
 vertex 25.17559961 1.428679932 -0.9725
 vertex 25.16840039 1.426319946 0.9588250122
 endloop
 endfacet
 facet normal -0.2101777739 0.9776631831 -6.097733274e-05
 outer loop 
 vertex 25.20490039 1.435900024 -0.9725
 vertex 25.19020117 1.43273999 -0.9725
 vertex 25.1975 1.434430054 0.9669320068
 endloop
 endfacet
 facet normal -0.2255841411 0.9742236885 0
 outer loop 
 vertex 25.1975 1.434430054 0.9669320068
 vertex 25.19020117 1.43273999 -0.9725
 vertex 25.19020117 1.43273999 0.9652349854
 endloop
 endfacet
 facet normal -0.254342862 0.9671141135 0
 outer loop 
 vertex 25.19020117 1.43273999 0.9652349854
 vertex 25.19020117 1.43273999 -0.9725
 vertex 25.18290039 1.430819946 0.9633179932
 endloop
 endfacet
 facet normal -0.03044765398 0.9995363608 -6.24794397e-05
 outer loop 
 vertex 25.25 1.44 -0.9725
 vertex 25.23490039 1.439540039 -0.9725
 vertex 25.24239844 1.439890015 0.9723859863
 endloop
 endfacet
 facet normal -0.01446726787 0.9998953436 0
 outer loop 
 vertex 25.25 1.44 0.9725
 vertex 25.25 1.44 -0.9725
 vertex 25.24239844 1.439890015 0.9723859863
 endloop
 endfacet
 facet normal 0 1 0
 outer loop 
 vertex 25.25 1.44 0.9725
 vertex 29.214 1.44 0.9725
 vertex 25.25 1.44 -0.9725
 endloop
 endfacet
 facet normal 0 1 0
 outer loop 
 vertex 26.241 1.44 -0.9725
 vertex 25.25 1.44 -0.9725
 vertex 29.214 1.44 0
 endloop
 endfacet
 facet normal 0 1 0
 outer loop 
 vertex 25.25 1.44 -0.9725
 vertex 29.214 1.44 0.9725
 vertex 29.214 1.44 0
 endloop
 endfacet
 facet normal -0.09030336237 0.9959143033 -5.634642481e-05
 outer loop 
 vertex 25.23490039 1.439540039 -0.9725
 vertex 25.21990039 1.438179932 -0.9725
 vertex 25.22740039 1.438969971 0.971473999
 endloop
 endfacet
 facet normal -0.04662480559 0.9989124724 0
 outer loop 
 vertex 25.24239844 1.439890015 0.9723859863
 vertex 25.23490039 1.439540039 -0.9725
 vertex 25.23490039 1.439540039 0.9720440063
 endloop
 endfacet
 facet normal -0.07579049444 0.9971237641 0
 outer loop 
 vertex 25.23490039 1.439540039 0.9720440063
 vertex 25.23490039 1.439540039 -0.9725
 vertex 25.22740039 1.438969971 0.971473999
 endloop
 endfacet
 facet normal -0.1502679713 0.9886453023 -5.601864749e-05
 outer loop 
 vertex 25.21990039 1.438179932 -0.9725
 vertex 25.20490039 1.435900024 -0.9725
 vertex 25.21240039 1.437150024 0.9696540527
 endloop
 endfacet
 facet normal -0.1360442577 0.9907027606 0
 outer loop 
 vertex 25.21990039 1.438179932 0.970677002
 vertex 25.21990039 1.438179932 -0.9725
 vertex 25.21240039 1.437150024 0.9696540527
 endloop
 endfacet
 facet normal -0.1047589316 0.9944976452 0
 outer loop 
 vertex 25.22740039 1.438969971 0.971473999
 vertex 25.21990039 1.438179932 -0.9725
 vertex 25.21990039 1.438179932 0.970677002
 endloop
 endfacet
 facet normal -0.1643989873 0.9863939238 0
 outer loop 
 vertex 25.21240039 1.437150024 0.9696540527
 vertex 25.20490039 1.435900024 -0.9725
 vertex 25.20490039 1.435900024 0.9684050293
 endloop
 endfacet
 facet normal -0.1948278663 0.9808374496 0
 outer loop 
 vertex 25.20490039 1.435900024 0.9684050293
 vertex 25.20490039 1.435900024 -0.9725
 vertex 25.1975 1.434430054 0.9669320068
 endloop
 endfacet
 facet normal -0.8481104675 0 0.5298194362
 outer loop 
 vertex 25.04009961 1.32573999 0.8582369995
 vertex 25.03609961 1.319329956 0.8518339844
 vertex 25.03609961 0.3706659851 0.8518339844
 endloop
 endfacet
 facet normal -0.8581648821 0 0.5133741668
 outer loop 
 vertex 25.03609961 0.3706659851 0.8518339844
 vertex 25.03609961 1.319329956 0.8518339844
 vertex 25.03219922 1.312809937 0.8453140259
 endloop
 endfacet
 facet normal -0.8311219171 0 0.5560902435
 outer loop 
 vertex 25.04430078 0.3579840088 0.8645159912
 vertex 25.04430078 1.33202002 0.8645159912
 vertex 25.04009961 1.32573999 0.8582369995
 endloop
 endfacet
 facet normal -0.8311219171 0 0.5560902435
 outer loop 
 vertex 25.04009961 0.3642630005 0.8582369995
 vertex 25.04430078 0.3579840088 0.8645159912
 vertex 25.04009961 1.32573999 0.8582369995
 endloop
 endfacet
 facet normal -0.8481104675 0 0.5298194362
 outer loop 
 vertex 25.04009961 0.3642630005 0.8582369995
 vertex 25.04009961 1.32573999 0.8582369995
 vertex 25.03609961 0.3706659851 0.8518339844
 endloop
 endfacet
 facet normal -0.8196192276 0 0.5729086505
 outer loop 
 vertex 25.04859961 1.338170044 0.8706660156
 vertex 25.04430078 1.33202002 0.8645159912
 vertex 25.04430078 0.3579840088 0.8645159912
 endloop
 endfacet
 facet normal -0.8790281786 0 0.47676982
 outer loop 
 vertex 25.03219922 1.312809937 0.8453140259
 vertex 25.02860156 1.306180054 0.8386809692
 vertex 25.02860156 0.3838190002 0.8386809692
 endloop
 endfacet
 facet normal -0.8581648821 0 0.5133741668
 outer loop 
 vertex 25.03219922 0.3771860046 0.8453140259
 vertex 25.03609961 0.3706659851 0.8518339844
 vertex 25.03219922 1.312809937 0.8453140259
 endloop
 endfacet
 facet normal -0.8790281786 0 0.47676982
 outer loop 
 vertex 25.03219922 0.3771860046 0.8453140259
 vertex 25.03219922 1.312809937 0.8453140259
 vertex 25.02860156 0.3838190002 0.8386809692
 endloop
 endfacet
 facet normal -0.8926788886 0 0.4506932458
 outer loop 
 vertex 25.02860156 1.306180054 0.8386809692
 vertex 25.02519922 1.299440063 0.8319420166
 vertex 25.02519922 0.3905580139 0.8319420166
 endloop
 endfacet
 facet normal -0.8926788886 0 0.4506932458
 outer loop 
 vertex 25.02860156 0.3838190002 0.8386809692
 vertex 25.02860156 1.306180054 0.8386809692
 vertex 25.02519922 0.3905580139 0.8319420166
 endloop
 endfacet
 facet normal -0.7943141269 0 0.6075072575
 outer loop 
 vertex 25.05319922 1.344179932 0.8766799927
 vertex 25.04859961 1.338170044 0.8706660156
 vertex 25.04859961 0.3518339844 0.8706660156
 endloop
 endfacet
 facet normal -0.8196192276 0 0.5729086505
 outer loop 
 vertex 25.04859961 0.3518339844 0.8706660156
 vertex 25.04859961 1.338170044 0.8706660156
 vertex 25.04430078 0.3579840088 0.8645159912
 endloop
 endfacet
 facet normal -0.1642740179 0 0.9864147439
 outer loop 
 vertex 25.21240039 1.437150024 0.9696540527
 vertex 25.20490039 1.435900024 0.9684050293
 vertex 25.21240039 0.2528460083 0.9696540527
 endloop
 endfacet
 facet normal -0.195216943 0 0.9807600854
 outer loop 
 vertex 25.20490039 1.435900024 0.9684050293
 vertex 25.1975 1.434430054 0.9669320068
 vertex 25.20490039 0.254094986 0.9684050293
 endloop
 endfacet
 facet normal -0.1642740179 0 0.9864147439
 outer loop 
 vertex 25.21240039 0.2528460083 0.9696540527
 vertex 25.20490039 1.435900024 0.9684050293
 vertex 25.20490039 0.254094986 0.9684050293
 endloop
 endfacet
 facet normal -0.1351419907 0 0.9908262423
 outer loop 
 vertex 25.21990039 1.438179932 0.970677002
 vertex 25.21240039 1.437150024 0.9696540527
 vertex 25.21990039 0.2518230133 0.970677002
 endloop
 endfacet
 facet normal -0.1351419907 0 0.9908262423
 outer loop 
 vertex 25.21990039 0.2518230133 0.970677002
 vertex 25.21240039 1.437150024 0.9696540527
 vertex 25.21240039 0.2528460083 0.9696540527
 endloop
 endfacet
 facet normal -0.04556184388 0 0.99896152
 outer loop 
 vertex 25.24239844 1.439890015 0.9723859863
 vertex 25.23490039 1.439540039 0.9720440063
 vertex 25.24239844 0.2501139984 0.9723859863
 endloop
 endfacet
 facet normal -0.07578242643 0 0.9971243773
 outer loop 
 vertex 25.23490039 1.439540039 0.9720440063
 vertex 25.22740039 1.438969971 0.971473999
 vertex 25.22740039 0.251026001 0.971473999
 endloop
 endfacet
 facet normal -0.07578242643 0 0.9971243773
 outer loop 
 vertex 25.23490039 0.2504560089 0.9720440063
 vertex 25.23490039 1.439540039 0.9720440063
 vertex 25.22740039 0.251026001 0.971473999
 endloop
 endfacet
 facet normal -0.04556184388 0 0.99896152
 outer loop 
 vertex 25.24239844 0.2501139984 0.9723859863
 vertex 25.23490039 1.439540039 0.9720440063
 vertex 25.23490039 0.2504560089 0.9720440063
 endloop
 endfacet
 facet normal -0.01499702853 0 0.9998875382
 outer loop 
 vertex 25.25 0.25 0.9725
 vertex 25.25 1.44 0.9725
 vertex 25.24239844 1.439890015 0.9723859863
 endloop
 endfacet
 facet normal -0.01499702853 0 0.9998875382
 outer loop 
 vertex 25.25 0.25 0.9725
 vertex 25.24239844 1.439890015 0.9723859863
 vertex 25.24239844 0.2501139984 0.9723859863
 endloop
 endfacet
 facet normal 0 0 1
 outer loop 
 vertex 25.25 1.44 0.9725
 vertex 25.25 0.25 0.9725
 vertex 29.214 1.44 0.9725
 endloop
 endfacet
 facet normal -0.1056713033 0 0.9944011141
 outer loop 
 vertex 25.22740039 1.438969971 0.971473999
 vertex 25.21990039 1.438179932 0.970677002
 vertex 25.21990039 0.2518230133 0.970677002
 endloop
 endfacet
 facet normal -0.1056713033 0 0.9944011141
 outer loop 
 vertex 25.22740039 0.251026001 0.971473999
 vertex 25.22740039 1.438969971 0.971473999
 vertex 25.21990039 0.2518230133 0.970677002
 endloop
 endfacet
 facet normal -0.2264653345 0 0.9740192258
 outer loop 
 vertex 25.1975 1.434430054 0.9669320068
 vertex 25.19020117 1.43273999 0.9652349854
 vertex 25.1975 0.2555679932 0.9669320068
 endloop
 endfacet
 facet normal -0.195216943 0 0.9807600854
 outer loop 
 vertex 25.20490039 0.254094986 0.9684050293
 vertex 25.1975 1.434430054 0.9669320068
 vertex 25.1975 0.2555679932 0.9669320068
 endloop
 endfacet
 facet normal -0.2539646974 0 0.9672134886
 outer loop 
 vertex 25.19020117 1.43273999 0.9652349854
 vertex 25.18290039 1.430819946 0.9633179932
 vertex 25.19020117 0.2572650146 0.9652349854
 endloop
 endfacet
 facet normal -0.2264653345 0 0.9740192258
 outer loop 
 vertex 25.1975 0.2555679932 0.9669320068
 vertex 25.19020117 1.43273999 0.9652349854
 vertex 25.19020117 0.2572650146 0.9652349854
 endloop
 endfacet
 facet normal -0.281042406 0 0.9596953506
 outer loop 
 vertex 25.18290039 1.430819946 0.9633179932
 vertex 25.17559961 1.428679932 0.9611799927
 vertex 25.18290039 0.2591820068 0.9633179932
 endloop
 endfacet
 facet normal -0.2539646974 0 0.9672134886
 outer loop 
 vertex 25.19020117 0.2572650146 0.9652349854
 vertex 25.18290039 1.430819946 0.9633179932
 vertex 25.18290039 0.2591820068 0.9633179932
 endloop
 endfacet
 facet normal -0.3109046072 0 0.9504411214
 outer loop 
 vertex 25.17559961 1.428679932 0.9611799927
 vertex 25.16840039 1.426319946 0.9588250122
 vertex 25.16840039 0.2636750183 0.9588250122
 endloop
 endfacet
 facet normal -0.281042406 0 0.9596953506
 outer loop 
 vertex 25.18290039 0.2591820068 0.9633179932
 vertex 25.17559961 1.428679932 0.9611799927
 vertex 25.17559961 0.2613200073 0.9611799927
 endloop
 endfacet
 facet normal -0.3109046072 0 0.9504411214
 outer loop 
 vertex 25.17559961 0.2613200073 0.9611799927
 vertex 25.17559961 1.428679932 0.9611799927
 vertex 25.16840039 0.2636750183 0.9588250122
 endloop
 endfacet
 facet normal -0.3404920938 0 0.9402473792
 outer loop 
 vertex 25.16840039 1.426319946 0.9588250122
 vertex 25.16130078 1.42375 0.9562540283
 vertex 25.16130078 0.2662460022 0.9562540283
 endloop
 endfacet
 facet normal -0.3404920938 0 0.9402473792
 outer loop 
 vertex 25.16840039 0.2636750183 0.9588250122
 vertex 25.16840039 1.426319946 0.9588250122
 vertex 25.16130078 0.2662460022 0.9562540283
 endloop
 endfacet
 facet normal -0.4260840191 0 0.9046835959
 outer loop 
 vertex 25.14740039 1.417969971 0.9504749756
 vertex 25.14059961 1.41477002 0.9472719727
 vertex 25.14059961 0.2752279968 0.9472719727
 endloop
 endfacet
 facet normal -0.3981474836 0 0.9173214166
 outer loop 
 vertex 25.15430078 1.420969971 0.9534699707
 vertex 25.14740039 1.417969971 0.9504749756
 vertex 25.14740039 0.2720249939 0.9504749756
 endloop
 endfacet
 facet normal -0.4260840191 0 0.9046835959
 outer loop 
 vertex 25.14740039 0.2720249939 0.9504749756
 vertex 25.14740039 1.417969971 0.9504749756
 vertex 25.14059961 0.2752279968 0.9472719727
 endloop
 endfacet
 facet normal -0.4481122265 0 0.8939773109
 outer loop 
 vertex 25.14059961 1.41477002 0.9472719727
 vertex 25.13380078 1.411359985 0.9438640137
 vertex 25.13380078 0.2786360168 0.9438640137
 endloop
 endfacet
 facet normal -0.4481122265 0 0.8939773109
 outer loop 
 vertex 25.14059961 0.2752279968 0.9472719727
 vertex 25.14059961 1.41477002 0.9472719727
 vertex 25.13380078 0.2786360168 0.9438640137
 endloop
 endfacet
 facet normal -0.4797936087 0 0.877381384
 outer loop 
 vertex 25.13380078 1.411359985 0.9438640137
 vertex 25.12719922 1.40775 0.9402539673
 vertex 25.13380078 0.2786360168 0.9438640137
 endloop
 endfacet
 facet normal -0.3695656077 0 0.9292046393
 outer loop 
 vertex 25.16130078 1.42375 0.9562540283
 vertex 25.15430078 1.420969971 0.9534699707
 vertex 25.15430078 0.2690299988 0.9534699707
 endloop
 endfacet
 facet normal -0.3981474836 0 0.9173214166
 outer loop 
 vertex 25.15430078 0.2690299988 0.9534699707
 vertex 25.15430078 1.420969971 0.9534699707
 vertex 25.14740039 0.2720249939 0.9504749756
 endloop
 endfacet
 facet normal -0.3695656077 0 0.9292046393
 outer loop 
 vertex 25.16130078 0.2662460022 0.9562540283
 vertex 25.16130078 1.42375 0.9562540283
 vertex 25.15430078 0.2690299988 0.9534699707
 endloop
 endfacet
 facet normal -0.5056957919 0 0.8627118673
 outer loop 
 vertex 25.12719922 1.40775 0.9402539673
 vertex 25.12070117 1.403949951 0.9364450073
 vertex 25.12719922 0.2822460022 0.9402539673
 endloop
 endfacet
 facet normal -0.4797936087 0 0.877381384
 outer loop 
 vertex 25.13380078 0.2786360168 0.9438640137
 vertex 25.12719922 1.40775 0.9402539673
 vertex 25.12719922 0.2822460022 0.9402539673
 endloop
 endfacet
 facet normal -0.577310493 0 0.8165247055
 outer loop 
 vertex 25.108 1.39575 0.9282460327
 vertex 25.10180078 1.391359985 0.9238629761
 vertex 25.108 0.2942539978 0.9282460327
 endloop
 endfacet
 facet normal -0.6056678181 0 0.795717597
 outer loop 
 vertex 25.10180078 1.391359985 0.9238629761
 vertex 25.09580078 1.386800049 0.9192960205
 vertex 25.09580078 0.30320401 0.9192960205
 endloop
 endfacet
 facet normal -0.6056678181 0 0.795717597
 outer loop 
 vertex 25.10180078 0.2986369934 0.9238629761
 vertex 25.10180078 1.391359985 0.9238629761
 vertex 25.09580078 0.30320401 0.9192960205
 endloop
 endfacet
 facet normal -0.577310493 0 0.8165247055
 outer loop 
 vertex 25.108 0.2942539978 0.9282460327
 vertex 25.10180078 1.391359985 0.9238629761
 vertex 25.10180078 0.2986369934 0.9238629761
 endloop
 endfacet
 facet normal -0.5543092914 0 0.8323107649
 outer loop 
 vertex 25.11429883 1.399940063 0.932440979
 vertex 25.108 1.39575 0.9282460327
 vertex 25.11429883 0.2900589905 0.932440979
 endloop
 endfacet
 facet normal -0.5543092914 0 0.8323107649
 outer loop 
 vertex 25.11429883 0.2900589905 0.932440979
 vertex 25.108 1.39575 0.9282460327
 vertex 25.108 0.2942539978 0.9282460327
 endloop
 endfacet
 facet normal -0.5302430346 0 0.847845696
 outer loop 
 vertex 25.12070117 1.403949951 0.9364450073
 vertex 25.11429883 1.399940063 0.932440979
 vertex 25.12070117 0.2860549927 0.9364450073
 endloop
 endfacet
 facet normal -0.5302430346 0 0.847845696
 outer loop 
 vertex 25.12070117 0.2860549927 0.9364450073
 vertex 25.11429883 1.399940063 0.932440979
 vertex 25.11429883 0.2900589905 0.932440979
 endloop
 endfacet
 facet normal -0.6535413601 0 0.756890805
 outer loop 
 vertex 25.08989844 1.382050049 0.9145490112
 vertex 25.08419922 1.377130005 0.9096279907
 vertex 25.08419922 0.3128719788 0.9096279907
 endloop
 endfacet
 facet normal -0.6728509743 0 0.7397780521
 outer loop 
 vertex 25.08419922 1.377130005 0.9096279907
 vertex 25.07859961 1.372040039 0.9045349731
 vertex 25.07859961 0.3179649963 0.9045349731
 endloop
 endfacet
 facet normal -0.6728509743 0 0.7397780521
 outer loop 
 vertex 25.08419922 0.3128719788 0.9096279907
 vertex 25.08419922 1.377130005 0.9096279907
 vertex 25.07859961 0.3179649963 0.9045349731
 endloop
 endfacet
 facet normal -0.6267163119 0 0.7792474988
 outer loop 
 vertex 25.09580078 0.30320401 0.9192960205
 vertex 25.09580078 1.386800049 0.9192960205
 vertex 25.08989844 1.382050049 0.9145490112
 endloop
 endfacet
 facet normal -0.6535413601 0 0.756890805
 outer loop 
 vertex 25.08989844 0.3079509888 0.9145490112
 vertex 25.08989844 1.382050049 0.9145490112
 vertex 25.08419922 0.3128719788 0.9096279907
 endloop
 endfacet
 facet normal -0.6267163119 0 0.7792474988
 outer loop 
 vertex 25.08989844 0.3079509888 0.9145490112
 vertex 25.09580078 0.30320401 0.9192960205
 vertex 25.08989844 1.382050049 0.9145490112
 endloop
 endfacet
 facet normal -0.6977271795 0 0.7163635829
 outer loop 
 vertex 25.07859961 1.372040039 0.9045349731
 vertex 25.07320117 1.366780029 0.8992769775
 vertex 25.07320117 0.3232229919 0.8992769775
 endloop
 endfacet
 facet normal -0.6977271795 0 0.7163635829
 outer loop 
 vertex 25.07859961 0.3179649963 0.9045349731
 vertex 25.07859961 1.372040039 0.9045349731
 vertex 25.07320117 0.3232229919 0.8992769775
 endloop
 endfacet
 facet normal -0.5056957919 0 0.8627118673
 outer loop 
 vertex 25.12719922 0.2822460022 0.9402539673
 vertex 25.12070117 1.403949951 0.9364450073
 vertex 25.12070117 0.2860549927 0.9364450073
 endloop
 endfacet
 facet normal -0.7215210985 0 0.6923924497
 outer loop 
 vertex 25.07320117 1.366780029 0.8992769775
 vertex 25.068 1.361359985 0.8938569946
 vertex 25.068 0.3286430054 0.8938569946
 endloop
 endfacet
 facet normal -0.7215210985 0 0.6923924497
 outer loop 
 vertex 25.07320117 0.3232229919 0.8992769775
 vertex 25.07320117 1.366780029 0.8992769775
 vertex 25.068 0.3286430054 0.8938569946
 endloop
 endfacet
 facet normal -0.7379258266 0 0.6748818226
 outer loop 
 vertex 25.068 1.361359985 0.8938569946
 vertex 25.06290039 1.355780029 0.8882810059
 vertex 25.06290039 0.3342189941 0.8882810059
 endloop
 endfacet
 facet normal -0.7379258266 0 0.6748818226
 outer loop 
 vertex 25.068 0.3286430054 0.8938569946
 vertex 25.068 1.361359985 0.8938569946
 vertex 25.06290039 0.3342189941 0.8882810059
 endloop
 endfacet
 facet normal -0.7598689559 0 0.65007628
 outer loop 
 vertex 25.06290039 0.3342189941 0.8882810059
 vertex 25.06290039 1.355780029 0.8882810059
 vertex 25.058 1.350049927 0.8825529785
 endloop
 endfacet
 facet normal -0.7742407945 0 0.6328911376
 outer loop 
 vertex 25.058 1.350049927 0.8825529785
 vertex 25.05319922 1.344179932 0.8766799927
 vertex 25.05319922 0.3458200073 0.8766799927
 endloop
 endfacet
 facet normal -0.7598689559 0 0.65007628
 outer loop 
 vertex 25.058 0.339946991 0.8825529785
 vertex 25.06290039 0.3342189941 0.8882810059
 vertex 25.058 1.350049927 0.8825529785
 endloop
 endfacet
 facet normal -0.7742407945 0 0.6328911376
 outer loop 
 vertex 25.058 0.339946991 0.8825529785
 vertex 25.058 1.350049927 0.8825529785
 vertex 25.05319922 0.3458200073 0.8766799927
 endloop
 endfacet
 facet normal -0.7943141269 0 0.6075072575
 outer loop 
 vertex 25.05319922 0.3458200073 0.8766799927
 vertex 25.05319922 1.344179932 0.8766799927
 vertex 25.04859961 0.3518339844 0.8706660156
 endloop
 endfacet
 facet normal -0.917741153 0 0.3971790228
 outer loop 
 vertex 25.022 1.292599976 0.8251029663
 vertex 25.019 1.285670044 0.8181710205
 vertex 25.019 0.40432901 0.8181710205
 endloop
 endfacet
 facet normal -0.9288060262 0 0.3705662771
 outer loop 
 vertex 25.019 1.285670044 0.8181710205
 vertex 25.01619922 1.278650024 0.811151001
 vertex 25.01619922 0.411348999 0.811151001
 endloop
 endfacet
 facet normal -0.9288060262 0 0.3705662771
 outer loop 
 vertex 25.019 0.40432901 0.8181710205
 vertex 25.019 1.285670044 0.8181710205
 vertex 25.01619922 0.411348999 0.811151001
 endloop
 endfacet
 facet normal -0.9057938806 0 0.4237185928
 outer loop 
 vertex 25.02519922 1.299440063 0.8319420166
 vertex 25.022 1.292599976 0.8251029663
 vertex 25.022 0.3973970032 0.8251029663
 endloop
 endfacet
 facet normal -0.9057938806 0 0.4237185928
 outer loop 
 vertex 25.02519922 0.3905580139 0.8319420166
 vertex 25.02519922 1.299440063 0.8319420166
 vertex 25.022 0.3973970032 0.8251029663
 endloop
 endfacet
 facet normal -0.917741153 0 0.3971790228
 outer loop 
 vertex 25.022 0.3973970032 0.8251029663
 vertex 25.022 1.292599976 0.8251029663
 vertex 25.019 0.40432901 0.8181710205
 endloop
 endfacet
 facet normal -0.9433171395 0 0.3318927152
 outer loop 
 vertex 25.01619922 1.278650024 0.811151001
 vertex 25.01370117 1.271550049 0.8040509644
 vertex 25.01370117 0.4184490051 0.8040509644
 endloop
 endfacet
 facet normal -0.9433171395 0 0.3318927152
 outer loop 
 vertex 25.01619922 0.411348999 0.811151001
 vertex 25.01619922 1.278650024 0.811151001
 vertex 25.01370117 0.4184490051 0.8040509644
 endloop
 endfacet
 facet normal -0.9482581422 0 0.3175003869
 outer loop 
 vertex 25.01370117 1.271550049 0.8040509644
 vertex 25.01129883 1.264380005 0.7968760376
 vertex 25.01129883 0.4256240234 0.7968760376
 endloop
 endfacet
 facet normal -0.9482581422 0 0.3175003869
 outer loop 
 vertex 25.01370117 0.4184490051 0.8040509644
 vertex 25.01370117 1.271550049 0.8040509644
 vertex 25.01129883 0.4256240234 0.7968760376
 endloop
 endfacet
 facet normal -0.960460093 0 0.2784176894
 outer loop 
 vertex 25.01129883 1.264380005 0.7968760376
 vertex 25.00919922 1.257130005 0.7896329956
 vertex 25.01129883 0.4256240234 0.7968760376
 endloop
 endfacet
 facet normal -0.9677785321 0 0.2518029246
 outer loop 
 vertex 25.00919922 1.257130005 0.7896329956
 vertex 25.00729883 1.249829956 0.7823290405
 vertex 25.00729883 0.44017099 0.7823290405
 endloop
 endfacet
 facet normal -0.9677785321 0 0.2518029246
 outer loop 
 vertex 25.00919922 1.257130005 0.7896329956
 vertex 25.00729883 0.44017099 0.7823290405
 vertex 25.00919922 0.4328670044 0.7896329956
 endloop
 endfacet
 facet normal -0.960460093 0 0.2784176894
 outer loop 
 vertex 25.01129883 0.4256240234 0.7968760376
 vertex 25.00919922 1.257130005 0.7896329956
 vertex 25.00919922 0.4328670044 0.7896329956
 endloop
 endfacet
 facet normal -0.9743629945 0 0.2249816769
 outer loop 
 vertex 25.00729883 1.249829956 0.7823290405
 vertex 25.00559961 1.242469971 0.7749699707
 vertex 25.00729883 0.44017099 0.7823290405
 endloop
 endfacet
 facet normal -0.9801492748 0 0.1982609367
 outer loop 
 vertex 25.00559961 1.242469971 0.7749699707
 vertex 25.00410156 1.235059937 0.7675640259
 vertex 25.00410156 0.4549360046 0.7675640259
 endloop
 endfacet
 facet normal -0.9743629945 0 0.2249816769
 outer loop 
 vertex 25.00729883 0.44017099 0.7823290405
 vertex 25.00559961 1.242469971 0.7749699707
 vertex 25.00559961 0.4475299988 0.7749699707
 endloop
 endfacet
 facet normal -0.9801492748 0 0.1982609367
 outer loop 
 vertex 25.00559961 1.242469971 0.7749699707
 vertex 25.00410156 0.4549360046 0.7675640259
 vertex 25.00559961 0.4475299988 0.7749699707
 endloop
 endfacet
 facet normal -0.9943616553 0 0.1060419657
 outer loop 
 vertex 25.00180078 1.220130005 0.7526339722
 vertex 25.001 1.212619995 0.745125
 vertex 25.00180078 0.4698659973 0.7526339722
 endloop
 endfacet
 facet normal -0.9978026944 0 0.06625543825
 outer loop 
 vertex 25.001 1.212619995 0.745125
 vertex 25.0005 1.205090088 0.7375950317
 vertex 25.0005 0.4849049988 0.7375950317
 endloop
 endfacet
 facet normal -0.9943616553 0 0.1060419657
 outer loop 
 vertex 25.00180078 0.4698659973 0.7526339722
 vertex 25.001 1.212619995 0.745125
 vertex 25.001 0.477375 0.745125
 endloop
 endfacet
 facet normal -0.9978026944 0 0.06625543825
 outer loop 
 vertex 25.001 1.212619995 0.745125
 vertex 25.0005 0.4849049988 0.7375950317
 vertex 25.001 0.477375 0.745125
 endloop
 endfacet
 facet normal -0.9911861871 0 0.132476196
 outer loop 
 vertex 25.00280078 1.227619995 0.7601159668
 vertex 25.00180078 1.220130005 0.7526339722
 vertex 25.00180078 0.4698659973 0.7526339722
 endloop
 endfacet
 facet normal -0.9850894533 0 0.1720429277
 outer loop 
 vertex 25.00410156 1.235059937 0.7675640259
 vertex 25.00280078 1.227619995 0.7601159668
 vertex 25.00410156 0.4549360046 0.7675640259
 endloop
 endfacet
 facet normal -0.9850894533 0 0.1720429277
 outer loop 
 vertex 25.00410156 0.4549360046 0.7675640259
 vertex 25.00280078 1.227619995 0.7601159668
 vertex 25.00280078 0.4623839722 0.7601159668
 endloop
 endfacet
 facet normal -0.9911861871 0 0.132476196
 outer loop 
 vertex 25.00280078 1.227619995 0.7601159668
 vertex 25.00180078 0.4698659973 0.7526339722
 vertex 25.00280078 0.4623839722 0.7601159668
 endloop
 endfacet
 facet normal -0.9985945663 0 0.05299898347
 outer loop 
 vertex 25.0005 1.205090088 0.7375950317
 vertex 25.00009961 1.197550049 0.7300509644
 vertex 25.0005 0.4849049988 0.7375950317
 endloop
 endfacet
 facet normal -0.9999130021 0 0.01319046211
 outer loop 
 vertex 25.00009961 1.197550049 0.7300509644
 vertex 25 1.19 0.7225
 vertex 25 0.5 0.7225
 endloop
 endfacet
 facet normal -0.9999130021 0 0.01319046211
 outer loop 
 vertex 25.00009961 1.197550049 0.7300509644
 vertex 25 0.5 0.7225
 vertex 25.00009961 0.4924489746 0.7300509644
 endloop
 endfacet
 facet normal -0.9985945663 0 0.05299898347
 outer loop 
 vertex 25.0005 0.4849049988 0.7375950317
 vertex 25.00009961 1.197550049 0.7300509644
 vertex 25.00009961 0.4924489746 0.7300509644
 endloop
 endfacet
 facet normal -0 -1 -0
 outer loop 
 vertex 25.87409961 0.25 0.5904570313
 vertex 25.8695 0.25 0.6014530029
 vertex 25.25 0.25 0.9725
 endloop
 endfacet
 facet normal -0 -1 -0
 outer loop 
 vertex 25.8695 0.25 0.6014530029
 vertex 25.86580078 0.25 0.6127819824
 vertex 25.25 0.25 0.9725
 endloop
 endfacet
 facet normal 0 -1 0
 outer loop 
 vertex 25.25 0.25 0.9725
 vertex 25.87959961 0.25 0.7281370239
 vertex 25.88590039 0.25 0.7382630005
 endloop
 endfacet
 facet normal -0 -1 0
 outer loop 
 vertex 25.88590039 0.25 0.7382630005
 vertex 25.893 0.25 0.7478560181
 vertex 25.25 0.25 0.9725
 endloop
 endfacet
 facet normal -0 -1 0
 outer loop 
 vertex 25.87409961 0.25 0.7175430298
 vertex 25.87959961 0.25 0.7281370239
 vertex 25.25 0.25 0.9725
 endloop
 endfacet
 facet normal -0 -1 0
 outer loop 
 vertex 25.8695 0.25 0.7065469971
 vertex 25.87409961 0.25 0.7175430298
 vertex 25.25 0.25 0.9725
 endloop
 endfacet
 facet normal 0 -1 0
 outer loop 
 vertex 25.25 0.25 0.9725
 vertex 25.86580078 0.25 0.6952180176
 vertex 25.8695 0.25 0.7065469971
 endloop
 endfacet
 facet normal -0 -1 0
 outer loop 
 vertex 25.863 0.25 0.6836289673
 vertex 25.86580078 0.25 0.6952180176
 vertex 25.25 0.25 0.9725
 endloop
 endfacet
 facet normal -0 -1 0
 outer loop 
 vertex 25.86109961 0.25 0.6718530273
 vertex 25.863 0.25 0.6836289673
 vertex 25.25 0.25 0.9725
 endloop
 endfacet
 facet normal -0 -1 -0
 outer loop 
 vertex 25.86580078 0.25 0.6127819824
 vertex 25.863 0.25 0.6243709717
 vertex 25.25 0.25 0.9725
 endloop
 endfacet
 facet normal 0 -1 0
 outer loop 
 vertex 25.25 0.25 0.9725
 vertex 25.863 0.25 0.6243709717
 vertex 25.86109961 0.25 0.6361470337
 endloop
 endfacet
 facet normal -0 -1 -0
 outer loop 
 vertex 25.86109961 0.25 0.6361470337
 vertex 25.86009961 0.25 0.6480369873
 vertex 25.25 0.25 0.9725
 endloop
 endfacet
 facet normal -0 -1 -0
 outer loop 
 vertex 25.86009961 0.25 0.6480369873
 vertex 25.86009961 0.25 0.6599630127
 vertex 25.25 0.25 0.9725
 endloop
 endfacet
 facet normal 0 -1 0
 outer loop 
 vertex 25.25 0.25 0.9725
 vertex 25.86009961 0.25 0.6599630127
 vertex 25.86109961 0.25 0.6718530273
 endloop
 endfacet
 facet normal 0 -1 0
 outer loop 
 vertex 25.25 0.25 0.9725
 vertex 26.007 0.25 0.8039699707
 vertex 26.01890039 0.25 0.8037329712
 endloop
 endfacet
 facet normal -0 -1 0
 outer loop 
 vertex 25.99509961 0.25 0.8032590332
 vertex 26.007 0.25 0.8039699707
 vertex 25.25 0.25 0.9725
 endloop
 endfacet
 facet normal 0 -1 0
 outer loop 
 vertex 26.01890039 0.25 0.8037329712
 vertex 28.21109961 0.25 0.6718530273
 vertex 25.25 0.25 0.9725
 endloop
 endfacet
 facet normal -0 -1 0
 outer loop 
 vertex 25.98329883 0.25 0.8016049805
 vertex 25.99509961 0.25 0.8032590332
 vertex 25.25 0.25 0.9725
 endloop
 endfacet
 facet normal 0 -1 0
 outer loop 
 vertex 25.25 0.25 0.9725
 vertex 25.97170117 0.25 0.7990170288
 vertex 25.98329883 0.25 0.8016049805
 endloop
 endfacet
 facet normal -0 -1 0
 outer loop 
 vertex 25.96030078 0.25 0.7955120239
 vertex 25.97170117 0.25 0.7990170288
 vertex 25.25 0.25 0.9725
 endloop
 endfacet
 facet normal -0 -1 0
 outer loop 
 vertex 25.94919922 0.25 0.7911130371
 vertex 25.96030078 0.25 0.7955120239
 vertex 25.25 0.25 0.9725
 endloop
 endfacet
 facet normal 0 -1 0
 outer loop 
 vertex 25.25 0.25 0.9725
 vertex 25.9385 0.25 0.7858460083
 vertex 25.94919922 0.25 0.7911130371
 endloop
 endfacet
 facet normal -0 -1 0
 outer loop 
 vertex 25.92819922 0.25 0.7797459717
 vertex 25.9385 0.25 0.7858460083
 vertex 25.25 0.25 0.9725
 endloop
 endfacet
 facet normal -0 -1 0
 outer loop 
 vertex 25.9185 0.25 0.7728519897
 vertex 25.92819922 0.25 0.7797459717
 vertex 25.25 0.25 0.9725
 endloop
 endfacet
 facet normal -0 -1 0
 outer loop 
 vertex 25.893 0.25 0.7478560181
 vertex 25.90080078 0.25 0.7568560181
 vertex 25.25 0.25 0.9725
 endloop
 endfacet
 facet normal 0 -1 0
 outer loop 
 vertex 25.25 0.25 0.9725
 vertex 25.90080078 0.25 0.7568560181
 vertex 25.90930078 0.25 0.7652050171
 endloop
 endfacet
 facet normal -0 -1 0
 outer loop 
 vertex 25.90930078 0.25 0.7652050171
 vertex 25.9185 0.25 0.7728519897
 vertex 25.25 0.25 0.9725
 endloop
 endfacet
 facet normal -0 -1 0
 outer loop 
 vertex 28.33329883 0.25 0.8016049805
 vertex 28.34509961 0.25 0.8032590332
 vertex 25.25 0.25 0.9725
 endloop
 endfacet
 facet normal 0 -1 0
 outer loop 
 vertex 29.214 0.25 0.9725
 vertex 25.25 0.25 0.9725
 vertex 28.34509961 0.25 0.8032590332
 endloop
 endfacet
 facet normal -0 -1 0
 outer loop 
 vertex 28.32169922 0.25 0.7990170288
 vertex 28.33329883 0.25 0.8016049805
 vertex 25.25 0.25 0.9725
 endloop
 endfacet
 facet normal 0 -1 0
 outer loop 
 vertex 25.25 0.25 0.9725
 vertex 28.31030078 0.25 0.7955120239
 vertex 28.32169922 0.25 0.7990170288
 endloop
 endfacet
 facet normal -0 -1 0
 outer loop 
 vertex 28.29919922 0.25 0.7911130371
 vertex 28.31030078 0.25 0.7955120239
 vertex 25.25 0.25 0.9725
 endloop
 endfacet
 facet normal -0 -1 0
 outer loop 
 vertex 28.2885 0.25 0.7858460083
 vertex 28.29919922 0.25 0.7911130371
 vertex 25.25 0.25 0.9725
 endloop
 endfacet
 facet normal -0 -1 0
 outer loop 
 vertex 28.243 0.25 0.7478560181
 vertex 28.25079883 0.25 0.7568560181
 vertex 25.25 0.25 0.9725
 endloop
 endfacet
 facet normal 0 -1 0
 outer loop 
 vertex 25.25 0.25 0.9725
 vertex 28.25079883 0.25 0.7568560181
 vertex 28.25930078 0.25 0.7652050171
 endloop
 endfacet
 facet normal -0 -1 0
 outer loop 
 vertex 28.23590039 0.25 0.7382630005
 vertex 28.243 0.25 0.7478560181
 vertex 25.25 0.25 0.9725
 endloop
 endfacet
 facet normal -0 -1 0
 outer loop 
 vertex 28.2685 0.25 0.7728519897
 vertex 28.27819922 0.25 0.7797459717
 vertex 25.25 0.25 0.9725
 endloop
 endfacet
 facet normal -0 -1 0
 outer loop 
 vertex 28.25930078 0.25 0.7652050171
 vertex 28.2685 0.25 0.7728519897
 vertex 25.25 0.25 0.9725
 endloop
 endfacet
 facet normal 0 -1 0
 outer loop 
 vertex 25.25 0.25 0.9725
 vertex 28.27819922 0.25 0.7797459717
 vertex 28.2885 0.25 0.7858460083
 endloop
 endfacet
 facet normal 0 -1 0
 outer loop 
 vertex 25.25 0.25 0.9725
 vertex 28.22960156 0.25 0.7281370239
 vertex 28.23590039 0.25 0.7382630005
 endloop
 endfacet
 facet normal -0 -1 0
 outer loop 
 vertex 28.22409961 0.25 0.7175430298
 vertex 28.22960156 0.25 0.7281370239
 vertex 25.25 0.25 0.9725
 endloop
 endfacet
 facet normal -0 -1 0
 outer loop 
 vertex 28.2195 0.25 0.7065469971
 vertex 28.22409961 0.25 0.7175430298
 vertex 25.25 0.25 0.9725
 endloop
 endfacet
 facet normal -0 -1 0
 outer loop 
 vertex 28.21579883 0.25 0.6952180176
 vertex 28.2195 0.25 0.7065469971
 vertex 25.25 0.25 0.9725
 endloop
 endfacet
 facet normal 0 -1 0
 outer loop 
 vertex 25.25 0.25 0.9725
 vertex 28.213 0.25 0.6836289673
 vertex 28.21579883 0.25 0.6952180176
 endloop
 endfacet
 facet normal -0 -1 0
 outer loop 
 vertex 28.21109961 0.25 0.6718530273
 vertex 28.213 0.25 0.6836289673
 vertex 25.25 0.25 0.9725
 endloop
 endfacet
 facet normal 0 -0 1
 outer loop 
 vertex 25.25 0.25 0.9725
 vertex 29.214 0.25 0.9725
 vertex 29.214 0.845 0.9725
 endloop
 endfacet
 facet normal 0 0 1
 outer loop 
 vertex 29.214 0.845 0.9725
 vertex 29.214 1.44 0.9725
 vertex 25.25 0.25 0.9725
 endloop
 endfacet
 facet normal 0 -1 0
 outer loop 
 vertex 26.0425 0.25 0.8004260254
 vertex 28.213 0.25 0.6243709717
 vertex 26.03080078 0.25 0.8025490112
 endloop
 endfacet
 facet normal 0 -1 0
 outer loop 
 vertex 26.0425 0.25 0.8004260254
 vertex 26.05409961 0.25 0.7973779907
 vertex 28.213 0.25 0.6243709717
 endloop
 endfacet
 facet normal 0 -1 0
 outer loop 
 vertex 26.03080078 0.25 0.8025490112
 vertex 28.213 0.25 0.6243709717
 vertex 26.01890039 0.25 0.8037329712
 endloop
 endfacet
 facet normal -0 -1 0
 outer loop 
 vertex 28.21009961 0.25 0.6599630127
 vertex 28.21109961 0.25 0.6718530273
 vertex 26.01890039 0.25 0.8037329712
 endloop
 endfacet
 facet normal -0 -1 -0
 outer loop 
 vertex 28.21009961 0.25 0.6480369873
 vertex 28.21009961 0.25 0.6599630127
 vertex 26.01890039 0.25 0.8037329712
 endloop
 endfacet
 facet normal 0 -1 0
 outer loop 
 vertex 26.01890039 0.25 0.8037329712
 vertex 28.21109961 0.25 0.6361470337
 vertex 28.21009961 0.25 0.6480369873
 endloop
 endfacet
 facet normal -0 -1 -0
 outer loop 
 vertex 28.213 0.25 0.6243709717
 vertex 28.21109961 0.25 0.6361470337
 vertex 26.01890039 0.25 0.8037329712
 endloop
 endfacet
 facet normal 0 -1 0
 outer loop 
 vertex 26.12319922 0.25 0.752434021
 vertex 26.13059961 0.25 0.7431300049
 vertex 28.213 0.25 0.6243709717
 endloop
 endfacet
 facet normal 0 -1 0
 outer loop 
 vertex 28.213 0.25 0.6243709717
 vertex 26.115 0.25 0.7611149902
 vertex 26.12319922 0.25 0.752434021
 endloop
 endfacet
 facet normal 0 -1 0
 outer loop 
 vertex 26.13059961 0.25 0.7431300049
 vertex 26.13730078 0.25 0.7332630005
 vertex 28.213 0.25 0.6243709717
 endloop
 endfacet
 facet normal 0 -1 0
 outer loop 
 vertex 28.213 0.25 0.6243709717
 vertex 26.08670117 0.25 0.7828980103
 vertex 26.09670117 0.25 0.7763959961
 endloop
 endfacet
 facet normal 0 -1 0
 outer loop 
 vertex 26.09670117 0.25 0.7763959961
 vertex 26.10619922 0.25 0.7691190186
 vertex 28.213 0.25 0.6243709717
 endloop
 endfacet
 facet normal 0 -1 0
 outer loop 
 vertex 28.213 0.25 0.6243709717
 vertex 26.07620117 0.25 0.7885859985
 vertex 26.08670117 0.25 0.7828980103
 endloop
 endfacet
 facet normal 0 -1 0
 outer loop 
 vertex 26.10619922 0.25 0.7691190186
 vertex 26.115 0.25 0.7611149902
 vertex 28.213 0.25 0.6243709717
 endloop
 endfacet
 facet normal 0 -1 0
 outer loop 
 vertex 26.06530078 0.25 0.7934229736
 vertex 26.07620117 0.25 0.7885859985
 vertex 28.213 0.25 0.6243709717
 endloop
 endfacet
 facet normal 0 -1 0
 outer loop 
 vertex 26.05409961 0.25 0.7973779907
 vertex 26.06530078 0.25 0.7934229736
 vertex 28.213 0.25 0.6243709717
 endloop
 endfacet
 facet normal 0 -1 0
 outer loop 
 vertex 28.213 0.25 0.6243709717
 vertex 26.14319922 0.25 0.7228950195
 vertex 26.14830078 0.25 0.7120910034
 endloop
 endfacet
 facet normal 0 -1 0
 outer loop 
 vertex 26.1525 0.25 0.7009199829
 vertex 28.213 0.25 0.6243709717
 vertex 26.14830078 0.25 0.7120910034
 endloop
 endfacet
 facet normal 0 -1 0
 outer loop 
 vertex 28.213 0.25 0.6243709717
 vertex 26.13730078 0.25 0.7332630005
 vertex 26.14319922 0.25 0.7228950195
 endloop
 endfacet
 facet normal 0 -1 0
 outer loop 
 vertex 26.15809961 0.25 0.6777600098
 vertex 28.34509961 0.25 0.5047410278
 vertex 26.15580078 0.25 0.6894519653
 endloop
 endfacet
 facet normal 0 -1 0
 outer loop 
 vertex 26.1595 0.25 0.6659179687
 vertex 28.34509961 0.25 0.5047410278
 vertex 26.15809961 0.25 0.6777600098
 endloop
 endfacet
 facet normal 0 -1 0
 outer loop 
 vertex 26.15580078 0.25 0.6894519653
 vertex 28.21579883 0.25 0.6127819824
 vertex 26.1525 0.25 0.7009199829
 endloop
 endfacet
 facet normal -0 -1 -0
 outer loop 
 vertex 28.22409961 0.25 0.5904570313
 vertex 28.2195 0.25 0.6014530029
 vertex 26.15580078 0.25 0.6894519653
 endloop
 endfacet
 facet normal -0 -1 -0
 outer loop 
 vertex 28.2195 0.25 0.6014530029
 vertex 28.21579883 0.25 0.6127819824
 vertex 26.15580078 0.25 0.6894519653
 endloop
 endfacet
 facet normal 0 -1 0
 outer loop 
 vertex 26.15580078 0.25 0.6894519653
 vertex 28.22960156 0.25 0.5798630371
 vertex 28.22409961 0.25 0.5904570313
 endloop
 endfacet
 facet normal -0 -1 -0
 outer loop 
 vertex 28.2885 0.25 0.5221539917
 vertex 28.27819922 0.25 0.5282539673
 vertex 26.15580078 0.25 0.6894519653
 endloop
 endfacet
 facet normal 0 -1 0
 outer loop 
 vertex 26.15580078 0.25 0.6894519653
 vertex 28.29919922 0.25 0.5168870239
 vertex 28.2885 0.25 0.5221539917
 endloop
 endfacet
 facet normal -0 -1 -0
 outer loop 
 vertex 28.27819922 0.25 0.5282539673
 vertex 28.2685 0.25 0.5351480103
 vertex 26.15580078 0.25 0.6894519653
 endloop
 endfacet
 facet normal -0 -1 -0
 outer loop 
 vertex 28.2685 0.25 0.5351480103
 vertex 28.25930078 0.25 0.5427949829
 vertex 26.15580078 0.25 0.6894519653
 endloop
 endfacet
 facet normal -0 -1 -0
 outer loop 
 vertex 28.243 0.25 0.5601439819
 vertex 28.23590039 0.25 0.5697369995
 vertex 26.15580078 0.25 0.6894519653
 endloop
 endfacet
 facet normal -0 -1 -0
 outer loop 
 vertex 28.23590039 0.25 0.5697369995
 vertex 28.22960156 0.25 0.5798630371
 vertex 26.15580078 0.25 0.6894519653
 endloop
 endfacet
 facet normal 0 -1 0
 outer loop 
 vertex 26.15580078 0.25 0.6894519653
 vertex 28.25079883 0.25 0.5511439819
 vertex 28.243 0.25 0.5601439819
 endloop
 endfacet
 facet normal -0 -1 -0
 outer loop 
 vertex 28.25930078 0.25 0.5427949829
 vertex 28.25079883 0.25 0.5511439819
 vertex 26.15580078 0.25 0.6894519653
 endloop
 endfacet
 facet normal -0 -1 -0
 outer loop 
 vertex 28.31030078 0.25 0.5124880371
 vertex 28.29919922 0.25 0.5168870239
 vertex 26.15580078 0.25 0.6894519653
 endloop
 endfacet
 facet normal -0 -1 -0
 outer loop 
 vertex 28.32169922 0.25 0.5089830017
 vertex 28.31030078 0.25 0.5124880371
 vertex 26.15580078 0.25 0.6894519653
 endloop
 endfacet
 facet normal 0 -1 0
 outer loop 
 vertex 26.15580078 0.25 0.6894519653
 vertex 28.33329883 0.25 0.506394989
 vertex 28.32169922 0.25 0.5089830017
 endloop
 endfacet
 facet normal -0 -1 -0
 outer loop 
 vertex 28.34509961 0.25 0.5047410278
 vertex 28.33329883 0.25 0.506394989
 vertex 26.15580078 0.25 0.6894519653
 endloop
 endfacet
 facet normal -0 -1 -0
 outer loop 
 vertex 28.21579883 0.25 0.6127819824
 vertex 28.213 0.25 0.6243709717
 vertex 26.1525 0.25 0.7009199829
 endloop
 endfacet
 facet normal 0 -1 0
 outer loop 
 vertex 26.16 0.25 0.654
 vertex 26.1595 0.25 0.6420819702
 vertex 28.34509961 0.25 0.5047410278
 endloop
 endfacet
 facet normal 0 -1 0
 outer loop 
 vertex 26.1595 0.25 0.6659179687
 vertex 26.16 0.25 0.654
 vertex 28.34509961 0.25 0.5047410278
 endloop
 endfacet
 facet normal 0 -1 0
 outer loop 
 vertex 26.07620117 0.25 -0.5194140015
 vertex 26.1595 0.25 0.6420819702
 vertex 26.06530078 0.25 -0.5145780029
 endloop
 endfacet
 facet normal 0 -1 0
 outer loop 
 vertex 26.1595 0.25 0.6420819702
 vertex 26.07620117 0.25 -0.5194140015
 vertex 28.34509961 0.25 0.5047410278
 endloop
 endfacet
 facet normal 0 -1 0
 outer loop 
 vertex 26.1595 0.25 0.6420819702
 vertex 26.05409961 0.25 -0.5106220398
 vertex 26.06530078 0.25 -0.5145780029
 endloop
 endfacet
 facet normal 0 1 -0
 outer loop 
 vertex 29.214 1.44 0
 vertex 27.232 1.44 -0.9725
 vertex 26.241 1.44 -0.9725
 endloop
 endfacet
 facet normal 0 -1 0
 outer loop 
 vertex 26.13059961 0.25 -0.7431300049
 vertex 26.12319922 0.25 -0.752434021
 vertex 29.214 0.25 -0.9184612427
 endloop
 endfacet
 facet normal 0 -1 0
 outer loop 
 vertex 26.12319922 0.25 -0.752434021
 vertex 26.115 0.25 -0.7611149902
 vertex 29.214 0.25 -0.9206965942
 endloop
 endfacet
 facet normal -0 -1 -0
 outer loop 
 vertex 29.214 0.25 -0.9206965942
 vertex 29.214 0.25 -0.9184612427
 vertex 26.12319922 0.25 -0.752434021
 endloop
 endfacet
 facet normal 0 -1 0
 outer loop 
 vertex 26.13730078 0.25 -0.7332630005
 vertex 26.13059961 0.25 -0.7431300049
 vertex 29.214 0.25 -0.916074646
 endloop
 endfacet
 facet normal -0 -1 -0
 outer loop 
 vertex 29.214 0.25 -0.9184612427
 vertex 29.214 0.25 -0.916074646
 vertex 26.13059961 0.25 -0.7431300049
 endloop
 endfacet
 facet normal 0 -1 0
 outer loop 
 vertex 26.14830078 0.25 -0.7120910034
 vertex 26.14319922 0.25 -0.7228950195
 vertex 29.214 0.25 -0.9109070435
 endloop
 endfacet
 facet normal 0 -1 0
 outer loop 
 vertex 26.14319922 0.25 -0.7228950195
 vertex 26.13730078 0.25 -0.7332630005
 vertex 29.214 0.25 -0.9135507812
 endloop
 endfacet
 facet normal -0 -1 -0
 outer loop 
 vertex 29.214 0.25 -0.9135507812
 vertex 29.214 0.25 -0.9109070435
 vertex 26.14319922 0.25 -0.7228950195
 endloop
 endfacet
 facet normal 0 -1 0
 outer loop 
 vertex 26.1525 0.25 -0.7009199829
 vertex 26.14830078 0.25 -0.7120910034
 vertex 29.214 0.25 -0.9081605225
 endloop
 endfacet
 facet normal -0 -1 -0
 outer loop 
 vertex 29.214 0.25 -0.9109070435
 vertex 29.214 0.25 -0.9081605225
 vertex 26.14830078 0.25 -0.7120910034
 endloop
 endfacet
 facet normal -0 -1 -0
 outer loop 
 vertex 29.214 0.25 -0.916074646
 vertex 29.214 0.25 -0.9135507812
 vertex 26.13730078 0.25 -0.7332630005
 endloop
 endfacet
 facet normal 0 -1 0
 outer loop 
 vertex 26.09670117 0.25 -0.7763959961
 vertex 26.08670117 0.25 -0.7828980103
 vertex 29.214 0.25 -0.9263530273
 endloop
 endfacet
 facet normal 0 -1 0
 outer loop 
 vertex 26.08670117 0.25 -0.7828980103
 vertex 26.07620117 0.25 -0.7885859985
 vertex 29.214 0.25 -0.9278508301
 endloop
 endfacet
 facet normal -0 -1 -0
 outer loop 
 vertex 29.214 0.25 -0.9278508301
 vertex 29.214 0.25 -0.9263530273
 vertex 26.08670117 0.25 -0.7828980103
 endloop
 endfacet
 facet normal 0 -1 0
 outer loop 
 vertex 26.10619922 0.25 -0.7691190186
 vertex 26.09670117 0.25 -0.7763959961
 vertex 29.214 0.25 -0.9246547241
 endloop
 endfacet
 facet normal -0 -1 -0
 outer loop 
 vertex 29.214 0.25 -0.9263530273
 vertex 29.214 0.25 -0.9246547241
 vertex 26.09670117 0.25 -0.7763959961
 endloop
 endfacet
 facet normal 0 -1 0
 outer loop 
 vertex 26.07620117 0.25 -0.7885859985
 vertex 26.06530078 0.25 -0.7934229736
 vertex 29.214 0.25 -0.9291391602
 endloop
 endfacet
 facet normal -0 -1 -0
 outer loop 
 vertex 29.214 0.25 -0.9291391602
 vertex 29.214 0.25 -0.9278508301
 vertex 26.07620117 0.25 -0.7885859985
 endloop
 endfacet
 facet normal 0 -1 0
 outer loop 
 vertex 26.06530078 0.25 -0.7934229736
 vertex 26.05409961 0.25 -0.7973779907
 vertex 29.214 0.25 -0.9302108154
 endloop
 endfacet
 facet normal -0 -1 -0
 outer loop 
 vertex 29.214 0.25 -0.9302108154
 vertex 29.214 0.25 -0.9291391602
 vertex 26.06530078 0.25 -0.7934229736
 endloop
 endfacet
 facet normal -0 -1 -0
 outer loop 
 vertex 29.214 0.25 -0.9310622559
 vertex 29.214 0.25 -0.9302108154
 vertex 26.05409961 0.25 -0.7973779907
 endloop
 endfacet
 facet normal 0 -1 0
 outer loop 
 vertex 26.115 0.25 -0.7611149902
 vertex 26.10619922 0.25 -0.7691190186
 vertex 29.214 0.25 -0.9227647705
 endloop
 endfacet
 facet normal -0 -1 -0
 outer loop 
 vertex 29.214 0.25 -0.9227647705
 vertex 29.214 0.25 -0.9206965942
 vertex 26.115 0.25 -0.7611149902
 endloop
 endfacet
 facet normal -0 -1 -0
 outer loop 
 vertex 29.214 0.25 -0.9246547241
 vertex 29.214 0.25 -0.9227647705
 vertex 26.10619922 0.25 -0.7691190186
 endloop
 endfacet
 facet normal 0 -1 0
 outer loop 
 vertex 26.14319922 0.25 -0.5851049805
 vertex 26.14830078 0.25 -0.5959089966
 vertex 29.214 0.25 0.5849916992
 endloop
 endfacet
 facet normal 0 -1 0
 outer loop 
 vertex 28.42620117 0.25 0.5194140015
 vertex 26.13730078 0.25 -0.5747369995
 vertex 26.14319922 0.25 -0.5851049805
 endloop
 endfacet
 facet normal 0 -1 0
 outer loop 
 vertex 28.42620117 0.25 0.5194140015
 vertex 26.14319922 0.25 -0.5851049805
 vertex 29.214 0.25 0.5881425171
 endloop
 endfacet
 facet normal 0 -1 -0
 outer loop 
 vertex 29.214 0.25 0.5849916992
 vertex 29.214 0.25 0.5881425171
 vertex 26.14319922 0.25 -0.5851049805
 endloop
 endfacet
 facet normal 0 -1 0
 outer loop 
 vertex 26.14830078 0.25 -0.5959089966
 vertex 26.1525 0.25 -0.6070809937
 vertex 29.214 0.25 0.5818284302
 endloop
 endfacet
 facet normal 0 -1 -0
 outer loop 
 vertex 29.214 0.25 0.5818284302
 vertex 29.214 0.25 0.5849916992
 vertex 26.14830078 0.25 -0.5959089966
 endloop
 endfacet
 facet normal 0 -1 0
 outer loop 
 vertex 26.1595 0.25 -0.6420819702
 vertex 28.21009961 0.25 -0.6480369873
 vertex 26.15809961 0.25 -0.6302400513
 endloop
 endfacet
 facet normal 0 -1 0
 outer loop 
 vertex 26.16 0.25 -0.654
 vertex 28.21009961 0.25 -0.6599630127
 vertex 26.1595 0.25 -0.6420819702
 endloop
 endfacet
 facet normal -0 -1 -0
 outer loop 
 vertex 28.21009961 0.25 -0.6599630127
 vertex 28.21009961 0.25 -0.6480369873
 vertex 26.1595 0.25 -0.6420819702
 endloop
 endfacet
 facet normal 0 -1 0
 outer loop 
 vertex 28.21009961 0.25 -0.6480369873
 vertex 26.15580078 0.25 -0.6185479736
 vertex 26.15809961 0.25 -0.6302400513
 endloop
 endfacet
 facet normal 0 -1 0
 outer loop 
 vertex 26.1525 0.25 -0.6070809937
 vertex 26.15580078 0.25 -0.6185479736
 vertex 29.214 0.25 0.5786728516
 endloop
 endfacet
 facet normal 0 -1 0
 outer loop 
 vertex 29.214 0.25 0.5786728516
 vertex 26.15580078 0.25 -0.6185479736
 vertex 28.2885 0.25 -0.5221539917
 endloop
 endfacet
 facet normal 0 -1 0
 outer loop 
 vertex 28.22409961 0.25 -0.5904570313
 vertex 28.22960156 0.25 -0.5798630371
 vertex 26.15580078 0.25 -0.6185479736
 endloop
 endfacet
 facet normal 0 -1 0
 outer loop 
 vertex 28.22960156 0.25 -0.5798630371
 vertex 28.23590039 0.25 -0.5697369995
 vertex 26.15580078 0.25 -0.6185479736
 endloop
 endfacet
 facet normal 0 -1 0
 outer loop 
 vertex 26.15580078 0.25 -0.6185479736
 vertex 28.21009961 0.25 -0.6480369873
 vertex 28.21109961 0.25 -0.6361470337
 endloop
 endfacet
 facet normal -0 -1 0
 outer loop 
 vertex 26.15580078 0.25 -0.6185479736
 vertex 28.2195 0.25 -0.6014530029
 vertex 28.22409961 0.25 -0.5904570313
 endloop
 endfacet
 facet normal 0 -1 0
 outer loop 
 vertex 28.21579883 0.25 -0.6127819824
 vertex 28.2195 0.25 -0.6014530029
 vertex 26.15580078 0.25 -0.6185479736
 endloop
 endfacet
 facet normal 0 -1 0
 outer loop 
 vertex 28.213 0.25 -0.6243709717
 vertex 28.21579883 0.25 -0.6127819824
 vertex 26.15580078 0.25 -0.6185479736
 endloop
 endfacet
 facet normal 0 -1 0
 outer loop 
 vertex 28.213 0.25 -0.6243709717
 vertex 26.15580078 0.25 -0.6185479736
 vertex 28.21109961 0.25 -0.6361470337
 endloop
 endfacet
 facet normal -0 -1 0
 outer loop 
 vertex 26.15580078 0.25 -0.6185479736
 vertex 28.23590039 0.25 -0.5697369995
 vertex 28.243 0.25 -0.5601439819
 endloop
 endfacet
 facet normal 0 -1 0
 outer loop 
 vertex 28.243 0.25 -0.5601439819
 vertex 28.25079883 0.25 -0.5511439819
 vertex 26.15580078 0.25 -0.6185479736
 endloop
 endfacet
 facet normal 0 -1 0
 outer loop 
 vertex 28.25079883 0.25 -0.5511439819
 vertex 28.25930078 0.25 -0.5427949829
 vertex 26.15580078 0.25 -0.6185479736
 endloop
 endfacet
 facet normal -0 -1 0
 outer loop 
 vertex 26.15580078 0.25 -0.6185479736
 vertex 28.25930078 0.25 -0.5427949829
 vertex 28.2685 0.25 -0.5351480103
 endloop
 endfacet
 facet normal 0 -1 0
 outer loop 
 vertex 28.2685 0.25 -0.5351480103
 vertex 28.27819922 0.25 -0.5282539673
 vertex 26.15580078 0.25 -0.6185479736
 endloop
 endfacet
 facet normal 0 -1 0
 outer loop 
 vertex 28.27819922 0.25 -0.5282539673
 vertex 28.2885 0.25 -0.5221539917
 vertex 26.15580078 0.25 -0.6185479736
 endloop
 endfacet
 facet normal 0 -1 -0
 outer loop 
 vertex 29.214 0.25 0.5786728516
 vertex 29.214 0.25 0.5818284302
 vertex 26.1525 0.25 -0.6070809937
 endloop
 endfacet
 facet normal 0 -1 0
 outer loop 
 vertex 26.1595 0.25 -0.6659179687
 vertex 28.34509961 0.25 -0.8032590332
 vertex 26.16 0.25 -0.654
 endloop
 endfacet
 facet normal 0 -1 -0
 outer loop 
 vertex 28.34509961 0.25 -0.8032590332
 vertex 26.1595 0.25 -0.6659179687
 vertex 26.15809961 0.25 -0.6777600098
 endloop
 endfacet
 facet normal -0 -1 -0
 outer loop 
 vertex 28.31030078 0.25 -0.7955120239
 vertex 28.29919922 0.25 -0.7911130371
 vertex 26.16 0.25 -0.654
 endloop
 endfacet
 facet normal 0 -1 0
 outer loop 
 vertex 26.16 0.25 -0.654
 vertex 28.29919922 0.25 -0.7911130371
 vertex 28.2885 0.25 -0.7858460083
 endloop
 endfacet
 facet normal -0 -1 -0
 outer loop 
 vertex 28.32169922 0.25 -0.7990170288
 vertex 28.31030078 0.25 -0.7955120239
 vertex 26.16 0.25 -0.654
 endloop
 endfacet
 facet normal 0 -1 0
 outer loop 
 vertex 26.16 0.25 -0.654
 vertex 28.33329883 0.25 -0.8016049805
 vertex 28.32169922 0.25 -0.7990170288
 endloop
 endfacet
 facet normal -0 -1 -0
 outer loop 
 vertex 28.34509961 0.25 -0.8032590332
 vertex 28.33329883 0.25 -0.8016049805
 vertex 26.16 0.25 -0.654
 endloop
 endfacet
 facet normal -0 -1 -0
 outer loop 
 vertex 28.2685 0.25 -0.7728519897
 vertex 28.25930078 0.25 -0.7652050171
 vertex 26.16 0.25 -0.654
 endloop
 endfacet
 facet normal -0 -1 -0
 outer loop 
 vertex 28.27819922 0.25 -0.7797459717
 vertex 28.2685 0.25 -0.7728519897
 vertex 26.16 0.25 -0.654
 endloop
 endfacet
 facet normal -0 -1 -0
 outer loop 
 vertex 28.25930078 0.25 -0.7652050171
 vertex 28.25079883 0.25 -0.7568560181
 vertex 26.16 0.25 -0.654
 endloop
 endfacet
 facet normal 0 -1 0
 outer loop 
 vertex 26.16 0.25 -0.654
 vertex 28.25079883 0.25 -0.7568560181
 vertex 28.243 0.25 -0.7478560181
 endloop
 endfacet
 facet normal -0 -1 -0
 outer loop 
 vertex 28.243 0.25 -0.7478560181
 vertex 28.23590039 0.25 -0.7382630005
 vertex 26.16 0.25 -0.654
 endloop
 endfacet
 facet normal -0 -1 -0
 outer loop 
 vertex 28.23590039 0.25 -0.7382630005
 vertex 28.22960156 0.25 -0.7281370239
 vertex 26.16 0.25 -0.654
 endloop
 endfacet
 facet normal 0 -1 0
 outer loop 
 vertex 26.16 0.25 -0.654
 vertex 28.22960156 0.25 -0.7281370239
 vertex 28.22409961 0.25 -0.7175430298
 endloop
 endfacet
 facet normal -0 -1 -0
 outer loop 
 vertex 28.22409961 0.25 -0.7175430298
 vertex 28.2195 0.25 -0.7065469971
 vertex 26.16 0.25 -0.654
 endloop
 endfacet
 facet normal -0 -1 -0
 outer loop 
 vertex 28.2885 0.25 -0.7858460083
 vertex 28.27819922 0.25 -0.7797459717
 vertex 26.16 0.25 -0.654
 endloop
 endfacet
 facet normal -0 -1 -0
 outer loop 
 vertex 28.2195 0.25 -0.7065469971
 vertex 28.21579883 0.25 -0.6952180176
 vertex 26.16 0.25 -0.654
 endloop
 endfacet
 facet normal 0 -1 0
 outer loop 
 vertex 26.16 0.25 -0.654
 vertex 28.21579883 0.25 -0.6952180176
 vertex 28.213 0.25 -0.6836289673
 endloop
 endfacet
 facet normal -0 -1 -0
 outer loop 
 vertex 28.213 0.25 -0.6836289673
 vertex 28.21109961 0.25 -0.6718530273
 vertex 26.16 0.25 -0.654
 endloop
 endfacet
 facet normal -0 -1 -0
 outer loop 
 vertex 28.21109961 0.25 -0.6718530273
 vertex 28.21009961 0.25 -0.6599630127
 vertex 26.16 0.25 -0.654
 endloop
 endfacet
 facet normal 0 -1 0
 outer loop 
 vertex 26.15580078 0.25 -0.6894519653
 vertex 28.34509961 0.25 -0.8032590332
 vertex 26.15809961 0.25 -0.6777600098
 endloop
 endfacet
 facet normal 0 -1 0
 outer loop 
 vertex 26.15580078 0.25 -0.6894519653
 vertex 26.1525 0.25 -0.7009199829
 vertex 29.214 0.25 -0.9053311768
 endloop
 endfacet
 facet normal -0 -1 -0
 outer loop 
 vertex 29.214 0.25 -0.9053311768
 vertex 29.214 0.25 -0.9024380493
 vertex 26.15580078 0.25 -0.6894519653
 endloop
 endfacet
 facet normal 0 -1 0
 outer loop 
 vertex 28.357 0.25 -0.8039699707
 vertex 26.15580078 0.25 -0.6894519653
 vertex 29.214 0.25 -0.9024380493
 endloop
 endfacet
 facet normal 0 -1 0
 outer loop 
 vertex 26.15580078 0.25 -0.6894519653
 vertex 28.357 0.25 -0.8039699707
 vertex 28.34509961 0.25 -0.8032590332
 endloop
 endfacet
 facet normal -0 -1 -0
 outer loop 
 vertex 29.214 0.25 -0.9081605225
 vertex 29.214 0.25 -0.9053311768
 vertex 26.1525 0.25 -0.7009199829
 endloop
 endfacet
 facet normal 0 -1 0
 outer loop 
 vertex 26.12319922 0.25 -0.55556604
 vertex 26.13059961 0.25 -0.5648699951
 vertex 28.42620117 0.25 0.5194140015
 endloop
 endfacet
 facet normal 0 -1 0
 outer loop 
 vertex 28.42620117 0.25 0.5194140015
 vertex 26.115 0.25 -0.5468850098
 vertex 26.12319922 0.25 -0.55556604
 endloop
 endfacet
 facet normal 0 -1 0
 outer loop 
 vertex 26.13059961 0.25 -0.5648699951
 vertex 26.13730078 0.25 -0.5747369995
 vertex 28.42620117 0.25 0.5194140015
 endloop
 endfacet
 facet normal 0 -1 0
 outer loop 
 vertex 26.10619922 0.25 -0.5388809814
 vertex 26.115 0.25 -0.5468850098
 vertex 28.42620117 0.25 0.5194140015
 endloop
 endfacet
 facet normal 0 -1 0
 outer loop 
 vertex 26.09670117 0.25 -0.5316040039
 vertex 26.10619922 0.25 -0.5388809814
 vertex 28.41530078 0.25 0.5145780029
 endloop
 endfacet
 facet normal 0 -1 0
 outer loop 
 vertex 26.08670117 0.25 -0.5251019897
 vertex 26.09670117 0.25 -0.5316040039
 vertex 28.40409961 0.25 0.5106220398
 endloop
 endfacet
 facet normal 0 -1 0
 outer loop 
 vertex 28.40409961 0.25 0.5106220398
 vertex 26.09670117 0.25 -0.5316040039
 vertex 28.41530078 0.25 0.5145780029
 endloop
 endfacet
 facet normal 0 -1 0
 outer loop 
 vertex 28.41530078 0.25 0.5145780029
 vertex 26.10619922 0.25 -0.5388809814
 vertex 28.42620117 0.25 0.5194140015
 endloop
 endfacet
 facet normal 0 -1 0
 outer loop 
 vertex 26.07620117 0.25 -0.5194140015
 vertex 26.08670117 0.25 -0.5251019897
 vertex 28.40409961 0.25 0.5106220398
 endloop
 endfacet
 facet normal 0 -1 0
 outer loop 
 vertex 28.34509961 0.25 0.5047410278
 vertex 26.07620117 0.25 -0.5194140015
 vertex 28.357 0.25 0.5040299988
 endloop
 endfacet
 facet normal 0 -1 0
 outer loop 
 vertex 26.07620117 0.25 -0.5194140015
 vertex 28.36890039 0.25 0.5042669678
 vertex 28.357 0.25 0.5040299988
 endloop
 endfacet
 facet normal 0 -1 0
 outer loop 
 vertex 26.07620117 0.25 -0.5194140015
 vertex 28.38080078 0.25 0.5054510193
 vertex 28.36890039 0.25 0.5042669678
 endloop
 endfacet
 facet normal 0 -1 -0
 outer loop 
 vertex 28.3925 0.25 0.5075740356
 vertex 28.38080078 0.25 0.5054510193
 vertex 26.07620117 0.25 -0.5194140015
 endloop
 endfacet
 facet normal 0 -1 -0
 outer loop 
 vertex 28.40409961 0.25 0.5106220398
 vertex 28.3925 0.25 0.5075740356
 vertex 26.07620117 0.25 -0.5194140015
 endloop
 endfacet
 facet normal 0 -1 0
 outer loop 
 vertex 28.47319922 0.25 0.55556604
 vertex 28.465 0.25 0.5468850098
 vertex 29.214 0.25 0.72852948
 endloop
 endfacet
 facet normal 0 -1 0
 outer loop 
 vertex 28.465 0.25 0.5468850098
 vertex 28.45619922 0.25 0.5388809814
 vertex 29.214 0.25 0.7251816406
 endloop
 endfacet
 facet normal 0 -1 -0
 outer loop 
 vertex 29.214 0.25 0.7251816406
 vertex 29.214 0.25 0.72852948
 vertex 28.465 0.25 0.5468850098
 endloop
 endfacet
 facet normal 0 -1 0
 outer loop 
 vertex 28.48059961 0.25 0.5648699951
 vertex 28.47319922 0.25 0.55556604
 vertex 29.214 0.25 0.732383728
 endloop
 endfacet
 facet normal 0 -1 -0
 outer loop 
 vertex 29.214 0.25 0.72852948
 vertex 29.214 0.25 0.732383728
 vertex 28.47319922 0.25 0.55556604
 endloop
 endfacet
 facet normal 0 -1 0
 outer loop 
 vertex 28.48730078 0.25 0.5747369995
 vertex 28.48059961 0.25 0.5648699951
 vertex 29.214 0.25 0.7367431641
 endloop
 endfacet
 facet normal 0 -1 -0
 outer loop 
 vertex 29.214 0.25 0.732383728
 vertex 29.214 0.25 0.7367431641
 vertex 28.48059961 0.25 0.5648699951
 endloop
 endfacet
 facet normal 0 -1 0
 outer loop 
 vertex 28.49320117 0.25 0.5851049805
 vertex 28.48730078 0.25 0.5747369995
 vertex 29.214 0.25 0.7415602417
 endloop
 endfacet
 facet normal 0 -1 -0
 outer loop 
 vertex 29.214 0.25 0.7367431641
 vertex 29.214 0.25 0.7415602417
 vertex 28.48730078 0.25 0.5747369995
 endloop
 endfacet
 facet normal 0 -1 0
 outer loop 
 vertex 28.45619922 0.25 0.5388809814
 vertex 28.44669922 0.25 0.5316040039
 vertex 29.214 0.25 0.7223783569
 endloop
 endfacet
 facet normal 0 -1 -0
 outer loop 
 vertex 29.214 0.25 0.7223783569
 vertex 29.214 0.25 0.7251816406
 vertex 28.45619922 0.25 0.5388809814
 endloop
 endfacet
 facet normal 0 -1 0
 outer loop 
 vertex 28.44669922 0.25 0.5316040039
 vertex 28.43670117 0.25 0.5251019897
 vertex 29.214 0.25 0.720112793
 endloop
 endfacet
 facet normal 0 -1 -0
 outer loop 
 vertex 29.214 0.25 0.720112793
 vertex 29.214 0.25 0.7223783569
 vertex 28.44669922 0.25 0.5316040039
 endloop
 endfacet
 facet normal 0 -1 0
 outer loop 
 vertex 28.43670117 0.25 0.5251019897
 vertex 28.42620117 0.25 0.5194140015
 vertex 29.214 0.25 0.7184002075
 endloop
 endfacet
 facet normal 0 -1 -0
 outer loop 
 vertex 29.214 0.25 0.5881425171
 vertex 29.214 0.25 0.7184002075
 vertex 28.42620117 0.25 0.5194140015
 endloop
 endfacet
 facet normal 0 -1 -0
 outer loop 
 vertex 29.214 0.25 0.7184002075
 vertex 29.214 0.25 0.720112793
 vertex 28.43670117 0.25 0.5251019897
 endloop
 endfacet
 facet normal 0 -1 0
 outer loop 
 vertex 28.49830078 0.25 0.5959089966
 vertex 28.49320117 0.25 0.5851049805
 vertex 29.214 0.25 0.7468114014
 endloop
 endfacet
 facet normal 0 -1 -0
 outer loop 
 vertex 29.214 0.25 0.7415602417
 vertex 29.214 0.25 0.7468114014
 vertex 28.49320117 0.25 0.5851049805
 endloop
 endfacet
 facet normal 0 -1 0
 outer loop 
 vertex 28.5025 0.25 0.6070809937
 vertex 28.49830078 0.25 0.5959089966
 vertex 29.214 0.25 0.7524556885
 endloop
 endfacet
 facet normal 0 -1 0
 outer loop 
 vertex 28.50580078 0.25 0.6185479736
 vertex 28.5025 0.25 0.6070809937
 vertex 29.214 0.25 0.7584614258
 endloop
 endfacet
 facet normal 0 -1 -0
 outer loop 
 vertex 29.214 0.25 0.7524556885
 vertex 29.214 0.25 0.7584614258
 vertex 28.5025 0.25 0.6070809937
 endloop
 endfacet
 facet normal 0 -1 -0
 outer loop 
 vertex 29.214 0.25 0.7468114014
 vertex 29.214 0.25 0.7524556885
 vertex 28.49830078 0.25 0.5959089966
 endloop
 endfacet
 facet normal 0 -1 0
 outer loop 
 vertex 29.214 0.25 0.8754833374
 vertex 28.40409961 0.25 0.7973779907
 vertex 28.41530078 0.25 0.7934229736
 endloop
 endfacet
 facet normal 0 -1 0
 outer loop 
 vertex 29.214 0.25 0.8726765747
 vertex 28.41530078 0.25 0.7934229736
 vertex 28.42620117 0.25 0.7885859985
 endloop
 endfacet
 facet normal -0 -1 0
 outer loop 
 vertex 28.41530078 0.25 0.7934229736
 vertex 29.214 0.25 0.8726765747
 vertex 29.214 0.25 0.8754833374
 endloop
 endfacet
 facet normal 0 -1 0
 outer loop 
 vertex 29.214 0.25 0.8777770386
 vertex 28.3925 0.25 0.8004260254
 vertex 28.40409961 0.25 0.7973779907
 endloop
 endfacet
 facet normal 0 -1 0
 outer loop 
 vertex 29.214 0.25 0.8795408325
 vertex 28.38080078 0.25 0.8025490112
 vertex 28.3925 0.25 0.8004260254
 endloop
 endfacet
 facet normal -0 -1 0
 outer loop 
 vertex 28.3925 0.25 0.8004260254
 vertex 29.214 0.25 0.8777770386
 vertex 29.214 0.25 0.8795408325
 endloop
 endfacet
 facet normal -0 -1 0
 outer loop 
 vertex 28.40409961 0.25 0.7973779907
 vertex 29.214 0.25 0.8754833374
 vertex 29.214 0.25 0.8777770386
 endloop
 endfacet
 facet normal 0 -1 0
 outer loop 
 vertex 29.214 0.25 0.8807818604
 vertex 28.36890039 0.25 0.8037329712
 vertex 28.38080078 0.25 0.8025490112
 endloop
 endfacet
 facet normal -0 -1 0
 outer loop 
 vertex 28.38080078 0.25 0.8025490112
 vertex 29.214 0.25 0.8795408325
 vertex 29.214 0.25 0.8807818604
 endloop
 endfacet
 facet normal 0 -1 0
 outer loop 
 vertex 29.214 0.25 0.8814956665
 vertex 28.357 0.25 0.8039699707
 vertex 28.36890039 0.25 0.8037329712
 endloop
 endfacet
 facet normal -0 -1 0
 outer loop 
 vertex 28.36890039 0.25 0.8037329712
 vertex 29.214 0.25 0.8807818604
 vertex 29.214 0.25 0.8814956665
 endloop
 endfacet
 facet normal 0 -1 0
 outer loop 
 vertex 29.214 0.25 0.8816918335
 vertex 28.34509961 0.25 0.8032590332
 vertex 28.357 0.25 0.8039699707
 endloop
 endfacet
 facet normal -0 -1 0
 outer loop 
 vertex 28.357 0.25 0.8039699707
 vertex 29.214 0.25 0.8814956665
 vertex 29.214 0.25 0.8816918335
 endloop
 endfacet
 facet normal -0 -1 0
 outer loop 
 vertex 28.34509961 0.25 0.8032590332
 vertex 29.214 0.25 0.8816918335
 vertex 29.214 0.25 0.9725
 endloop
 endfacet
 facet normal 0 -1 0
 outer loop 
 vertex 29.214 0.25 0.8335998535
 vertex 28.48730078 0.25 0.7332630005
 vertex 28.49320117 0.25 0.7228950195
 endloop
 endfacet
 facet normal 0 -1 0
 outer loop 
 vertex 29.214 0.25 0.8398416138
 vertex 28.48059961 0.25 0.7431300049
 vertex 28.48730078 0.25 0.7332630005
 endloop
 endfacet
 facet normal -0 -1 0
 outer loop 
 vertex 28.48730078 0.25 0.7332630005
 vertex 29.214 0.25 0.8335998535
 vertex 29.214 0.25 0.8398416138
 endloop
 endfacet
 facet normal 0 -1 0
 outer loop 
 vertex 28.5025 0.25 0.7009199829
 vertex 28.50580078 0.25 0.6894519653
 vertex 29.214 0.25 0.8063898315
 endloop
 endfacet
 facet normal 0 -1 0
 outer loop 
 vertex 28.50580078 0.25 0.6894519653
 vertex 28.50809961 0.25 0.6777600098
 vertex 29.214 0.25 0.7992958374
 endloop
 endfacet
 facet normal 0 -1 -0
 outer loop 
 vertex 29.214 0.25 0.7992958374
 vertex 29.214 0.25 0.8063898315
 vertex 28.50580078 0.25 0.6894519653
 endloop
 endfacet
 facet normal 0 -1 0
 outer loop 
 vertex 29.214 0.25 0.8203415527
 vertex 28.49830078 0.25 0.7120910034
 vertex 28.5025 0.25 0.7009199829
 endloop
 endfacet
 facet normal 0 -1 -0
 outer loop 
 vertex 29.214 0.25 0.8063898315
 vertex 29.214 0.25 0.8134261475
 vertex 28.5025 0.25 0.7009199829
 endloop
 endfacet
 facet normal -0 -1 0
 outer loop 
 vertex 28.5025 0.25 0.7009199829
 vertex 29.214 0.25 0.8134261475
 vertex 29.214 0.25 0.8203415527
 endloop
 endfacet
 facet normal 0 -1 0
 outer loop 
 vertex 28.50809961 0.25 0.6777600098
 vertex 28.5095 0.25 0.6659179687
 vertex 29.214 0.25 0.7921893921
 endloop
 endfacet
 facet normal 0 -1 -0
 outer loop 
 vertex 29.214 0.25 0.7921893921
 vertex 29.214 0.25 0.7992958374
 vertex 28.50809961 0.25 0.6777600098
 endloop
 endfacet
 facet normal 0 -1 0
 outer loop 
 vertex 29.214 0.25 0.827085144
 vertex 28.49320117 0.25 0.7228950195
 vertex 28.49830078 0.25 0.7120910034
 endloop
 endfacet
 facet normal -0 -1 0
 outer loop 
 vertex 28.49320117 0.25 0.7228950195
 vertex 29.214 0.25 0.827085144
 vertex 29.214 0.25 0.8335998535
 endloop
 endfacet
 facet normal -0 -1 0
 outer loop 
 vertex 28.49830078 0.25 0.7120910034
 vertex 29.214 0.25 0.8203415527
 vertex 29.214 0.25 0.827085144
 endloop
 endfacet
 facet normal 0 -1 0
 outer loop 
 vertex 28.5095 0.25 0.6659179687
 vertex 28.51 0.25 0.654
 vertex 29.214 0.25 0.7851253052
 endloop
 endfacet
 facet normal 0 -1 -0
 outer loop 
 vertex 29.214 0.25 0.7851253052
 vertex 29.214 0.25 0.7921893921
 vertex 28.5095 0.25 0.6659179687
 endloop
 endfacet
 facet normal 0 -1 0
 outer loop 
 vertex 28.51 0.25 0.654
 vertex 28.5095 0.25 0.6420819702
 vertex 29.214 0.25 0.7781707153
 endloop
 endfacet
 facet normal 0 -1 0
 outer loop 
 vertex 28.5095 0.25 0.6420819702
 vertex 28.50809961 0.25 0.6302400513
 vertex 29.214 0.25 0.7713706665
 endloop
 endfacet
 facet normal 0 -1 -0
 outer loop 
 vertex 29.214 0.25 0.7713706665
 vertex 29.214 0.25 0.7781707153
 vertex 28.5095 0.25 0.6420819702
 endloop
 endfacet
 facet normal 0 -1 -0
 outer loop 
 vertex 29.214 0.25 0.7781707153
 vertex 29.214 0.25 0.7851253052
 vertex 28.51 0.25 0.654
 endloop
 endfacet
 facet normal 0 -1 0
 outer loop 
 vertex 28.50809961 0.25 0.6302400513
 vertex 28.50580078 0.25 0.6185479736
 vertex 29.214 0.25 0.7647789307
 endloop
 endfacet
 facet normal 0 -1 -0
 outer loop 
 vertex 29.214 0.25 0.7584614258
 vertex 29.214 0.25 0.7647789307
 vertex 28.50580078 0.25 0.6185479736
 endloop
 endfacet
 facet normal 0 -1 -0
 outer loop 
 vertex 29.214 0.25 0.7647789307
 vertex 29.214 0.25 0.7713706665
 vertex 28.50809961 0.25 0.6302400513
 endloop
 endfacet
 facet normal 0 -1 0
 outer loop 
 vertex 29.214 0.25 0.8457619019
 vertex 28.47319922 0.25 0.752434021
 vertex 28.48059961 0.25 0.7431300049
 endloop
 endfacet
 facet normal -0 -1 0
 outer loop 
 vertex 28.48059961 0.25 0.7431300049
 vertex 29.214 0.25 0.8398416138
 vertex 29.214 0.25 0.8457619019
 endloop
 endfacet
 facet normal 0 -1 0
 outer loop 
 vertex 29.214 0.25 0.8513301392
 vertex 28.465 0.25 0.7611149902
 vertex 28.47319922 0.25 0.752434021
 endloop
 endfacet
 facet normal 0 -1 0
 outer loop 
 vertex 29.214 0.25 0.8564998779
 vertex 28.45619922 0.25 0.7691190186
 vertex 28.465 0.25 0.7611149902
 endloop
 endfacet
 facet normal -0 -1 0
 outer loop 
 vertex 28.465 0.25 0.7611149902
 vertex 29.214 0.25 0.8513301392
 vertex 29.214 0.25 0.8564998779
 endloop
 endfacet
 facet normal -0 -1 0
 outer loop 
 vertex 28.47319922 0.25 0.752434021
 vertex 29.214 0.25 0.8457619019
 vertex 29.214 0.25 0.8513301392
 endloop
 endfacet
 facet normal 0 -1 0
 outer loop 
 vertex 29.214 0.25 0.8612495728
 vertex 28.44669922 0.25 0.7763959961
 vertex 28.45619922 0.25 0.7691190186
 endloop
 endfacet
 facet normal -0 -1 0
 outer loop 
 vertex 28.45619922 0.25 0.7691190186
 vertex 29.214 0.25 0.8564998779
 vertex 29.214 0.25 0.8612495728
 endloop
 endfacet
 facet normal 0 -1 0
 outer loop 
 vertex 29.214 0.25 0.8655412598
 vertex 28.43670117 0.25 0.7828980103
 vertex 28.44669922 0.25 0.7763959961
 endloop
 endfacet
 facet normal -0 -1 0
 outer loop 
 vertex 28.44669922 0.25 0.7763959961
 vertex 29.214 0.25 0.8612495728
 vertex 29.214 0.25 0.8655412598
 endloop
 endfacet
 facet normal 0 -1 0
 outer loop 
 vertex 29.214 0.25 0.8693572998
 vertex 28.42620117 0.25 0.7885859985
 vertex 28.43670117 0.25 0.7828980103
 endloop
 endfacet
 facet normal -0 -1 0
 outer loop 
 vertex 28.43670117 0.25 0.7828980103
 vertex 29.214 0.25 0.8655412598
 vertex 29.214 0.25 0.8693572998
 endloop
 endfacet
 facet normal -0 -1 0
 outer loop 
 vertex 28.42620117 0.25 0.7885859985
 vertex 29.214 0.25 0.8693572998
 vertex 29.214 0.25 0.8726765747
 endloop
 endfacet
 facet normal -0 -1 0
 outer loop 
 vertex 28.2885 0.25 -0.5221539917
 vertex 29.214 0.25 0.1940272064
 vertex 29.214 0.25 0.5786728516
 endloop
 endfacet
 facet normal 0 -1 -0
 outer loop 
 vertex 29.214 0.25 0.1508580627
 vertex 29.214 0.25 0.1577514954
 vertex 28.3925 0.25 -0.5075740356
 endloop
 endfacet
 facet normal 0 -1 -0
 outer loop 
 vertex 29.214 0.25 0.1435537872
 vertex 29.214 0.25 0.1508580627
 vertex 28.40409961 0.25 -0.5106220398
 endloop
 endfacet
 facet normal 0 -1 0
 outer loop 
 vertex 28.3925 0.25 -0.5075740356
 vertex 28.40409961 0.25 -0.5106220398
 vertex 29.214 0.25 0.1508580627
 endloop
 endfacet
 facet normal -0 -1 0
 outer loop 
 vertex 28.3925 0.25 -0.5075740356
 vertex 29.214 0.25 0.1577514954
 vertex 29.214 0.25 0.1640955811
 endloop
 endfacet
 facet normal -0 -1 0
 outer loop 
 vertex 28.38080078 0.25 -0.5054510193
 vertex 29.214 0.25 0.1640955811
 vertex 29.214 0.25 0.1699359589
 endloop
 endfacet
 facet normal -0 -1 0
 outer loop 
 vertex 28.36890039 0.25 -0.5042669678
 vertex 29.214 0.25 0.1699359589
 vertex 29.214 0.25 0.1751903229
 endloop
 endfacet
 facet normal 0 -1 0
 outer loop 
 vertex 29.214 0.25 0.1699359589
 vertex 28.36890039 0.25 -0.5042669678
 vertex 28.38080078 0.25 -0.5054510193
 endloop
 endfacet
 facet normal 0 -1 0
 outer loop 
 vertex 29.214 0.25 0.1640955811
 vertex 28.38080078 0.25 -0.5054510193
 vertex 28.3925 0.25 -0.5075740356
 endloop
 endfacet
 facet normal -0 -1 0
 outer loop 
 vertex 28.357 0.25 -0.5040299988
 vertex 29.214 0.25 0.1751903229
 vertex 29.214 0.25 0.1798693237
 endloop
 endfacet
 facet normal 0 -1 0
 outer loop 
 vertex 29.214 0.25 0.1751903229
 vertex 28.357 0.25 -0.5040299988
 vertex 28.36890039 0.25 -0.5042669678
 endloop
 endfacet
 facet normal -0 -1 0
 outer loop 
 vertex 28.33329883 0.25 -0.506394989
 vertex 29.214 0.25 0.1839450989
 vertex 29.214 0.25 0.1873924255
 endloop
 endfacet
 facet normal -0 -1 0
 outer loop 
 vertex 28.32169922 0.25 -0.5089830017
 vertex 29.214 0.25 0.1873924255
 vertex 29.214 0.25 0.1902320862
 endloop
 endfacet
 facet normal 0 -1 0
 outer loop 
 vertex 29.214 0.25 0.1873924255
 vertex 28.32169922 0.25 -0.5089830017
 vertex 28.33329883 0.25 -0.506394989
 endloop
 endfacet
 facet normal -0 -1 0
 outer loop 
 vertex 28.34509961 0.25 -0.5047410278
 vertex 29.214 0.25 0.1798693237
 vertex 29.214 0.25 0.1839450989
 endloop
 endfacet
 facet normal 0 -1 0
 outer loop 
 vertex 29.214 0.25 0.1839450989
 vertex 28.33329883 0.25 -0.506394989
 vertex 28.34509961 0.25 -0.5047410278
 endloop
 endfacet
 facet normal 0 -1 0
 outer loop 
 vertex 29.214 0.25 0.1798693237
 vertex 28.34509961 0.25 -0.5047410278
 vertex 28.357 0.25 -0.5040299988
 endloop
 endfacet
 facet normal -0 -1 0
 outer loop 
 vertex 28.29919922 0.25 -0.5168870239
 vertex 29.214 0.25 0.1924490662
 vertex 29.214 0.25 0.1940272064
 endloop
 endfacet
 facet normal 0 -1 0
 outer loop 
 vertex 29.214 0.25 0.1940272064
 vertex 28.2885 0.25 -0.5221539917
 vertex 28.29919922 0.25 -0.5168870239
 endloop
 endfacet
 facet normal -0 -1 0
 outer loop 
 vertex 28.31030078 0.25 -0.5124880371
 vertex 29.214 0.25 0.1902320862
 vertex 29.214 0.25 0.1924490662
 endloop
 endfacet
 facet normal 0 -1 0
 outer loop 
 vertex 29.214 0.25 0.1924490662
 vertex 28.29919922 0.25 -0.5168870239
 vertex 28.31030078 0.25 -0.5124880371
 endloop
 endfacet
 facet normal 0 -1 0
 outer loop 
 vertex 29.214 0.25 0.1902320862
 vertex 28.31030078 0.25 -0.5124880371
 vertex 28.32169922 0.25 -0.5089830017
 endloop
 endfacet
 facet normal 0 -1 -0
 outer loop 
 vertex 29.214 0.25 0.1358043213
 vertex 29.214 0.25 0.1435537872
 vertex 28.41530078 0.25 -0.5145780029
 endloop
 endfacet
 facet normal 0 -1 -0
 outer loop 
 vertex 29.214 0.25 0.1276691742
 vertex 29.214 0.25 0.1358043213
 vertex 28.42620117 0.25 -0.5194140015
 endloop
 endfacet
 facet normal 0 -1 0
 outer loop 
 vertex 28.41530078 0.25 -0.5145780029
 vertex 28.42620117 0.25 -0.5194140015
 vertex 29.214 0.25 0.1358043213
 endloop
 endfacet
 facet normal 0 -1 0
 outer loop 
 vertex 28.40409961 0.25 -0.5106220398
 vertex 28.41530078 0.25 -0.5145780029
 vertex 29.214 0.25 0.1435537872
 endloop
 endfacet
 facet normal 0 -1 -0
 outer loop 
 vertex 29.214 0.25 0.1192172165
 vertex 29.214 0.25 0.1276691742
 vertex 28.43670117 0.25 -0.5251019897
 endloop
 endfacet
 facet normal 0 -1 0
 outer loop 
 vertex 28.42620117 0.25 -0.5194140015
 vertex 28.43670117 0.25 -0.5251019897
 vertex 29.214 0.25 0.1276691742
 endloop
 endfacet
 facet normal 0 -1 -0
 outer loop 
 vertex 29.214 0.25 0.1104705963
 vertex 29.214 0.25 0.1192172165
 vertex 28.44669922 0.25 -0.5316040039
 endloop
 endfacet
 facet normal 0 -1 0
 outer loop 
 vertex 28.43670117 0.25 -0.5251019897
 vertex 28.44669922 0.25 -0.5316040039
 vertex 29.214 0.25 0.1192172165
 endloop
 endfacet
 facet normal 0 -1 -0
 outer loop 
 vertex 29.214 0.25 0.1015598755
 vertex 29.214 0.25 0.1104705963
 vertex 28.45619922 0.25 -0.5388809814
 endloop
 endfacet
 facet normal 0 -1 0
 outer loop 
 vertex 28.44669922 0.25 -0.5316040039
 vertex 28.45619922 0.25 -0.5388809814
 vertex 29.214 0.25 0.1104705963
 endloop
 endfacet
 facet normal 0 -1 -0
 outer loop 
 vertex 29.214 0.25 0.0924720993
 vertex 29.214 0.25 0.1015598755
 vertex 28.465 0.25 -0.5468850098
 endloop
 endfacet
 facet normal 0 -1 0
 outer loop 
 vertex 28.45619922 0.25 -0.5388809814
 vertex 28.465 0.25 -0.5468850098
 vertex 29.214 0.25 0.1015598755
 endloop
 endfacet
 facet normal 0 -1 -0
 outer loop 
 vertex 29.214 0.25 0.08334684753
 vertex 29.214 0.25 0.0924720993
 vertex 28.47319922 0.25 -0.55556604
 endloop
 endfacet
 facet normal 0 -1 0
 outer loop 
 vertex 28.465 0.25 -0.5468850098
 vertex 28.47319922 0.25 -0.55556604
 vertex 29.214 0.25 0.0924720993
 endloop
 endfacet
 facet normal 0 -1 -0
 outer loop 
 vertex 29.214 0.25 0.07417964935
 vertex 29.214 0.25 0.08334684753
 vertex 28.48059961 0.25 -0.5648699951
 endloop
 endfacet
 facet normal 0 -1 0
 outer loop 
 vertex 28.47319922 0.25 -0.55556604
 vertex 28.48059961 0.25 -0.5648699951
 vertex 29.214 0.25 0.08334684753
 endloop
 endfacet
 facet normal 0 -1 -0
 outer loop 
 vertex 29.214 0.25 0.06507044983
 vertex 29.214 0.25 0.07417964935
 vertex 28.48730078 0.25 -0.5747369995
 endloop
 endfacet
 facet normal 0 -1 0
 outer loop 
 vertex 28.48059961 0.25 -0.5648699951
 vertex 28.48730078 0.25 -0.5747369995
 vertex 29.214 0.25 0.07417964935
 endloop
 endfacet
 facet normal 0 -1 -0
 outer loop 
 vertex 29.214 0.25 0.05606949997
 vertex 29.214 0.25 0.06507044983
 vertex 28.49320117 0.25 -0.5851049805
 endloop
 endfacet
 facet normal 0 -1 0
 outer loop 
 vertex 28.48730078 0.25 -0.5747369995
 vertex 28.49320117 0.25 -0.5851049805
 vertex 29.214 0.25 0.06507044983
 endloop
 endfacet
 facet normal 0 -1 0
 outer loop 
 vertex 29.214 0.25 0.05606949997
 vertex 28.49830078 0.25 -0.5959089966
 vertex 29.214 0.25 -0.7524556885
 endloop
 endfacet
 facet normal 0 -1 0
 outer loop 
 vertex 28.49320117 0.25 -0.5851049805
 vertex 28.49830078 0.25 -0.5959089966
 vertex 29.214 0.25 0.05606949997
 endloop
 endfacet
 facet normal -0 -1 -0
 outer loop 
 vertex 29.214 0.25 -0.8814956665
 vertex 29.214 0.25 -0.8807818604
 vertex 28.36890039 0.25 -0.8037329712
 endloop
 endfacet
 facet normal -0 -1 -0
 outer loop 
 vertex 29.214 0.25 -0.9024380493
 vertex 29.214 0.25 -0.8814956665
 vertex 28.357 0.25 -0.8039699707
 endloop
 endfacet
 facet normal 0 -1 0
 outer loop 
 vertex 28.36890039 0.25 -0.8037329712
 vertex 28.357 0.25 -0.8039699707
 vertex 29.214 0.25 -0.8814956665
 endloop
 endfacet
 facet normal -0 -1 -0
 outer loop 
 vertex 29.214 0.25 -0.8807818604
 vertex 29.214 0.25 -0.8795408325
 vertex 28.38080078 0.25 -0.8025490112
 endloop
 endfacet
 facet normal 0 -1 0
 outer loop 
 vertex 28.38080078 0.25 -0.8025490112
 vertex 28.36890039 0.25 -0.8037329712
 vertex 29.214 0.25 -0.8807818604
 endloop
 endfacet
 facet normal -0 -1 -0
 outer loop 
 vertex 29.214 0.25 -0.8795408325
 vertex 29.214 0.25 -0.8777770386
 vertex 28.3925 0.25 -0.8004260254
 endloop
 endfacet
 facet normal 0 -1 0
 outer loop 
 vertex 28.3925 0.25 -0.8004260254
 vertex 28.38080078 0.25 -0.8025490112
 vertex 29.214 0.25 -0.8795408325
 endloop
 endfacet
 facet normal -0 -1 -0
 outer loop 
 vertex 29.214 0.25 -0.8777770386
 vertex 29.214 0.25 -0.8754833374
 vertex 28.40409961 0.25 -0.7973779907
 endloop
 endfacet
 facet normal 0 -1 0
 outer loop 
 vertex 28.40409961 0.25 -0.7973779907
 vertex 28.3925 0.25 -0.8004260254
 vertex 29.214 0.25 -0.8777770386
 endloop
 endfacet
 facet normal -0 -1 -0
 outer loop 
 vertex 29.214 0.25 -0.8754833374
 vertex 29.214 0.25 -0.8726765747
 vertex 28.41530078 0.25 -0.7934229736
 endloop
 endfacet
 facet normal 0 -1 0
 outer loop 
 vertex 28.41530078 0.25 -0.7934229736
 vertex 28.40409961 0.25 -0.7973779907
 vertex 29.214 0.25 -0.8754833374
 endloop
 endfacet
 facet normal -0 -1 -0
 outer loop 
 vertex 29.214 0.25 -0.8513301392
 vertex 29.214 0.25 -0.8457619019
 vertex 28.47319922 0.25 -0.752434021
 endloop
 endfacet
 facet normal -0 -1 -0
 outer loop 
 vertex 29.214 0.25 -0.8457619019
 vertex 29.214 0.25 -0.8398416138
 vertex 28.48059961 0.25 -0.7431300049
 endloop
 endfacet
 facet normal 0 -1 0
 outer loop 
 vertex 28.48059961 0.25 -0.7431300049
 vertex 28.47319922 0.25 -0.752434021
 vertex 29.214 0.25 -0.8457619019
 endloop
 endfacet
 facet normal -0 -1 -0
 outer loop 
 vertex 29.214 0.25 -0.8564998779
 vertex 29.214 0.25 -0.8513301392
 vertex 28.465 0.25 -0.7611149902
 endloop
 endfacet
 facet normal 0 -1 0
 outer loop 
 vertex 28.47319922 0.25 -0.752434021
 vertex 28.465 0.25 -0.7611149902
 vertex 29.214 0.25 -0.8513301392
 endloop
 endfacet
 facet normal -0 -1 -0
 outer loop 
 vertex 29.214 0.25 -0.8612495728
 vertex 29.214 0.25 -0.8564998779
 vertex 28.45619922 0.25 -0.7691190186
 endloop
 endfacet
 facet normal 0 -1 0
 outer loop 
 vertex 28.465 0.25 -0.7611149902
 vertex 28.45619922 0.25 -0.7691190186
 vertex 29.214 0.25 -0.8564998779
 endloop
 endfacet
 facet normal -0 -1 -0
 outer loop 
 vertex 29.214 0.25 -0.8655412598
 vertex 29.214 0.25 -0.8612495728
 vertex 28.44669922 0.25 -0.7763959961
 endloop
 endfacet
 facet normal 0 -1 0
 outer loop 
 vertex 28.45619922 0.25 -0.7691190186
 vertex 28.44669922 0.25 -0.7763959961
 vertex 29.214 0.25 -0.8612495728
 endloop
 endfacet
 facet normal -0 -1 -0
 outer loop 
 vertex 29.214 0.25 -0.8726765747
 vertex 29.214 0.25 -0.8693572998
 vertex 28.42620117 0.25 -0.7885859985
 endloop
 endfacet
 facet normal 0 -1 0
 outer loop 
 vertex 28.42620117 0.25 -0.7885859985
 vertex 28.41530078 0.25 -0.7934229736
 vertex 29.214 0.25 -0.8726765747
 endloop
 endfacet
 facet normal -0 -1 -0
 outer loop 
 vertex 29.214 0.25 -0.8693572998
 vertex 29.214 0.25 -0.8655412598
 vertex 28.43670117 0.25 -0.7828980103
 endloop
 endfacet
 facet normal 0 -1 0
 outer loop 
 vertex 28.43670117 0.25 -0.7828980103
 vertex 28.42620117 0.25 -0.7885859985
 vertex 29.214 0.25 -0.8693572998
 endloop
 endfacet
 facet normal 0 -1 0
 outer loop 
 vertex 28.44669922 0.25 -0.7763959961
 vertex 28.43670117 0.25 -0.7828980103
 vertex 29.214 0.25 -0.8655412598
 endloop
 endfacet
 facet normal -0 -1 -0
 outer loop 
 vertex 29.214 0.25 -0.8203415527
 vertex 29.214 0.25 -0.8134261475
 vertex 28.5025 0.25 -0.7009199829
 endloop
 endfacet
 facet normal 0 -1 0
 outer loop 
 vertex 28.5025 0.25 -0.7009199829
 vertex 29.214 0.25 -0.8134261475
 vertex 29.214 0.25 -0.8063898315
 endloop
 endfacet
 facet normal -0 -1 -0
 outer loop 
 vertex 29.214 0.25 -0.827085144
 vertex 29.214 0.25 -0.8203415527
 vertex 28.49830078 0.25 -0.7120910034
 endloop
 endfacet
 facet normal 0 -1 0
 outer loop 
 vertex 28.5025 0.25 -0.7009199829
 vertex 28.49830078 0.25 -0.7120910034
 vertex 29.214 0.25 -0.8203415527
 endloop
 endfacet
 facet normal -0 -1 -0
 outer loop 
 vertex 29.214 0.25 -0.8335998535
 vertex 29.214 0.25 -0.827085144
 vertex 28.49320117 0.25 -0.7228950195
 endloop
 endfacet
 facet normal 0 -1 0
 outer loop 
 vertex 28.49830078 0.25 -0.7120910034
 vertex 28.49320117 0.25 -0.7228950195
 vertex 29.214 0.25 -0.827085144
 endloop
 endfacet
 facet normal -0 -1 -0
 outer loop 
 vertex 29.214 0.25 -0.8398416138
 vertex 29.214 0.25 -0.8335998535
 vertex 28.48730078 0.25 -0.7332630005
 endloop
 endfacet
 facet normal 0 -1 0
 outer loop 
 vertex 28.49320117 0.25 -0.7228950195
 vertex 28.48730078 0.25 -0.7332630005
 vertex 29.214 0.25 -0.8335998535
 endloop
 endfacet
 facet normal 0 -1 0
 outer loop 
 vertex 28.48730078 0.25 -0.7332630005
 vertex 28.48059961 0.25 -0.7431300049
 vertex 29.214 0.25 -0.8398416138
 endloop
 endfacet
 facet normal 0 -1 0
 outer loop 
 vertex 28.51 0.25 -0.654
 vertex 29.214 0.25 -0.7851253052
 vertex 29.214 0.25 -0.7781707153
 endloop
 endfacet
 facet normal 0 -1 0
 outer loop 
 vertex 28.5095 0.25 -0.6420819702
 vertex 29.214 0.25 -0.7781707153
 vertex 29.214 0.25 -0.7713706665
 endloop
 endfacet
 facet normal 0 -1 0
 outer loop 
 vertex 29.214 0.25 -0.7781707153
 vertex 28.5095 0.25 -0.6420819702
 vertex 28.51 0.25 -0.654
 endloop
 endfacet
 facet normal 0 -1 0
 outer loop 
 vertex 28.5095 0.25 -0.6659179687
 vertex 29.214 0.25 -0.7921893921
 vertex 29.214 0.25 -0.7851253052
 endloop
 endfacet
 facet normal 0 -1 -0
 outer loop 
 vertex 29.214 0.25 -0.7851253052
 vertex 28.51 0.25 -0.654
 vertex 28.5095 0.25 -0.6659179687
 endloop
 endfacet
 facet normal 0 -1 0
 outer loop 
 vertex 28.50809961 0.25 -0.6777600098
 vertex 29.214 0.25 -0.7992958374
 vertex 29.214 0.25 -0.7921893921
 endloop
 endfacet
 facet normal 0 -1 -0
 outer loop 
 vertex 29.214 0.25 -0.7921893921
 vertex 28.5095 0.25 -0.6659179687
 vertex 28.50809961 0.25 -0.6777600098
 endloop
 endfacet
 facet normal 0 -1 0
 outer loop 
 vertex 28.50580078 0.25 -0.6894519653
 vertex 29.214 0.25 -0.8063898315
 vertex 29.214 0.25 -0.7992958374
 endloop
 endfacet
 facet normal 0 -1 -0
 outer loop 
 vertex 29.214 0.25 -0.7992958374
 vertex 28.50809961 0.25 -0.6777600098
 vertex 28.50580078 0.25 -0.6894519653
 endloop
 endfacet
 facet normal 0 -1 -0
 outer loop 
 vertex 29.214 0.25 -0.8063898315
 vertex 28.50580078 0.25 -0.6894519653
 vertex 28.5025 0.25 -0.7009199829
 endloop
 endfacet
 facet normal 0 -1 0
 outer loop 
 vertex 28.5025 0.25 -0.6070809937
 vertex 29.214 0.25 -0.7584614258
 vertex 29.214 0.25 -0.7524556885
 endloop
 endfacet
 facet normal 0 -1 0
 outer loop 
 vertex 29.214 0.25 -0.7524556885
 vertex 28.49830078 0.25 -0.5959089966
 vertex 28.5025 0.25 -0.6070809937
 endloop
 endfacet
 facet normal 0 -1 0
 outer loop 
 vertex 28.50580078 0.25 -0.6185479736
 vertex 29.214 0.25 -0.7647789307
 vertex 29.214 0.25 -0.7584614258
 endloop
 endfacet
 facet normal 0 -1 0
 outer loop 
 vertex 29.214 0.25 -0.7584614258
 vertex 28.5025 0.25 -0.6070809937
 vertex 28.50580078 0.25 -0.6185479736
 endloop
 endfacet
 facet normal 0 -1 0
 outer loop 
 vertex 28.50809961 0.25 -0.6302400513
 vertex 29.214 0.25 -0.7713706665
 vertex 29.214 0.25 -0.7647789307
 endloop
 endfacet
 facet normal 0 -1 0
 outer loop 
 vertex 29.214 0.25 -0.7647789307
 vertex 28.50580078 0.25 -0.6185479736
 vertex 28.50809961 0.25 -0.6302400513
 endloop
 endfacet
 facet normal 0 -1 0
 outer loop 
 vertex 29.214 0.25 -0.7713706665
 vertex 28.50809961 0.25 -0.6302400513
 vertex 28.5095 0.25 -0.6420819702
 endloop
 endfacet
 facet normal 0 1 -0
 outer loop 
 vertex 29.214 1.44 0
 vertex 29.214 1.44 -0.9725
 vertex 28.223 1.44 -0.9725
 endloop
 endfacet
 facet normal 0 1 -0
 outer loop 
 vertex 29.214 1.44 0
 vertex 28.223 1.44 -0.9725
 vertex 27.232 1.44 -0.9725
 endloop
 endfacet
endsolid PRO2STL version 1.0
