solid Mesh
  facet normal 0 0 1
    outer loop
      vertex 25.25 1.44 0.9725
      vertex 25.25 0.25 0.9725
      vertex 29.214 1.44 0.9725
    endloop
  endfacet
  facet normal 0 0 1
    outer loop
      vertex 25.25 0.25 0.9725
      vertex 30.22 0.25 0.9725
      vertex 29.214 1.44 0.9725
    endloop
  endfacet
  facet normal 0 0 1
    outer loop
      vertex 29.214 1.44 0.9725
      vertex 30.22 0.25 0.9725
      vertex 30.22 0.970894 0.9725
    endloop
  endfacet
  facet normal 0 -1 0
    outer loop
      vertex 26.1595 0.25 0.665918
      vertex 26.16 0.25 0.654
      vertex 28.3451 0.25 0.504741
    endloop
  endfacet
  facet normal 0 -1 0
    outer loop
      vertex 26.1595 0.25 0.665918
      vertex 28.3451 0.25 0.504741
      vertex 26.1581 0.25 0.67776
    endloop
  endfacet
  facet normal 0 -1 0
    outer loop
      vertex 30.22 0.25 -0.9725
      vertex 28.51 0.25 -0.654
      vertex 28.5095 0.25 -0.665918
    endloop
  endfacet
  facet normal 0 -1 0
    outer loop
      vertex 25.893 0.25 -0.560144
      vertex 25.9008 0.25 -0.551144
      vertex 26.1558 0.25 0.618548
    endloop
  endfacet
  facet normal 0 -1 0
    outer loop
      vertex 28.5095 0.25 -0.665918
      vertex 28.5081 0.25 -0.67776
      vertex 30.22 0.25 -0.9725
    endloop
  endfacet
  facet normal 0 -1 0
    outer loop
      vertex 28.5081 0.25 -0.67776
      vertex 28.5058 0.25 -0.689452
      vertex 30.22 0.25 -0.9725
    endloop
  endfacet
  facet normal 0 -1 0
    outer loop
      vertex 30.22 0.25 -0.9725
      vertex 28.5058 0.25 -0.689452
      vertex 28.5025 0.25 -0.70092
    endloop
  endfacet
  facet normal 0 -1 0
    outer loop
      vertex 28.5025 0.25 -0.70092
      vertex 28.4983 0.25 -0.712091
      vertex 30.22 0.25 -0.9725
    endloop
  endfacet
  facet normal 0 -1 0
    outer loop
      vertex 28.4983 0.25 -0.712091
      vertex 28.4932 0.25 -0.722895
      vertex 30.22 0.25 -0.9725
    endloop
  endfacet
  facet normal 0 -1 0
    outer loop
      vertex 30.22 0.25 -0.9725
      vertex 28.4932 0.25 -0.722895
      vertex 28.4873 0.25 -0.733263
    endloop
  endfacet
  facet normal 0 -1 0
    outer loop
      vertex 28.5081 0.25 0.67776
      vertex 28.5095 0.25 0.665918
      vertex 30.22 0.25 0.9725
    endloop
  endfacet
  facet normal 0 -1 0
    outer loop
      vertex 28.5095 0.25 0.665918
      vertex 28.51 0.25 0.654
      vertex 30.22 0.25 0.9725
    endloop
  endfacet
  facet normal 0 -1 0
    outer loop
      vertex 30.22 0.25 0.9725
      vertex 28.51 0.25 0.654
      vertex 28.5095 0.25 0.642082
    endloop
  endfacet
  facet normal 0 -1 0
    outer loop
      vertex 28.213 0.25 -0.624371
      vertex 26.1558 0.25 -0.618548
      vertex 28.2111 0.25 -0.636147
    endloop
  endfacet
  facet normal 0 -1 0
    outer loop
      vertex 26.1558 0.25 -0.618548
      vertex 28.2101 0.25 -0.648037
      vertex 28.2111 0.25 -0.636147
    endloop
  endfacet
  facet normal 0 -1 0
    outer loop
      vertex 28.465 0.25 -0.761115
      vertex 28.4562 0.25 -0.769119
      vertex 30.22 0.25 -0.9725
    endloop
  endfacet
  facet normal 0 -1 0
    outer loop
      vertex 28.4262 0.25 -0.788586
      vertex 28.4153 0.25 -0.793423
      vertex 30.22 0.25 -0.9725
    endloop
  endfacet
  facet normal 0 -1 0
    outer loop
      vertex 28.4153 0.25 -0.793423
      vertex 28.4041 0.25 -0.797378
      vertex 30.22 0.25 -0.9725
    endloop
  endfacet
  facet normal 0 -1 0
    outer loop
      vertex 30.22 0.25 -0.9725
      vertex 28.4041 0.25 -0.797378
      vertex 28.3925 0.25 -0.800426
    endloop
  endfacet
  facet normal 0 -1 0
    outer loop
      vertex 28.3925 0.25 -0.800426
      vertex 28.3808 0.25 -0.802549
      vertex 30.22 0.25 -0.9725
    endloop
  endfacet
  facet normal 0 -1 0
    outer loop
      vertex 28.3808 0.25 -0.802549
      vertex 28.3689 0.25 -0.803733
      vertex 30.22 0.25 -0.9725
    endloop
  endfacet
  facet normal 0 -1 0
    outer loop
      vertex 30.22 0.25 -0.9725
      vertex 28.3689 0.25 -0.803733
      vertex 28.357 0.25 -0.80397
    endloop
  endfacet
  facet normal 0 -1 0
    outer loop
      vertex 26.1558 0.25 -0.689452
      vertex 28.3451 0.25 -0.803259
      vertex 26.1581 0.25 -0.67776
    endloop
  endfacet
  facet normal 0 -1 0
    outer loop
      vertex 28.3451 0.25 -0.803259
      vertex 26.1595 0.25 -0.665918
      vertex 26.1581 0.25 -0.67776
    endloop
  endfacet
  facet normal 0 -1 0
    outer loop
      vertex 25.8695 0.25 -0.601453
      vertex 25.8741 0.25 -0.590457
      vertex 26.1558 0.25 0.618548
    endloop
  endfacet
  facet normal 0 -1 0
    outer loop
      vertex 25.9008 0.25 -0.551144
      vertex 25.9093 0.25 -0.542795
      vertex 26.1558 0.25 0.618548
    endloop
  endfacet
  facet normal 0 -1 0
    outer loop
      vertex 25.9093 0.25 -0.542795
      vertex 25.9185 0.25 -0.535148
      vertex 26.1558 0.25 0.618548
    endloop
  endfacet
  facet normal 0 -1 0
    outer loop
      vertex 26.1558 0.25 0.618548
      vertex 25.9185 0.25 -0.535148
      vertex 25.9282 0.25 -0.528254
    endloop
  endfacet
  facet normal 0 -1 0
    outer loop
      vertex 28.2158 0.25 0.695218
      vertex 28.2195 0.25 0.706547
      vertex 25.25 0.25 0.9725
    endloop
  endfacet
  facet normal 0 -1 0
    outer loop
      vertex 28.213 0.25 -0.624371
      vertex 28.2158 0.25 -0.612782
      vertex 26.1558 0.25 -0.618548
    endloop
  endfacet
  facet normal 0 -1 0
    outer loop
      vertex 28.2158 0.25 -0.612782
      vertex 28.2195 0.25 -0.601453
      vertex 26.1558 0.25 -0.618548
    endloop
  endfacet
  facet normal 0 -1 0
    outer loop
      vertex 26.1558 0.25 -0.618548
      vertex 28.2195 0.25 -0.601453
      vertex 28.2241 0.25 -0.590457
    endloop
  endfacet
  facet normal 0 -1 0
    outer loop
      vertex 28.4562 0.25 -0.769119
      vertex 28.4467 0.25 -0.776396
      vertex 30.22 0.25 -0.9725
    endloop
  endfacet
  facet normal 0 -1 0
    outer loop
      vertex 28.4467 0.25 -0.776396
      vertex 28.4367 0.25 -0.782898
      vertex 30.22 0.25 -0.9725
    endloop
  endfacet
  facet normal 0 -1 0
    outer loop
      vertex 30.22 0.25 -0.9725
      vertex 28.4367 0.25 -0.782898
      vertex 28.4262 0.25 -0.788586
    endloop
  endfacet
  facet normal 0 -1 0
    outer loop
      vertex 25.8741 0.25 -0.590457
      vertex 25.8796 0.25 -0.579863
      vertex 26.1558 0.25 0.618548
    endloop
  endfacet
  facet normal 0 -1 0
    outer loop
      vertex 25.8796 0.25 -0.579863
      vertex 25.8859 0.25 -0.569737
      vertex 26.1558 0.25 0.618548
    endloop
  endfacet
  facet normal 0 -1 0
    outer loop
      vertex 26.1558 0.25 0.618548
      vertex 25.8859 0.25 -0.569737
      vertex 25.893 0.25 -0.560144
    endloop
  endfacet
  facet normal 0 -1 0
    outer loop
      vertex 28.2195 0.25 0.706547
      vertex 28.2241 0.25 0.717543
      vertex 25.25 0.25 0.9725
    endloop
  endfacet
  facet normal 0 -1 0
    outer loop
      vertex 28.2241 0.25 0.717543
      vertex 28.2296 0.25 0.728137
      vertex 25.25 0.25 0.9725
    endloop
  endfacet
  facet normal 0 -1 0
    outer loop
      vertex 25.25 0.25 0.9725
      vertex 28.2296 0.25 0.728137
      vertex 28.2359 0.25 0.738263
    endloop
  endfacet
  facet normal 0 -1 0
    outer loop
      vertex 28.2885 0.25 -0.785846
      vertex 28.2782 0.25 -0.779746
      vertex 26.16 0.25 -0.654
    endloop
  endfacet
  facet normal 0 -1 0
    outer loop
      vertex 28.2782 0.25 -0.779746
      vertex 28.2685 0.25 -0.772852
      vertex 26.16 0.25 -0.654
    endloop
  endfacet
  facet normal 0 -1 0
    outer loop
      vertex 28.2685 0.25 -0.772852
      vertex 28.2593 0.25 -0.765205
      vertex 26.16 0.25 -0.654
    endloop
  endfacet
  facet normal 0 -1 0
    outer loop
      vertex 28.2593 0.25 -0.765205
      vertex 28.2508 0.25 -0.756856
      vertex 26.16 0.25 -0.654
    endloop
  endfacet
  facet normal 0 -1 0
    outer loop
      vertex 26.16 0.25 -0.654
      vertex 28.2508 0.25 -0.756856
      vertex 28.243 0.25 -0.747856
    endloop
  endfacet
  facet normal 0 -1 0
    outer loop
      vertex 28.243 0.25 -0.747856
      vertex 28.2359 0.25 -0.738263
      vertex 26.16 0.25 -0.654
    endloop
  endfacet
  facet normal 0 -1 0
    outer loop
      vertex 28.2359 0.25 -0.738263
      vertex 28.2296 0.25 -0.728137
      vertex 26.16 0.25 -0.654
    endloop
  endfacet
  facet normal 0 -1 0
    outer loop
      vertex 26.16 0.25 -0.654
      vertex 28.2296 0.25 -0.728137
      vertex 28.2241 0.25 -0.717543
    endloop
  endfacet
  facet normal 0 -1 0
    outer loop
      vertex 28.2241 0.25 -0.717543
      vertex 28.2195 0.25 -0.706547
      vertex 26.16 0.25 -0.654
    endloop
  endfacet
  facet normal 0 -1 0
    outer loop
      vertex 28.2195 0.25 -0.706547
      vertex 28.2158 0.25 -0.695218
      vertex 26.16 0.25 -0.654
    endloop
  endfacet
  facet normal 0 -1 0
    outer loop
      vertex 26.16 0.25 -0.654
      vertex 28.2158 0.25 -0.695218
      vertex 28.213 0.25 -0.683629
    endloop
  endfacet
  facet normal 0 -1 0
    outer loop
      vertex 28.213 0.25 -0.683629
      vertex 28.2111 0.25 -0.671853
      vertex 26.16 0.25 -0.654
    endloop
  endfacet
  facet normal 0 -1 0
    outer loop
      vertex 28.2111 0.25 -0.671853
      vertex 28.2101 0.25 -0.659963
      vertex 26.16 0.25 -0.654
    endloop
  endfacet
  facet normal 0 -1 0
    outer loop
      vertex 26.16 0.25 -0.654
      vertex 28.2101 0.25 -0.659963
      vertex 26.1595 0.25 -0.642082
    endloop
  endfacet
  facet normal 0 -1 0
    outer loop
      vertex 28.2101 0.25 -0.659963
      vertex 28.2101 0.25 -0.648037
      vertex 26.1595 0.25 -0.642082
    endloop
  endfacet
  facet normal 0 -1 0
    outer loop
      vertex 26.1595 0.25 -0.642082
      vertex 28.2101 0.25 -0.648037
      vertex 26.1581 0.25 -0.63024
    endloop
  endfacet
  facet normal 0 -1 0
    outer loop
      vertex 28.2101 0.25 -0.648037
      vertex 26.1558 0.25 -0.618548
      vertex 26.1581 0.25 -0.63024
    endloop
  endfacet
  facet normal 0 -1 0
    outer loop
      vertex 28.2241 0.25 -0.590457
      vertex 28.2296 0.25 -0.579863
      vertex 26.1558 0.25 -0.618548
    endloop
  endfacet
  facet normal 0 -1 0
    outer loop
      vertex 28.2296 0.25 -0.579863
      vertex 28.2359 0.25 -0.569737
      vertex 26.1558 0.25 -0.618548
    endloop
  endfacet
  facet normal 0 -1 0
    outer loop
      vertex 26.1558 0.25 -0.618548
      vertex 28.2359 0.25 -0.569737
      vertex 28.243 0.25 -0.560144
    endloop
  endfacet
  facet normal 0 -1 0
    outer loop
      vertex 28.243 0.25 -0.560144
      vertex 28.2508 0.25 -0.551144
      vertex 26.1558 0.25 -0.618548
    endloop
  endfacet
  facet normal 0 -1 0
    outer loop
      vertex 28.2508 0.25 -0.551144
      vertex 28.2593 0.25 -0.542795
      vertex 26.1558 0.25 -0.618548
    endloop
  endfacet
  facet normal 0 -1 0
    outer loop
      vertex 26.1558 0.25 -0.618548
      vertex 28.2593 0.25 -0.542795
      vertex 28.2685 0.25 -0.535148
    endloop
  endfacet
  facet normal 0 -1 0
    outer loop
      vertex 28.4932 0.25 -0.585105
      vertex 28.4983 0.25 -0.595909
      vertex 30.22 0.25 0.9725
    endloop
  endfacet
  facet normal 0 -1 0
    outer loop
      vertex 28.5058 0.25 -0.618548
      vertex 28.5081 0.25 -0.63024
      vertex 30.22 0.25 -0.9725
    endloop
  endfacet
  facet normal 0 -1 0
    outer loop
      vertex 28.5081 0.25 -0.63024
      vertex 28.5095 0.25 -0.642082
      vertex 30.22 0.25 -0.9725
    endloop
  endfacet
  facet normal 0 -1 0
    outer loop
      vertex 30.22 0.25 -0.9725
      vertex 28.5095 0.25 -0.642082
      vertex 28.51 0.25 -0.654
    endloop
  endfacet
  facet normal 0 -1 0
    outer loop
      vertex 28.2885 0.25 0.522154
      vertex 28.2782 0.25 0.528254
      vertex 26.1558 0.25 0.689452
    endloop
  endfacet
  facet normal 0 -1 0
    outer loop
      vertex 28.2782 0.25 0.528254
      vertex 28.2685 0.25 0.535148
      vertex 26.1558 0.25 0.689452
    endloop
  endfacet
  facet normal 0 -1 0
    outer loop
      vertex 28.2685 0.25 0.535148
      vertex 28.2593 0.25 0.542795
      vertex 26.1558 0.25 0.689452
    endloop
  endfacet
  facet normal 0 -1 0
    outer loop
      vertex 28.2593 0.25 0.542795
      vertex 28.2508 0.25 0.551144
      vertex 26.1558 0.25 0.689452
    endloop
  endfacet
  facet normal 0 -1 0
    outer loop
      vertex 26.1558 0.25 0.689452
      vertex 28.2508 0.25 0.551144
      vertex 28.243 0.25 0.560144
    endloop
  endfacet
  facet normal 0 -1 0
    outer loop
      vertex 28.243 0.25 0.560144
      vertex 28.2359 0.25 0.569737
      vertex 26.1558 0.25 0.689452
    endloop
  endfacet
  facet normal 0 -1 0
    outer loop
      vertex 28.2359 0.25 0.569737
      vertex 28.2296 0.25 0.579863
      vertex 26.1558 0.25 0.689452
    endloop
  endfacet
  facet normal 0 -1 0
    outer loop
      vertex 26.1558 0.25 0.689452
      vertex 28.2296 0.25 0.579863
      vertex 28.2241 0.25 0.590457
    endloop
  endfacet
  facet normal 0 -1 0
    outer loop
      vertex 25.9385 0.25 -0.785846
      vertex 25.9282 0.25 -0.779746
      vertex 25.25 0.25 -0.9725
    endloop
  endfacet
  facet normal 0 -1 0
    outer loop
      vertex 25.9282 0.25 -0.779746
      vertex 25.9185 0.25 -0.772852
      vertex 25.25 0.25 -0.9725
    endloop
  endfacet
  facet normal 0 -1 0
    outer loop
      vertex 25.25 0.25 -0.9725
      vertex 25.9185 0.25 -0.772852
      vertex 25.9093 0.25 -0.765205
    endloop
  endfacet
  facet normal 0 -1 0
    outer loop
      vertex 28.2359 0.25 0.738263
      vertex 28.243 0.25 0.747856
      vertex 25.25 0.25 0.9725
    endloop
  endfacet
  facet normal 0 -1 0
    outer loop
      vertex 28.243 0.25 0.747856
      vertex 28.2508 0.25 0.756856
      vertex 25.25 0.25 0.9725
    endloop
  endfacet
  facet normal 0 -1 0
    outer loop
      vertex 25.25 0.25 0.9725
      vertex 28.2508 0.25 0.756856
      vertex 28.2593 0.25 0.765205
    endloop
  endfacet
  facet normal 0 -1 0
    outer loop
      vertex 28.4932 0.25 0.722895
      vertex 28.4983 0.25 0.712091
      vertex 30.22 0.25 0.9725
    endloop
  endfacet
  facet normal 0 -1 0
    outer loop
      vertex 26.1595 0.25 -0.665918
      vertex 28.3451 0.25 -0.803259
      vertex 26.16 0.25 -0.654
    endloop
  endfacet
  facet normal 0 -1 0
    outer loop
      vertex 28.3451 0.25 -0.803259
      vertex 28.3333 0.25 -0.801605
      vertex 26.16 0.25 -0.654
    endloop
  endfacet
  facet normal 0 -1 0
    outer loop
      vertex 26.16 0.25 -0.654
      vertex 28.3333 0.25 -0.801605
      vertex 28.3217 0.25 -0.799017
    endloop
  endfacet
  facet normal 0 -1 0
    outer loop
      vertex 28.3103 0.25 -0.512488
      vertex 28.3217 0.25 -0.508983
      vertex 30.22 0.25 0.9725
    endloop
  endfacet
  facet normal 0 -1 0
    outer loop
      vertex 28.4873 0.25 -0.733263
      vertex 28.4806 0.25 -0.74313
      vertex 30.22 0.25 -0.9725
    endloop
  endfacet
  facet normal 0 -1 0
    outer loop
      vertex 28.4806 0.25 -0.74313
      vertex 28.4732 0.25 -0.752434
      vertex 30.22 0.25 -0.9725
    endloop
  endfacet
  facet normal 0 -1 0
    outer loop
      vertex 30.22 0.25 -0.9725
      vertex 28.4732 0.25 -0.752434
      vertex 28.465 0.25 -0.761115
    endloop
  endfacet
  facet normal 0 -1 0
    outer loop
      vertex 28.5095 0.25 0.642082
      vertex 28.5081 0.25 0.63024
      vertex 30.22 0.25 0.9725
    endloop
  endfacet
  facet normal 0 -1 0
    outer loop
      vertex 28.5081 0.25 0.63024
      vertex 28.5058 0.25 0.618548
      vertex 30.22 0.25 0.9725
    endloop
  endfacet
  facet normal 0 -1 0
    outer loop
      vertex 30.22 0.25 0.9725
      vertex 28.5058 0.25 0.618548
      vertex 28.5025 0.25 0.607081
    endloop
  endfacet
  facet normal 0 -1 0
    outer loop
      vertex 28.5025 0.25 0.607081
      vertex 28.4983 0.25 0.595909
      vertex 30.22 0.25 0.9725
    endloop
  endfacet
  facet normal 0 -1 0
    outer loop
      vertex 28.4983 0.25 0.595909
      vertex 28.4932 0.25 0.585105
      vertex 30.22 0.25 0.9725
    endloop
  endfacet
  facet normal 0 -1 0
    outer loop
      vertex 30.22 0.25 0.9725
      vertex 28.4932 0.25 0.585105
      vertex 28.4873 0.25 0.574737
    endloop
  endfacet
  facet normal 0 -1 0
    outer loop
      vertex 26.1432 0.25 -0.585105
      vertex 26.1483 0.25 -0.595909
      vertex 30.22 0.25 0.9725
    endloop
  endfacet
  facet normal 0 -1 0
    outer loop
      vertex 26.1483 0.25 -0.595909
      vertex 26.1525 0.25 -0.607081
      vertex 30.22 0.25 0.9725
    endloop
  endfacet
  facet normal 0 -1 0
    outer loop
      vertex 30.22 0.25 0.9725
      vertex 26.1525 0.25 -0.607081
      vertex 26.1558 0.25 -0.618548
    endloop
  endfacet
  facet normal 0 -1 0
    outer loop
      vertex 26.1581 0.25 0.67776
      vertex 28.3451 0.25 0.504741
      vertex 26.1558 0.25 0.689452
    endloop
  endfacet
  facet normal 0 -1 0
    outer loop
      vertex 28.3451 0.25 0.504741
      vertex 28.3333 0.25 0.506395
      vertex 26.1558 0.25 0.689452
    endloop
  endfacet
  facet normal 0 -1 0
    outer loop
      vertex 26.1558 0.25 0.689452
      vertex 28.3333 0.25 0.506395
      vertex 28.3217 0.25 0.508983
    endloop
  endfacet
  facet normal 0 -1 0
    outer loop
      vertex 26.1525 0.25 -0.70092
      vertex 30.22 0.25 -0.9725
      vertex 26.1558 0.25 -0.689452
    endloop
  endfacet
  facet normal 0 -1 0
    outer loop
      vertex 30.22 0.25 -0.9725
      vertex 28.357 0.25 -0.80397
      vertex 26.1558 0.25 -0.689452
    endloop
  endfacet
  facet normal 0 -1 0
    outer loop
      vertex 26.1558 0.25 -0.689452
      vertex 28.357 0.25 -0.80397
      vertex 28.3451 0.25 -0.803259
    endloop
  endfacet
  facet normal 0 -1 0
    outer loop
      vertex 26.1525 0.25 -0.70092
      vertex 26.1483 0.25 -0.712091
      vertex 30.22 0.25 -0.9725
    endloop
  endfacet
  facet normal 0 -1 0
    outer loop
      vertex 26.1483 0.25 -0.712091
      vertex 26.1432 0.25 -0.722895
      vertex 30.22 0.25 -0.9725
    endloop
  endfacet
  facet normal 0 -1 0
    outer loop
      vertex 30.22 0.25 -0.9725
      vertex 26.1432 0.25 -0.722895
      vertex 26.1373 0.25 -0.733263
    endloop
  endfacet
  facet normal 0 -1 0
    outer loop
      vertex 25.9385 0.25 0.522154
      vertex 25.9282 0.25 0.528254
      vertex 25.25 0.25 -0.9725
    endloop
  endfacet
  facet normal 0 -1 0
    outer loop
      vertex 25.9282 0.25 0.528254
      vertex 25.9185 0.25 0.535148
      vertex 25.25 0.25 -0.9725
    endloop
  endfacet
  facet normal 0 -1 0
    outer loop
      vertex 25.25 0.25 -0.9725
      vertex 25.9185 0.25 0.535148
      vertex 25.9093 0.25 0.542795
    endloop
  endfacet
  facet normal 0 -1 0
    outer loop
      vertex 28.4983 0.25 0.712091
      vertex 28.5025 0.25 0.70092
      vertex 30.22 0.25 0.9725
    endloop
  endfacet
  facet normal 0 -1 0
    outer loop
      vertex 28.5025 0.25 0.70092
      vertex 28.5058 0.25 0.689452
      vertex 30.22 0.25 0.9725
    endloop
  endfacet
  facet normal 0 -1 0
    outer loop
      vertex 30.22 0.25 0.9725
      vertex 28.5058 0.25 0.689452
      vertex 28.5081 0.25 0.67776
    endloop
  endfacet
  facet normal 0 -1 0
    outer loop
      vertex 28.3217 0.25 -0.799017
      vertex 28.3103 0.25 -0.795512
      vertex 26.16 0.25 -0.654
    endloop
  endfacet
  facet normal 0 -1 0
    outer loop
      vertex 28.3103 0.25 -0.795512
      vertex 28.2992 0.25 -0.791113
      vertex 26.16 0.25 -0.654
    endloop
  endfacet
  facet normal 0 -1 0
    outer loop
      vertex 26.16 0.25 -0.654
      vertex 28.2992 0.25 -0.791113
      vertex 28.2885 0.25 -0.785846
    endloop
  endfacet
  facet normal 0 -1 0
    outer loop
      vertex 30.22 0.25 0.9725
      vertex 28.4983 0.25 -0.595909
      vertex 30.22 0.25 -0.9725
    endloop
  endfacet
  facet normal 0 -1 0
    outer loop
      vertex 28.4983 0.25 -0.595909
      vertex 28.5025 0.25 -0.607081
      vertex 30.22 0.25 -0.9725
    endloop
  endfacet
  facet normal 0 -1 0
    outer loop
      vertex 30.22 0.25 -0.9725
      vertex 28.5025 0.25 -0.607081
      vertex 28.5058 0.25 -0.618548
    endloop
  endfacet
  facet normal 0 -1 0
    outer loop
      vertex 28.3217 0.25 0.508983
      vertex 28.3103 0.25 0.512488
      vertex 26.1558 0.25 0.689452
    endloop
  endfacet
  facet normal 0 -1 0
    outer loop
      vertex 28.3103 0.25 0.512488
      vertex 28.2992 0.25 0.516887
      vertex 26.1558 0.25 0.689452
    endloop
  endfacet
  facet normal 0 -1 0
    outer loop
      vertex 26.1558 0.25 0.689452
      vertex 28.2992 0.25 0.516887
      vertex 28.2885 0.25 0.522154
    endloop
  endfacet
  facet normal 0 -1 0
    outer loop
      vertex 26.0425 0.25 0.800426
      vertex 26.0541 0.25 0.797378
      vertex 28.213 0.25 0.624371
    endloop
  endfacet
  facet normal 0 -1 0
    outer loop
      vertex 28.213 0.25 0.624371
      vertex 26.0867 0.25 0.782898
      vertex 26.0967 0.25 0.776396
    endloop
  endfacet
  facet normal 0 -1 0
    outer loop
      vertex 25.9093 0.25 -0.765205
      vertex 25.9008 0.25 -0.756856
      vertex 25.25 0.25 -0.9725
    endloop
  endfacet
  facet normal 0 -1 0
    outer loop
      vertex 25.9008 0.25 -0.756856
      vertex 25.893 0.25 -0.747856
      vertex 25.25 0.25 -0.9725
    endloop
  endfacet
  facet normal 0 -1 0
    outer loop
      vertex 25.25 0.25 -0.9725
      vertex 25.893 0.25 -0.747856
      vertex 25.8859 0.25 -0.738263
    endloop
  endfacet
  facet normal 0 -1 0
    outer loop
      vertex 25.8859 0.25 -0.738263
      vertex 25.8796 0.25 -0.728137
      vertex 25.25 0.25 -0.9725
    endloop
  endfacet
  facet normal 0 -1 0
    outer loop
      vertex 25.8796 0.25 -0.728137
      vertex 25.8741 0.25 -0.717543
      vertex 25.25 0.25 -0.9725
    endloop
  endfacet
  facet normal 0 -1 0
    outer loop
      vertex 25.25 0.25 -0.9725
      vertex 25.8741 0.25 -0.717543
      vertex 25.8695 0.25 -0.706547
    endloop
  endfacet
  facet normal 0 -1 0
    outer loop
      vertex 26.1525 0.25 0.607081
      vertex 25.863 0.25 -0.624371
      vertex 26.1558 0.25 0.618548
    endloop
  endfacet
  facet normal 0 -1 0
    outer loop
      vertex 25.863 0.25 -0.624371
      vertex 25.8658 0.25 -0.612782
      vertex 26.1558 0.25 0.618548
    endloop
  endfacet
  facet normal 0 -1 0
    outer loop
      vertex 26.1558 0.25 0.618548
      vertex 25.8658 0.25 -0.612782
      vertex 25.8695 0.25 -0.601453
    endloop
  endfacet
  facet normal 0 -1 0
    outer loop
      vertex 26.1525 0.25 0.607081
      vertex 26.1483 0.25 0.595909
      vertex 25.863 0.25 -0.624371
    endloop
  endfacet
  facet normal 0 -1 0
    outer loop
      vertex 26.1483 0.25 0.595909
      vertex 26.1432 0.25 0.585105
      vertex 25.863 0.25 -0.624371
    endloop
  endfacet
  facet normal 0 -1 0
    outer loop
      vertex 25.863 0.25 -0.624371
      vertex 26.1432 0.25 0.585105
      vertex 26.1373 0.25 0.574737
    endloop
  endfacet
  facet normal 0 -1 0
    outer loop
      vertex 25.9093 0.25 0.765205
      vertex 25.9185 0.25 0.772852
      vertex 25.25 0.25 0.9725
    endloop
  endfacet
  facet normal 0 -1 0
    outer loop
      vertex 28.2593 0.25 0.765205
      vertex 28.2685 0.25 0.772852
      vertex 25.25 0.25 0.9725
    endloop
  endfacet
  facet normal 0 -1 0
    outer loop
      vertex 28.2685 0.25 0.772852
      vertex 28.2782 0.25 0.779746
      vertex 25.25 0.25 0.9725
    endloop
  endfacet
  facet normal 0 -1 0
    outer loop
      vertex 25.25 0.25 0.9725
      vertex 28.2782 0.25 0.779746
      vertex 28.2885 0.25 0.785846
    endloop
  endfacet
  facet normal 0 -1 0
    outer loop
      vertex 28.4153 0.25 -0.514578
      vertex 30.22 0.25 0.9725
      vertex 28.4041 0.25 -0.510622
    endloop
  endfacet
  facet normal 0 -1 0
    outer loop
      vertex 30.22 0.25 0.9725
      vertex 28.3925 0.25 -0.507574
      vertex 28.4041 0.25 -0.510622
    endloop
  endfacet
  facet normal 0 -1 0
    outer loop
      vertex 26.0762 0.25 -0.519414
      vertex 26.1595 0.25 0.642082
      vertex 26.0653 0.25 -0.514578
    endloop
  endfacet
  facet normal 0 -1 0
    outer loop
      vertex 26.1595 0.25 0.642082
      vertex 26.0541 0.25 -0.510622
      vertex 26.0653 0.25 -0.514578
    endloop
  endfacet
  facet normal 0 -1 0
    outer loop
      vertex 28.465 0.25 0.546885
      vertex 28.4562 0.25 0.538881
      vertex 30.22 0.25 0.9725
    endloop
  endfacet
  facet normal 0 -1 0
    outer loop
      vertex 28.4562 0.25 0.538881
      vertex 28.4467 0.25 0.531604
      vertex 30.22 0.25 0.9725
    endloop
  endfacet
  facet normal 0 -1 0
    outer loop
      vertex 26.0425 0.25 0.800426
      vertex 28.213 0.25 0.624371
      vertex 26.0308 0.25 0.802549
    endloop
  endfacet
  facet normal 0 -1 0
    outer loop
      vertex 26.0541 0.25 0.797378
      vertex 26.0653 0.25 0.793423
      vertex 28.213 0.25 0.624371
    endloop
  endfacet
  facet normal 0 -1 0
    outer loop
      vertex 26.0653 0.25 0.793423
      vertex 26.0762 0.25 0.788586
      vertex 28.213 0.25 0.624371
    endloop
  endfacet
  facet normal 0 -1 0
    outer loop
      vertex 28.213 0.25 0.624371
      vertex 26.0762 0.25 0.788586
      vertex 26.0867 0.25 0.782898
    endloop
  endfacet
  facet normal 0 -1 0
    outer loop
      vertex 26.0967 0.25 0.776396
      vertex 26.1062 0.25 0.769119
      vertex 28.213 0.25 0.624371
    endloop
  endfacet
  facet normal 0 -1 0
    outer loop
      vertex 26.1062 0.25 0.769119
      vertex 26.115 0.25 0.761115
      vertex 28.213 0.25 0.624371
    endloop
  endfacet
  facet normal 0 -1 0
    outer loop
      vertex 28.213 0.25 0.624371
      vertex 26.115 0.25 0.761115
      vertex 26.1232 0.25 0.752434
    endloop
  endfacet
  facet normal 0 -1 0
    outer loop
      vertex 26.1232 0.25 0.752434
      vertex 26.1306 0.25 0.74313
      vertex 28.213 0.25 0.624371
    endloop
  endfacet
  facet normal 0 -1 0
    outer loop
      vertex 26.1306 0.25 0.74313
      vertex 26.1373 0.25 0.733263
      vertex 28.213 0.25 0.624371
    endloop
  endfacet
  facet normal 0 -1 0
    outer loop
      vertex 28.213 0.25 0.624371
      vertex 26.1373 0.25 0.733263
      vertex 26.1432 0.25 0.722895
    endloop
  endfacet
  facet normal 0 -1 0
    outer loop
      vertex 28.2241 0.25 0.590457
      vertex 28.2195 0.25 0.601453
      vertex 26.1558 0.25 0.689452
    endloop
  endfacet
  facet normal 0 -1 0
    outer loop
      vertex 28.2195 0.25 0.601453
      vertex 28.2158 0.25 0.612782
      vertex 26.1558 0.25 0.689452
    endloop
  endfacet
  facet normal 0 -1 0
    outer loop
      vertex 26.1558 0.25 0.689452
      vertex 28.2158 0.25 0.612782
      vertex 26.1525 0.25 0.70092
    endloop
  endfacet
  facet normal 0 -1 0
    outer loop
      vertex 28.2158 0.25 0.612782
      vertex 28.213 0.25 0.624371
      vertex 26.1525 0.25 0.70092
    endloop
  endfacet
  facet normal 0 -1 0
    outer loop
      vertex 26.1525 0.25 0.70092
      vertex 28.213 0.25 0.624371
      vertex 26.1483 0.25 0.712091
    endloop
  endfacet
  facet normal 0 -1 0
    outer loop
      vertex 28.213 0.25 0.624371
      vertex 26.1432 0.25 0.722895
      vertex 26.1483 0.25 0.712091
    endloop
  endfacet
  facet normal 0 -1 0
    outer loop
      vertex 26.115 0.25 -0.761115
      vertex 26.1062 0.25 -0.769119
      vertex 30.22 0.25 -0.9725
    endloop
  endfacet
  facet normal 0 -1 0
    outer loop
      vertex 26.1062 0.25 -0.769119
      vertex 26.0967 0.25 -0.776396
      vertex 30.22 0.25 -0.9725
    endloop
  endfacet
  facet normal 0 -1 0
    outer loop
      vertex 26.115 0.25 0.546885
      vertex 26.1062 0.25 0.538881
      vertex 25.863 0.25 -0.624371
    endloop
  endfacet
  facet normal 0 -1 0
    outer loop
      vertex 25.9185 0.25 0.772852
      vertex 25.9282 0.25 0.779746
      vertex 25.25 0.25 0.9725
    endloop
  endfacet
  facet normal 0 -1 0
    outer loop
      vertex 25.9282 0.25 0.779746
      vertex 25.9385 0.25 0.785846
      vertex 25.25 0.25 0.9725
    endloop
  endfacet
  facet normal 0 -1 0
    outer loop
      vertex 25.25 0.25 0.9725
      vertex 25.9385 0.25 0.785846
      vertex 25.9492 0.25 0.791113
    endloop
  endfacet
  facet normal 0 -1 0
    outer loop
      vertex 30.22 0.25 0.9725
      vertex 28.4041 0.25 0.797378
      vertex 28.4153 0.25 0.793423
    endloop
  endfacet
  facet normal 0 -1 0
    outer loop
      vertex 28.4153 0.25 0.793423
      vertex 28.4262 0.25 0.788586
      vertex 30.22 0.25 0.9725
    endloop
  endfacet
  facet normal 0 -1 0
    outer loop
      vertex 28.4262 0.25 0.788586
      vertex 28.4367 0.25 0.782898
      vertex 30.22 0.25 0.9725
    endloop
  endfacet
  facet normal 0 -1 0
    outer loop
      vertex 30.22 0.25 0.9725
      vertex 28.4367 0.25 0.782898
      vertex 28.4467 0.25 0.776396
    endloop
  endfacet
  facet normal 0 -1 0
    outer loop
      vertex 28.4467 0.25 0.776396
      vertex 28.4562 0.25 0.769119
      vertex 30.22 0.25 0.9725
    endloop
  endfacet
  facet normal 0 -1 0
    outer loop
      vertex 28.4562 0.25 0.769119
      vertex 28.465 0.25 0.761115
      vertex 30.22 0.25 0.9725
    endloop
  endfacet
  facet normal 0 -1 0
    outer loop
      vertex 30.22 0.25 0.9725
      vertex 28.465 0.25 0.761115
      vertex 28.4732 0.25 0.752434
    endloop
  endfacet
  facet normal 0 -1 0
    outer loop
      vertex 28.4732 0.25 0.752434
      vertex 28.4806 0.25 0.74313
      vertex 30.22 0.25 0.9725
    endloop
  endfacet
  facet normal 0 -1 0
    outer loop
      vertex 28.4806 0.25 0.74313
      vertex 28.4873 0.25 0.733263
      vertex 30.22 0.25 0.9725
    endloop
  endfacet
  facet normal 0 -1 0
    outer loop
      vertex 30.22 0.25 0.9725
      vertex 28.4873 0.25 0.733263
      vertex 28.4932 0.25 0.722895
    endloop
  endfacet
  facet normal 0 -1 0
    outer loop
      vertex 28.2685 0.25 -0.535148
      vertex 28.2782 0.25 -0.528254
      vertex 26.1558 0.25 -0.618548
    endloop
  endfacet
  facet normal 0 -1 0
    outer loop
      vertex 28.2782 0.25 -0.528254
      vertex 28.2885 0.25 -0.522154
      vertex 26.1558 0.25 -0.618548
    endloop
  endfacet
  facet normal 0 -1 0
    outer loop
      vertex 26.1558 0.25 -0.618548
      vertex 28.2885 0.25 -0.522154
      vertex 30.22 0.25 0.9725
    endloop
  endfacet
  facet normal 0 -1 0
    outer loop
      vertex 28.2885 0.25 -0.522154
      vertex 28.2992 0.25 -0.516887
      vertex 30.22 0.25 0.9725
    endloop
  endfacet
  facet normal 0 -1 0
    outer loop
      vertex 30.22 0.25 0.9725
      vertex 28.2992 0.25 -0.516887
      vertex 28.3103 0.25 -0.512488
    endloop
  endfacet
  facet normal 0 -1 0
    outer loop
      vertex 28.3217 0.25 -0.508983
      vertex 28.3333 0.25 -0.506395
      vertex 30.22 0.25 0.9725
    endloop
  endfacet
  facet normal 0 -1 0
    outer loop
      vertex 28.3333 0.25 -0.506395
      vertex 28.3451 0.25 -0.504741
      vertex 30.22 0.25 0.9725
    endloop
  endfacet
  facet normal 0 -1 0
    outer loop
      vertex 30.22 0.25 0.9725
      vertex 28.3451 0.25 -0.504741
      vertex 28.357 0.25 -0.50403
    endloop
  endfacet
  facet normal 0 -1 0
    outer loop
      vertex 28.357 0.25 -0.50403
      vertex 28.3689 0.25 -0.504267
      vertex 30.22 0.25 0.9725
    endloop
  endfacet
  facet normal 0 -1 0
    outer loop
      vertex 28.3689 0.25 -0.504267
      vertex 28.3808 0.25 -0.505451
      vertex 30.22 0.25 0.9725
    endloop
  endfacet
  facet normal 0 -1 0
    outer loop
      vertex 30.22 0.25 0.9725
      vertex 28.3808 0.25 -0.505451
      vertex 28.3925 0.25 -0.507574
    endloop
  endfacet
  facet normal 0 -1 0
    outer loop
      vertex 28.4153 0.25 -0.514578
      vertex 28.4262 0.25 -0.519414
      vertex 30.22 0.25 0.9725
    endloop
  endfacet
  facet normal 0 -1 0
    outer loop
      vertex 28.4262 0.25 -0.519414
      vertex 28.4367 0.25 -0.525102
      vertex 30.22 0.25 0.9725
    endloop
  endfacet
  facet normal 0 -1 0
    outer loop
      vertex 30.22 0.25 0.9725
      vertex 28.4367 0.25 -0.525102
      vertex 28.4467 0.25 -0.531604
    endloop
  endfacet
  facet normal 0 -1 0
    outer loop
      vertex 28.4467 0.25 -0.531604
      vertex 28.4562 0.25 -0.538881
      vertex 30.22 0.25 0.9725
    endloop
  endfacet
  facet normal 0 -1 0
    outer loop
      vertex 28.4562 0.25 -0.538881
      vertex 28.465 0.25 -0.546885
      vertex 30.22 0.25 0.9725
    endloop
  endfacet
  facet normal 0 -1 0
    outer loop
      vertex 30.22 0.25 0.9725
      vertex 28.465 0.25 -0.546885
      vertex 28.4732 0.25 -0.555566
    endloop
  endfacet
  facet normal 0 -1 0
    outer loop
      vertex 28.4732 0.25 -0.555566
      vertex 28.4806 0.25 -0.56487
      vertex 30.22 0.25 0.9725
    endloop
  endfacet
  facet normal 0 -1 0
    outer loop
      vertex 28.4806 0.25 -0.56487
      vertex 28.4873 0.25 -0.574737
      vertex 30.22 0.25 0.9725
    endloop
  endfacet
  facet normal 0 -1 0
    outer loop
      vertex 30.22 0.25 0.9725
      vertex 28.4873 0.25 -0.574737
      vertex 28.4932 0.25 -0.585105
    endloop
  endfacet
  facet normal 0 -1 0
    outer loop
      vertex 28.4873 0.25 0.574737
      vertex 28.4806 0.25 0.56487
      vertex 30.22 0.25 0.9725
    endloop
  endfacet
  facet normal 0 -1 0
    outer loop
      vertex 28.4806 0.25 0.56487
      vertex 28.4732 0.25 0.555566
      vertex 30.22 0.25 0.9725
    endloop
  endfacet
  facet normal 0 -1 0
    outer loop
      vertex 30.22 0.25 0.9725
      vertex 28.4732 0.25 0.555566
      vertex 28.465 0.25 0.546885
    endloop
  endfacet
  facet normal 0 -1 0
    outer loop
      vertex 28.4467 0.25 0.531604
      vertex 28.4367 0.25 0.525102
      vertex 30.22 0.25 0.9725
    endloop
  endfacet
  facet normal 0 -1 0
    outer loop
      vertex 28.4367 0.25 0.525102
      vertex 28.4262 0.25 0.519414
      vertex 30.22 0.25 0.9725
    endloop
  endfacet
  facet normal 0 -1 0
    outer loop
      vertex 30.22 0.25 0.9725
      vertex 28.4262 0.25 0.519414
      vertex 26.1432 0.25 -0.585105
    endloop
  endfacet
  facet normal 0 -1 0
    outer loop
      vertex 26.0967 0.25 -0.776396
      vertex 26.0867 0.25 -0.782898
      vertex 30.22 0.25 -0.9725
    endloop
  endfacet
  facet normal 0 -1 0
    outer loop
      vertex 26.0867 0.25 -0.782898
      vertex 26.0762 0.25 -0.788586
      vertex 30.22 0.25 -0.9725
    endloop
  endfacet
  facet normal 0 -1 0
    outer loop
      vertex 30.22 0.25 -0.9725
      vertex 26.0762 0.25 -0.788586
      vertex 26.0653 0.25 -0.793423
    endloop
  endfacet
  facet normal 0 -1 0
    outer loop
      vertex 26.0189 0.25 -0.803733
      vertex 26.007 0.25 -0.80397
      vertex 25.25 0.25 -0.9725
    endloop
  endfacet
  facet normal 0 -1 0
    outer loop
      vertex 25.9093 0.25 0.542795
      vertex 25.9008 0.25 0.551144
      vertex 25.25 0.25 -0.9725
    endloop
  endfacet
  facet normal 0 -1 0
    outer loop
      vertex 25.9008 0.25 0.551144
      vertex 25.893 0.25 0.560144
      vertex 25.25 0.25 -0.9725
    endloop
  endfacet
  facet normal 0 -1 0
    outer loop
      vertex 25.25 0.25 -0.9725
      vertex 25.893 0.25 0.560144
      vertex 25.8859 0.25 0.569737
    endloop
  endfacet
  facet normal 0 -1 0
    outer loop
      vertex 25.8859 0.25 0.569737
      vertex 25.8796 0.25 0.579863
      vertex 25.25 0.25 -0.9725
    endloop
  endfacet
  facet normal 0 -1 0
    outer loop
      vertex 25.8796 0.25 0.579863
      vertex 25.8741 0.25 0.590457
      vertex 25.25 0.25 -0.9725
    endloop
  endfacet
  facet normal 0 -1 0
    outer loop
      vertex 25.25 0.25 -0.9725
      vertex 25.8741 0.25 0.590457
      vertex 25.25 0.25 0.9725
    endloop
  endfacet
  facet normal 0 -1 0
    outer loop
      vertex 25.8741 0.25 0.590457
      vertex 25.8695 0.25 0.601453
      vertex 25.25 0.25 0.9725
    endloop
  endfacet
  facet normal 0 -1 0
    outer loop
      vertex 25.9282 0.25 -0.528254
      vertex 25.9385 0.25 -0.522154
      vertex 26.1558 0.25 0.618548
    endloop
  endfacet
  facet normal 0 -1 0
    outer loop
      vertex 25.9385 0.25 -0.522154
      vertex 25.9492 0.25 -0.516887
      vertex 26.1558 0.25 0.618548
    endloop
  endfacet
  facet normal 0 -1 0
    outer loop
      vertex 26.1558 0.25 0.618548
      vertex 25.9492 0.25 -0.516887
      vertex 26.1581 0.25 0.63024
    endloop
  endfacet
  facet normal 0 -1 0
    outer loop
      vertex 25.9492 0.25 -0.516887
      vertex 25.9603 0.25 -0.512488
      vertex 26.1581 0.25 0.63024
    endloop
  endfacet
  facet normal 0 -1 0
    outer loop
      vertex 26.1581 0.25 0.63024
      vertex 25.9603 0.25 -0.512488
      vertex 25.9717 0.25 -0.508983
    endloop
  endfacet
  facet normal 0 -1 0
    outer loop
      vertex 28.4041 0.25 0.510622
      vertex 28.3925 0.25 0.507574
      vertex 26.0762 0.25 -0.519414
    endloop
  endfacet
  facet normal 0 -1 0
    outer loop
      vertex 28.3925 0.25 0.507574
      vertex 28.3808 0.25 0.505451
      vertex 26.0762 0.25 -0.519414
    endloop
  endfacet
  facet normal 0 -1 0
    outer loop
      vertex 26.0762 0.25 -0.519414
      vertex 28.3808 0.25 0.505451
      vertex 28.3689 0.25 0.504267
    endloop
  endfacet
  facet normal 0 -1 0
    outer loop
      vertex 26.16 0.25 0.654
      vertex 26.1595 0.25 0.642082
      vertex 28.3451 0.25 0.504741
    endloop
  endfacet
  facet normal 0 -1 0
    outer loop
      vertex 26.1595 0.25 0.642082
      vertex 26.0762 0.25 -0.519414
      vertex 28.3451 0.25 0.504741
    endloop
  endfacet
  facet normal 0 -1 0
    outer loop
      vertex 28.3451 0.25 0.504741
      vertex 26.0762 0.25 -0.519414
      vertex 28.357 0.25 0.50403
    endloop
  endfacet
  facet normal 0 -1 0
    outer loop
      vertex 26.0762 0.25 -0.519414
      vertex 28.3689 0.25 0.504267
      vertex 28.357 0.25 0.50403
    endloop
  endfacet
  facet normal 0 -1 0
    outer loop
      vertex 26.1373 0.25 -0.733263
      vertex 26.1306 0.25 -0.74313
      vertex 30.22 0.25 -0.9725
    endloop
  endfacet
  facet normal 0 -1 0
    outer loop
      vertex 26.1306 0.25 -0.74313
      vertex 26.1232 0.25 -0.752434
      vertex 30.22 0.25 -0.9725
    endloop
  endfacet
  facet normal 0 -1 0
    outer loop
      vertex 30.22 0.25 -0.9725
      vertex 26.1232 0.25 -0.752434
      vertex 26.115 0.25 -0.761115
    endloop
  endfacet
  facet normal 0 -1 0
    outer loop
      vertex 26.007 0.25 -0.80397
      vertex 25.9951 0.25 -0.803259
      vertex 25.25 0.25 -0.9725
    endloop
  endfacet
  facet normal 0 -1 0
    outer loop
      vertex 25.9951 0.25 -0.803259
      vertex 25.9833 0.25 -0.801605
      vertex 25.25 0.25 -0.9725
    endloop
  endfacet
  facet normal 0 -1 0
    outer loop
      vertex 25.25 0.25 -0.9725
      vertex 25.9833 0.25 -0.801605
      vertex 25.9717 0.25 -0.799017
    endloop
  endfacet
  facet normal 0 -1 0
    outer loop
      vertex 25.9717 0.25 -0.799017
      vertex 25.9603 0.25 -0.795512
      vertex 25.25 0.25 -0.9725
    endloop
  endfacet
  facet normal 0 -1 0
    outer loop
      vertex 25.9603 0.25 -0.795512
      vertex 25.9492 0.25 -0.791113
      vertex 25.25 0.25 -0.9725
    endloop
  endfacet
  facet normal 0 -1 0
    outer loop
      vertex 25.25 0.25 -0.9725
      vertex 25.9492 0.25 -0.791113
      vertex 25.9385 0.25 -0.785846
    endloop
  endfacet
  facet normal 0 -1 0
    outer loop
      vertex 26.1062 0.25 0.538881
      vertex 26.0967 0.25 0.531604
      vertex 25.863 0.25 -0.624371
    endloop
  endfacet
  facet normal 0 -1 0
    outer loop
      vertex 26.0967 0.25 0.531604
      vertex 26.0867 0.25 0.525102
      vertex 25.863 0.25 -0.624371
    endloop
  endfacet
  facet normal 0 -1 0
    outer loop
      vertex 25.863 0.25 -0.624371
      vertex 26.0867 0.25 0.525102
      vertex 26.0762 0.25 0.519414
    endloop
  endfacet
  facet normal 0 -1 0
    outer loop
      vertex 25.8695 0.25 -0.706547
      vertex 25.8658 0.25 -0.695218
      vertex 25.25 0.25 -0.9725
    endloop
  endfacet
  facet normal 0 -1 0
    outer loop
      vertex 25.8658 0.25 -0.695218
      vertex 25.863 0.25 -0.683629
      vertex 25.25 0.25 -0.9725
    endloop
  endfacet
  facet normal 0 -1 0
    outer loop
      vertex 25.25 0.25 -0.9725
      vertex 25.863 0.25 -0.683629
      vertex 25.8611 0.25 -0.671853
    endloop
  endfacet
  facet normal 0 -1 0
    outer loop
      vertex 25.8695 0.25 0.601453
      vertex 25.8658 0.25 0.612782
      vertex 25.25 0.25 0.9725
    endloop
  endfacet
  facet normal 0 -1 0
    outer loop
      vertex 25.8658 0.25 0.612782
      vertex 25.863 0.25 0.624371
      vertex 25.25 0.25 0.9725
    endloop
  endfacet
  facet normal 0 -1 0
    outer loop
      vertex 25.25 0.25 0.9725
      vertex 25.863 0.25 0.624371
      vertex 25.8611 0.25 0.636147
    endloop
  endfacet
  facet normal 0 -1 0
    outer loop
      vertex 25.8611 0.25 0.636147
      vertex 25.8601 0.25 0.648037
      vertex 25.25 0.25 0.9725
    endloop
  endfacet
  facet normal 0 -1 0
    outer loop
      vertex 25.8601 0.25 0.648037
      vertex 25.8601 0.25 0.659963
      vertex 25.25 0.25 0.9725
    endloop
  endfacet
  facet normal 0 -1 0
    outer loop
      vertex 25.25 0.25 0.9725
      vertex 25.8601 0.25 0.659963
      vertex 25.8611 0.25 0.671853
    endloop
  endfacet
  facet normal 0 -1 0
    outer loop
      vertex 25.8695 0.25 0.706547
      vertex 25.8741 0.25 0.717543
      vertex 25.25 0.25 0.9725
    endloop
  endfacet
  facet normal 0 -1 0
    outer loop
      vertex 25.8741 0.25 0.717543
      vertex 25.8796 0.25 0.728137
      vertex 25.25 0.25 0.9725
    endloop
  endfacet
  facet normal 0 -1 0
    outer loop
      vertex 25.25 0.25 0.9725
      vertex 25.8796 0.25 0.728137
      vertex 25.8859 0.25 0.738263
    endloop
  endfacet
  facet normal 0 -1 0
    outer loop
      vertex 25.8859 0.25 0.738263
      vertex 25.893 0.25 0.747856
      vertex 25.25 0.25 0.9725
    endloop
  endfacet
  facet normal 0 -1 0
    outer loop
      vertex 25.893 0.25 0.747856
      vertex 25.9008 0.25 0.756856
      vertex 25.25 0.25 0.9725
    endloop
  endfacet
  facet normal 0 -1 0
    outer loop
      vertex 25.25 0.25 0.9725
      vertex 25.9008 0.25 0.756856
      vertex 25.9093 0.25 0.765205
    endloop
  endfacet
  facet normal 0 -1 0
    outer loop
      vertex 26.0308 0.25 0.802549
      vertex 28.213 0.25 0.624371
      vertex 26.0189 0.25 0.803733
    endloop
  endfacet
  facet normal 0 -1 0
    outer loop
      vertex 28.213 0.25 0.624371
      vertex 28.2111 0.25 0.636147
      vertex 26.0189 0.25 0.803733
    endloop
  endfacet
  facet normal 0 -1 0
    outer loop
      vertex 26.0189 0.25 0.803733
      vertex 28.2111 0.25 0.636147
      vertex 28.2101 0.25 0.648037
    endloop
  endfacet
  facet normal 0 -1 0
    outer loop
      vertex 25.9492 0.25 0.791113
      vertex 25.9603 0.25 0.795512
      vertex 25.25 0.25 0.9725
    endloop
  endfacet
  facet normal 0 -1 0
    outer loop
      vertex 25.9603 0.25 0.795512
      vertex 25.9717 0.25 0.799017
      vertex 25.25 0.25 0.9725
    endloop
  endfacet
  facet normal 0 -1 0
    outer loop
      vertex 25.25 0.25 0.9725
      vertex 25.9717 0.25 0.799017
      vertex 25.9833 0.25 0.801605
    endloop
  endfacet
  facet normal 0 -1 0
    outer loop
      vertex 28.3689 0.25 0.803733
      vertex 28.3808 0.25 0.802549
      vertex 30.22 0.25 0.9725
    endloop
  endfacet
  facet normal 0 -1 0
    outer loop
      vertex 28.3808 0.25 0.802549
      vertex 28.3925 0.25 0.800426
      vertex 30.22 0.25 0.9725
    endloop
  endfacet
  facet normal 0 -1 0
    outer loop
      vertex 30.22 0.25 0.9725
      vertex 28.3925 0.25 0.800426
      vertex 28.4041 0.25 0.797378
    endloop
  endfacet
  facet normal 0 -1 0
    outer loop
      vertex 26.0653 0.25 -0.793423
      vertex 26.0541 0.25 -0.797378
      vertex 30.22 0.25 -0.9725
    endloop
  endfacet
  facet normal 0 -1 0
    outer loop
      vertex 26.0541 0.25 -0.797378
      vertex 26.0425 0.25 -0.800426
      vertex 30.22 0.25 -0.9725
    endloop
  endfacet
  facet normal 0 -1 0
    outer loop
      vertex 30.22 0.25 -0.9725
      vertex 26.0425 0.25 -0.800426
      vertex 25.25 0.25 -0.9725
    endloop
  endfacet
  facet normal 0 -1 0
    outer loop
      vertex 26.0425 0.25 -0.800426
      vertex 26.0308 0.25 -0.802549
      vertex 25.25 0.25 -0.9725
    endloop
  endfacet
  facet normal 0 -1 0
    outer loop
      vertex 25.25 0.25 -0.9725
      vertex 26.0308 0.25 -0.802549
      vertex 26.0189 0.25 -0.803733
    endloop
  endfacet
  facet normal 0 -1 0
    outer loop
      vertex 26.1373 0.25 0.574737
      vertex 26.1306 0.25 0.56487
      vertex 25.863 0.25 -0.624371
    endloop
  endfacet
  facet normal 0 -1 0
    outer loop
      vertex 26.1306 0.25 0.56487
      vertex 26.1232 0.25 0.555566
      vertex 25.863 0.25 -0.624371
    endloop
  endfacet
  facet normal 0 -1 0
    outer loop
      vertex 25.863 0.25 -0.624371
      vertex 26.1232 0.25 0.555566
      vertex 26.115 0.25 0.546885
    endloop
  endfacet
  facet normal 0 -1 0
    outer loop
      vertex 25.8611 0.25 0.671853
      vertex 25.863 0.25 0.683629
      vertex 25.25 0.25 0.9725
    endloop
  endfacet
  facet normal 0 -1 0
    outer loop
      vertex 25.863 0.25 0.683629
      vertex 25.8658 0.25 0.695218
      vertex 25.25 0.25 0.9725
    endloop
  endfacet
  facet normal 0 -1 0
    outer loop
      vertex 25.25 0.25 0.9725
      vertex 25.8658 0.25 0.695218
      vertex 25.8695 0.25 0.706547
    endloop
  endfacet
  facet normal 0 -1 0
    outer loop
      vertex 28.2885 0.25 0.785846
      vertex 28.2992 0.25 0.791113
      vertex 25.25 0.25 0.9725
    endloop
  endfacet
  facet normal 0 -1 0
    outer loop
      vertex 28.2992 0.25 0.791113
      vertex 28.3103 0.25 0.795512
      vertex 25.25 0.25 0.9725
    endloop
  endfacet
  facet normal 0 -1 0
    outer loop
      vertex 25.25 0.25 0.9725
      vertex 28.3103 0.25 0.795512
      vertex 28.3217 0.25 0.799017
    endloop
  endfacet
  facet normal 0 -1 0
    outer loop
      vertex 25.9717 0.25 -0.508983
      vertex 25.9833 0.25 -0.506395
      vertex 26.1581 0.25 0.63024
    endloop
  endfacet
  facet normal 0 -1 0
    outer loop
      vertex 25.9833 0.25 -0.506395
      vertex 25.9951 0.25 -0.504741
      vertex 26.1581 0.25 0.63024
    endloop
  endfacet
  facet normal 0 -1 0
    outer loop
      vertex 26.1581 0.25 0.63024
      vertex 25.9951 0.25 -0.504741
      vertex 26.007 0.25 -0.50403
    endloop
  endfacet
  facet normal 0 -1 0
    outer loop
      vertex 26.007 0.25 -0.50403
      vertex 26.0189 0.25 -0.504267
      vertex 26.1581 0.25 0.63024
    endloop
  endfacet
  facet normal 0 -1 0
    outer loop
      vertex 26.0189 0.25 -0.504267
      vertex 26.0308 0.25 -0.505451
      vertex 26.1581 0.25 0.63024
    endloop
  endfacet
  facet normal 0 -1 0
    outer loop
      vertex 26.1581 0.25 0.63024
      vertex 26.0308 0.25 -0.505451
      vertex 26.1595 0.25 0.642082
    endloop
  endfacet
  facet normal 0 -1 0
    outer loop
      vertex 26.0308 0.25 -0.505451
      vertex 26.0425 0.25 -0.507574
      vertex 26.1595 0.25 0.642082
    endloop
  endfacet
  facet normal 0 -1 0
    outer loop
      vertex 26.1595 0.25 0.642082
      vertex 26.0425 0.25 -0.507574
      vertex 26.0541 0.25 -0.510622
    endloop
  endfacet
  facet normal 0 -1 0
    outer loop
      vertex 26.0762 0.25 -0.519414
      vertex 26.0867 0.25 -0.525102
      vertex 28.4041 0.25 0.510622
    endloop
  endfacet
  facet normal 0 -1 0
    outer loop
      vertex 26.0867 0.25 -0.525102
      vertex 26.0967 0.25 -0.531604
      vertex 28.4041 0.25 0.510622
    endloop
  endfacet
  facet normal 0 -1 0
    outer loop
      vertex 28.4041 0.25 0.510622
      vertex 26.0967 0.25 -0.531604
      vertex 28.4153 0.25 0.514578
    endloop
  endfacet
  facet normal 0 -1 0
    outer loop
      vertex 26.0967 0.25 -0.531604
      vertex 26.1062 0.25 -0.538881
      vertex 28.4153 0.25 0.514578
    endloop
  endfacet
  facet normal 0 -1 0
    outer loop
      vertex 28.4153 0.25 0.514578
      vertex 26.1062 0.25 -0.538881
      vertex 28.4262 0.25 0.519414
    endloop
  endfacet
  facet normal 0 -1 0
    outer loop
      vertex 26.1062 0.25 -0.538881
      vertex 26.115 0.25 -0.546885
      vertex 28.4262 0.25 0.519414
    endloop
  endfacet
  facet normal 0 -1 0
    outer loop
      vertex 28.4262 0.25 0.519414
      vertex 26.115 0.25 -0.546885
      vertex 26.1232 0.25 -0.555566
    endloop
  endfacet
  facet normal 0 -1 0
    outer loop
      vertex 26.1232 0.25 -0.555566
      vertex 26.1306 0.25 -0.56487
      vertex 28.4262 0.25 0.519414
    endloop
  endfacet
  facet normal 0 -1 0
    outer loop
      vertex 26.1306 0.25 -0.56487
      vertex 26.1373 0.25 -0.574737
      vertex 28.4262 0.25 0.519414
    endloop
  endfacet
  facet normal 0 -1 0
    outer loop
      vertex 28.4262 0.25 0.519414
      vertex 26.1373 0.25 -0.574737
      vertex 26.1432 0.25 -0.585105
    endloop
  endfacet
  facet normal 0 -1 0
    outer loop
      vertex 26.0762 0.25 0.519414
      vertex 26.0653 0.25 0.514578
      vertex 25.863 0.25 -0.624371
    endloop
  endfacet
  facet normal 0 -1 0
    outer loop
      vertex 26.0653 0.25 0.514578
      vertex 26.0541 0.25 0.510622
      vertex 25.863 0.25 -0.624371
    endloop
  endfacet
  facet normal 0 -1 0
    outer loop
      vertex 25.863 0.25 -0.624371
      vertex 26.0541 0.25 0.510622
      vertex 26.0425 0.25 0.507574
    endloop
  endfacet
  facet normal 0 -1 0
    outer loop
      vertex 26.0425 0.25 0.507574
      vertex 26.0308 0.25 0.505451
      vertex 25.863 0.25 -0.624371
    endloop
  endfacet
  facet normal 0 -1 0
    outer loop
      vertex 26.0308 0.25 0.505451
      vertex 26.0189 0.25 0.504267
      vertex 25.863 0.25 -0.624371
    endloop
  endfacet
  facet normal 0 -1 0
    outer loop
      vertex 25.863 0.25 -0.624371
      vertex 26.0189 0.25 0.504267
      vertex 25.8611 0.25 -0.636147
    endloop
  endfacet
  facet normal 0 -1 0
    outer loop
      vertex 25.9833 0.25 0.801605
      vertex 25.9951 0.25 0.803259
      vertex 25.25 0.25 0.9725
    endloop
  endfacet
  facet normal 0 -1 0
    outer loop
      vertex 25.9951 0.25 0.803259
      vertex 26.007 0.25 0.80397
      vertex 25.25 0.25 0.9725
    endloop
  endfacet
  facet normal 0 -1 0
    outer loop
      vertex 25.25 0.25 0.9725
      vertex 26.007 0.25 0.80397
      vertex 26.0189 0.25 0.803733
    endloop
  endfacet
  facet normal 0 -1 0
    outer loop
      vertex 28.3217 0.25 0.799017
      vertex 28.3333 0.25 0.801605
      vertex 25.25 0.25 0.9725
    endloop
  endfacet
  facet normal 0 -1 0
    outer loop
      vertex 28.3333 0.25 0.801605
      vertex 28.3451 0.25 0.803259
      vertex 25.25 0.25 0.9725
    endloop
  endfacet
  facet normal 0 -1 0
    outer loop
      vertex 25.25 0.25 0.9725
      vertex 28.3451 0.25 0.803259
      vertex 30.22 0.25 0.9725
    endloop
  endfacet
  facet normal 0 -1 0
    outer loop
      vertex 28.3451 0.25 0.803259
      vertex 28.357 0.25 0.80397
      vertex 30.22 0.25 0.9725
    endloop
  endfacet
  facet normal 0 -1 0
    outer loop
      vertex 30.22 0.25 0.9725
      vertex 28.357 0.25 0.80397
      vertex 28.3689 0.25 0.803733
    endloop
  endfacet
  facet normal 0 -1 0
    outer loop
      vertex 26.0189 0.25 0.504267
      vertex 26.007 0.25 0.50403
      vertex 25.8611 0.25 -0.636147
    endloop
  endfacet
  facet normal 0 -1 0
    outer loop
      vertex 26.007 0.25 0.50403
      vertex 25.9951 0.25 0.504741
      vertex 25.8611 0.25 -0.636147
    endloop
  endfacet
  facet normal 0 -1 0
    outer loop
      vertex 25.8611 0.25 -0.636147
      vertex 25.9951 0.25 0.504741
      vertex 25.9833 0.25 0.506395
    endloop
  endfacet
  facet normal 0 -1 0
    outer loop
      vertex 25.8611 0.25 -0.671853
      vertex 25.8601 0.25 -0.659963
      vertex 25.25 0.25 -0.9725
    endloop
  endfacet
  facet normal 0 -1 0
    outer loop
      vertex 25.8601 0.25 -0.659963
      vertex 25.8601 0.25 -0.648037
      vertex 25.25 0.25 -0.9725
    endloop
  endfacet
  facet normal 0 -1 0
    outer loop
      vertex 25.25 0.25 -0.9725
      vertex 25.8601 0.25 -0.648037
      vertex 25.8611 0.25 -0.636147
    endloop
  endfacet
  facet normal 0 -1 0
    outer loop
      vertex 28.2101 0.25 0.648037
      vertex 28.2101 0.25 0.659963
      vertex 26.0189 0.25 0.803733
    endloop
  endfacet
  facet normal 0 -1 0
    outer loop
      vertex 28.2101 0.25 0.659963
      vertex 28.2111 0.25 0.671853
      vertex 26.0189 0.25 0.803733
    endloop
  endfacet
  facet normal 0 -1 0
    outer loop
      vertex 26.0189 0.25 0.803733
      vertex 28.2111 0.25 0.671853
      vertex 25.25 0.25 0.9725
    endloop
  endfacet
  facet normal 0 -1 0
    outer loop
      vertex 28.2111 0.25 0.671853
      vertex 28.213 0.25 0.683629
      vertex 25.25 0.25 0.9725
    endloop
  endfacet
  facet normal 0 -1 0
    outer loop
      vertex 25.25 0.25 0.9725
      vertex 28.213 0.25 0.683629
      vertex 28.2158 0.25 0.695218
    endloop
  endfacet
  facet normal 0 -1 0
    outer loop
      vertex 25.9833 0.25 0.506395
      vertex 25.9717 0.25 0.508983
      vertex 25.8611 0.25 -0.636147
    endloop
  endfacet
  facet normal 0 -1 0
    outer loop
      vertex 25.9717 0.25 0.508983
      vertex 25.9603 0.25 0.512488
      vertex 25.8611 0.25 -0.636147
    endloop
  endfacet
  facet normal 0 -1 0
    outer loop
      vertex 25.8611 0.25 -0.636147
      vertex 25.9603 0.25 0.512488
      vertex 25.25 0.25 -0.9725
    endloop
  endfacet
  facet normal 0 -1 0
    outer loop
      vertex 25.9603 0.25 0.512488
      vertex 25.9492 0.25 0.516887
      vertex 25.25 0.25 -0.9725
    endloop
  endfacet
  facet normal 0 -1 0
    outer loop
      vertex 25.25 0.25 -0.9725
      vertex 25.9492 0.25 0.516887
      vertex 25.9385 0.25 0.522154
    endloop
  endfacet
  facet normal -0.863481 0 0.504382
    outer loop
      vertex 25.0322 0.377186 0.845314
      vertex 25.0361 0.370666 0.851834
      vertex 25.0322 1.31281 0.845314
    endloop
  endfacet
  facet normal -0.831426 0 0.555636
    outer loop
      vertex 25.0401 0.364263 0.858237
      vertex 25.0443 0.357984 0.864516
      vertex 25.0401 1.32574 0.858237
    endloop
  endfacet
  facet normal -0.758491 0 0.651684
    outer loop
      vertex 25.058 0.339947 0.882553
      vertex 25.0629 0.334219 0.888281
      vertex 25.058 1.35005 0.882553
    endloop
  endfacet
  facet normal -0.628584 0 0.777742
    outer loop
      vertex 25.0899 0.307951 0.914549
      vertex 25.0958 0.303204 0.919296
      vertex 25.0899 1.38205 0.914549
    endloop
  endfacet
  facet normal -0.0151063 0 0.999886
    outer loop
      vertex 25.25 0.25 0.9725
      vertex 25.25 1.44 0.9725
      vertex 25.2424 1.43989 0.972386
    endloop
  endfacet
  facet normal -0.0151063 0 0.999886
    outer loop
      vertex 25.25 0.25 0.9725
      vertex 25.2424 1.43989 0.972386
      vertex 25.2424 0.250114 0.972386
    endloop
  endfacet
  facet normal -0.0452995 0 0.998973
    outer loop
      vertex 25.2424 1.43989 0.972386
      vertex 25.2349 1.43954 0.972044
      vertex 25.2424 0.250114 0.972386
    endloop
  endfacet
  facet normal -0.0452995 0 0.998973
    outer loop
      vertex 25.2424 0.250114 0.972386
      vertex 25.2349 1.43954 0.972044
      vertex 25.2349 0.250456 0.972044
    endloop
  endfacet
  facet normal -0.0754477 0 0.99715
    outer loop
      vertex 25.2349 0.250456 0.972044
      vertex 25.2349 1.43954 0.972044
      vertex 25.2274 0.251026 0.971474
    endloop
  endfacet
  facet normal -0.0754477 0 0.99715
    outer loop
      vertex 25.2349 1.43954 0.972044
      vertex 25.2274 1.43897 0.971474
      vertex 25.2274 0.251026 0.971474
    endloop
  endfacet
  facet normal -0.105532 0 0.994416
    outer loop
      vertex 25.2274 0.251026 0.971474
      vertex 25.2274 1.43897 0.971474
      vertex 25.2199 0.251823 0.970677
    endloop
  endfacet
  facet normal -0.105532 0 0.994416
    outer loop
      vertex 25.2274 1.43897 0.971474
      vertex 25.2199 1.43818 0.970677
      vertex 25.2199 0.251823 0.970677
    endloop
  endfacet
  facet normal -0.135504 0 0.990777
    outer loop
      vertex 25.2199 1.43818 0.970677
      vertex 25.2124 1.43715 0.969654
      vertex 25.2199 0.251823 0.970677
    endloop
  endfacet
  facet normal -0.135504 0 0.990777
    outer loop
      vertex 25.2199 0.251823 0.970677
      vertex 25.2124 1.43715 0.969654
      vertex 25.2124 0.252846 0.969654
    endloop
  endfacet
  facet normal -0.16541 0 0.986225
    outer loop
      vertex 25.2124 1.43715 0.969654
      vertex 25.2049 1.4359 0.968405
      vertex 25.2124 0.252846 0.969654
    endloop
  endfacet
  facet normal -0.16541 0 0.986225
    outer loop
      vertex 25.2124 0.252846 0.969654
      vertex 25.2049 1.4359 0.968405
      vertex 25.2049 0.254095 0.968405
    endloop
  endfacet
  facet normal -0.195049 0 0.980793
    outer loop
      vertex 25.2049 1.4359 0.968405
      vertex 25.1975 1.43443 0.966932
      vertex 25.2049 0.254095 0.968405
    endloop
  endfacet
  facet normal -0.195049 0 0.980793
    outer loop
      vertex 25.2049 0.254095 0.968405
      vertex 25.1975 1.43443 0.966932
      vertex 25.1975 0.255568 0.966932
    endloop
  endfacet
  facet normal -0.224621 0 0.974446
    outer loop
      vertex 25.1975 1.43443 0.966932
      vertex 25.1902 1.43274 0.965235
      vertex 25.1975 0.255568 0.966932
    endloop
  endfacet
  facet normal -0.224621 0 0.974446
    outer loop
      vertex 25.1975 0.255568 0.966932
      vertex 25.1902 1.43274 0.965235
      vertex 25.1902 0.257265 0.965235
    endloop
  endfacet
  facet normal -0.253982 0 0.967209
    outer loop
      vertex 25.1902 1.43274 0.965235
      vertex 25.1829 1.43082 0.963318
      vertex 25.1902 0.257265 0.965235
    endloop
  endfacet
  facet normal -0.253982 0 0.967209
    outer loop
      vertex 25.1902 0.257265 0.965235
      vertex 25.1829 1.43082 0.963318
      vertex 25.1829 0.259182 0.963318
    endloop
  endfacet
  facet normal -0.283071 0 0.959099
    outer loop
      vertex 25.1829 1.43082 0.963318
      vertex 25.1756 1.42868 0.96118
      vertex 25.1829 0.259182 0.963318
    endloop
  endfacet
  facet normal -0.283071 0 0.959099
    outer loop
      vertex 25.1829 0.259182 0.963318
      vertex 25.1756 1.42868 0.96118
      vertex 25.1756 0.26132 0.96118
    endloop
  endfacet
  facet normal -0.31187 0 0.950125
    outer loop
      vertex 25.1756 0.26132 0.96118
      vertex 25.1756 1.42868 0.96118
      vertex 25.1684 0.263675 0.958825
    endloop
  endfacet
  facet normal -0.31187 0 0.950125
    outer loop
      vertex 25.1756 1.42868 0.96118
      vertex 25.1684 1.42632 0.958825
      vertex 25.1684 0.263675 0.958825
    endloop
  endfacet
  facet normal -0.340417 0 0.940275
    outer loop
      vertex 25.1684 0.263675 0.958825
      vertex 25.1684 1.42632 0.958825
      vertex 25.1613 0.266246 0.956254
    endloop
  endfacet
  facet normal -0.340417 0 0.940275
    outer loop
      vertex 25.1684 1.42632 0.958825
      vertex 25.1613 1.42375 0.956254
      vertex 25.1613 0.266246 0.956254
    endloop
  endfacet
  facet normal -0.368715 0 0.929543
    outer loop
      vertex 25.1613 0.266246 0.956254
      vertex 25.1613 1.42375 0.956254
      vertex 25.1543 0.26903 0.95347
    endloop
  endfacet
  facet normal -0.368715 0 0.929543
    outer loop
      vertex 25.1613 1.42375 0.956254
      vertex 25.1543 1.42097 0.95347
      vertex 25.1543 0.26903 0.95347
    endloop
  endfacet
  facet normal -0.396548 0 0.918014
    outer loop
      vertex 25.1543 0.26903 0.95347
      vertex 25.1543 1.42097 0.95347
      vertex 25.1474 0.272025 0.950475
    endloop
  endfacet
  facet normal -0.396548 0 0.918014
    outer loop
      vertex 25.1543 1.42097 0.95347
      vertex 25.1474 1.41797 0.950475
      vertex 25.1474 0.272025 0.950475
    endloop
  endfacet
  facet normal -0.424188 0 0.905574
    outer loop
      vertex 25.1474 0.272025 0.950475
      vertex 25.1474 1.41797 0.950475
      vertex 25.1406 0.275228 0.947272
    endloop
  endfacet
  facet normal -0.424188 0 0.905574
    outer loop
      vertex 25.1474 1.41797 0.950475
      vertex 25.1406 1.41477 0.947272
      vertex 25.1406 0.275228 0.947272
    endloop
  endfacet
  facet normal -0.451307 0 0.892369
    outer loop
      vertex 25.1406 0.275228 0.947272
      vertex 25.1406 1.41477 0.947272
      vertex 25.1338 0.278636 0.943864
    endloop
  endfacet
  facet normal -0.451307 0 0.892369
    outer loop
      vertex 25.1406 1.41477 0.947272
      vertex 25.1338 1.41136 0.943864
      vertex 25.1338 0.278636 0.943864
    endloop
  endfacet
  facet normal -0.477989 0 0.878366
    outer loop
      vertex 25.1338 1.41136 0.943864
      vertex 25.1272 1.40775 0.940254
      vertex 25.1338 0.278636 0.943864
    endloop
  endfacet
  facet normal -0.477989 0 0.878366
    outer loop
      vertex 25.1338 0.278636 0.943864
      vertex 25.1272 1.40775 0.940254
      vertex 25.1272 0.282246 0.940254
    endloop
  endfacet
  facet normal -0.504334 0 0.863509
    outer loop
      vertex 25.1272 1.40775 0.940254
      vertex 25.1207 1.40395 0.936445
      vertex 25.1272 0.282246 0.940254
    endloop
  endfacet
  facet normal -0.504334 0 0.863509
    outer loop
      vertex 25.1272 0.282246 0.940254
      vertex 25.1207 1.40395 0.936445
      vertex 25.1207 0.286055 0.936445
    endloop
  endfacet
  facet normal -0.530305 0 0.847807
    outer loop
      vertex 25.1207 1.40395 0.936445
      vertex 25.1143 1.39994 0.932441
      vertex 25.1207 0.286055 0.936445
    endloop
  endfacet
  facet normal -0.530305 0 0.847807
    outer loop
      vertex 25.1207 0.286055 0.936445
      vertex 25.1143 1.39994 0.932441
      vertex 25.1143 0.290059 0.932441
    endloop
  endfacet
  facet normal -0.555567 0 0.831472
    outer loop
      vertex 25.1143 1.39994 0.932441
      vertex 25.108 1.39575 0.928246
      vertex 25.1143 0.290059 0.932441
    endloop
  endfacet
  facet normal -0.555567 0 0.831472
    outer loop
      vertex 25.1143 0.290059 0.932441
      vertex 25.108 1.39575 0.928246
      vertex 25.108 0.294254 0.928246
    endloop
  endfacet
  facet normal -0.580436 0 0.814306
    outer loop
      vertex 25.108 1.39575 0.928246
      vertex 25.1018 1.39136 0.923863
      vertex 25.108 0.294254 0.928246
    endloop
  endfacet
  facet normal -0.580436 0 0.814306
    outer loop
      vertex 25.108 0.294254 0.928246
      vertex 25.1018 1.39136 0.923863
      vertex 25.1018 0.298637 0.923863
    endloop
  endfacet
  facet normal -0.604657 0 0.796486
    outer loop
      vertex 25.1018 0.298637 0.923863
      vertex 25.1018 1.39136 0.923863
      vertex 25.0958 0.303204 0.919296
    endloop
  endfacet
  facet normal -0.604657 0 0.796486
    outer loop
      vertex 25.1018 1.39136 0.923863
      vertex 25.0958 1.3868 0.919296
      vertex 25.0958 0.303204 0.919296
    endloop
  endfacet
  facet normal -0.628584 0 0.777742
    outer loop
      vertex 25.0958 0.303204 0.919296
      vertex 25.0958 1.3868 0.919296
      vertex 25.0899 1.38205 0.914549
    endloop
  endfacet
  facet normal -0.651724 0 0.758457
    outer loop
      vertex 25.0899 0.307951 0.914549
      vertex 25.0899 1.38205 0.914549
      vertex 25.0842 0.312872 0.909628
    endloop
  endfacet
  facet normal -0.651724 0 0.758457
    outer loop
      vertex 25.0899 1.38205 0.914549
      vertex 25.0842 1.37713 0.909628
      vertex 25.0842 0.312872 0.909628
    endloop
  endfacet
  facet normal -0.674418 0 0.73835
    outer loop
      vertex 25.0842 0.312872 0.909628
      vertex 25.0842 1.37713 0.909628
      vertex 25.0786 0.317965 0.904535
    endloop
  endfacet
  facet normal -0.674418 0 0.73835
    outer loop
      vertex 25.0842 1.37713 0.909628
      vertex 25.0786 1.37204 0.904535
      vertex 25.0786 0.317965 0.904535
    endloop
  endfacet
  facet normal -0.696292 0 0.717759
    outer loop
      vertex 25.0786 0.317965 0.904535
      vertex 25.0786 1.37204 0.904535
      vertex 25.0732 0.323223 0.899277
    endloop
  endfacet
  facet normal -0.696292 0 0.717759
    outer loop
      vertex 25.0786 1.37204 0.904535
      vertex 25.0732 1.36678 0.899277
      vertex 25.0732 0.323223 0.899277
    endloop
  endfacet
  facet normal -0.717701 0 0.696351
    outer loop
      vertex 25.0732 0.323223 0.899277
      vertex 25.0732 1.36678 0.899277
      vertex 25.068 0.328643 0.893857
    endloop
  endfacet
  facet normal -0.717701 0 0.696351
    outer loop
      vertex 25.0732 1.36678 0.899277
      vertex 25.068 1.36136 0.893857
      vertex 25.068 0.328643 0.893857
    endloop
  endfacet
  facet normal -0.738399 0 0.674364
    outer loop
      vertex 25.068 0.328643 0.893857
      vertex 25.068 1.36136 0.893857
      vertex 25.0629 0.334219 0.888281
    endloop
  endfacet
  facet normal -0.738399 0 0.674364
    outer loop
      vertex 25.068 1.36136 0.893857
      vertex 25.0629 1.35578 0.888281
      vertex 25.0629 0.334219 0.888281
    endloop
  endfacet
  facet normal -0.758491 0 0.651684
    outer loop
      vertex 25.0629 0.334219 0.888281
      vertex 25.0629 1.35578 0.888281
      vertex 25.058 1.35005 0.882553
    endloop
  endfacet
  facet normal -0.77772 0 0.62861
    outer loop
      vertex 25.058 0.339947 0.882553
      vertex 25.058 1.35005 0.882553
      vertex 25.0532 0.34582 0.87668
    endloop
  endfacet
  facet normal -0.77772 0 0.62861
    outer loop
      vertex 25.058 1.35005 0.882553
      vertex 25.0532 1.34418 0.87668
      vertex 25.0532 0.34582 0.87668
    endloop
  endfacet
  facet normal -0.796454 0 0.604699
    outer loop
      vertex 25.0532 0.34582 0.87668
      vertex 25.0532 1.34418 0.87668
      vertex 25.0486 0.351834 0.870666
    endloop
  endfacet
  facet normal -0.796454 0 0.604699
    outer loop
      vertex 25.0532 1.34418 0.87668
      vertex 25.0486 1.33817 0.870666
      vertex 25.0486 0.351834 0.870666
    endloop
  endfacet
  facet normal -0.814316 0 0.580422
    outer loop
      vertex 25.0486 0.351834 0.870666
      vertex 25.0486 1.33817 0.870666
      vertex 25.0443 0.357984 0.864516
    endloop
  endfacet
  facet normal -0.814316 0 0.580422
    outer loop
      vertex 25.0486 1.33817 0.870666
      vertex 25.0443 1.33202 0.864516
      vertex 25.0443 0.357984 0.864516
    endloop
  endfacet
  facet normal -0.831426 0 0.555636
    outer loop
      vertex 25.0443 0.357984 0.864516
      vertex 25.0443 1.33202 0.864516
      vertex 25.0401 1.32574 0.858237
    endloop
  endfacet
  facet normal -0.847892 0 0.530168
    outer loop
      vertex 25.0401 0.364263 0.858237
      vertex 25.0401 1.32574 0.858237
      vertex 25.0361 0.370666 0.851834
    endloop
  endfacet
  facet normal -0.847892 0 0.530168
    outer loop
      vertex 25.0401 1.32574 0.858237
      vertex 25.0361 1.31933 0.851834
      vertex 25.0361 0.370666 0.851834
    endloop
  endfacet
  facet normal -0.863481 0 0.504382
    outer loop
      vertex 25.0361 0.370666 0.851834
      vertex 25.0361 1.31933 0.851834
      vertex 25.0322 1.31281 0.845314
    endloop
  endfacet
  facet normal -0.878409 0 0.477911
    outer loop
      vertex 25.0322 0.377186 0.845314
      vertex 25.0322 1.31281 0.845314
      vertex 25.0286 0.383819 0.838681
    endloop
  endfacet
  facet normal -0.878409 0 0.477911
    outer loop
      vertex 25.0322 1.31281 0.845314
      vertex 25.0286 1.30618 0.838681
      vertex 25.0286 0.383819 0.838681
    endloop
  endfacet
  facet normal -0.892353 0 0.451338
    outer loop
      vertex 25.0286 0.383819 0.838681
      vertex 25.0286 1.30618 0.838681
      vertex 25.0252 0.390558 0.831942
    endloop
  endfacet
  facet normal -0.892353 0 0.451338
    outer loop
      vertex 25.0286 1.30618 0.838681
      vertex 25.0252 1.29944 0.831942
      vertex 25.0252 0.390558 0.831942
    endloop
  endfacet
  facet normal -0.905524 0 0.424294
    outer loop
      vertex 25.0252 0.390558 0.831942
      vertex 25.0252 1.29944 0.831942
      vertex 25.022 0.397397 0.825103
    endloop
  endfacet
  facet normal -0.905524 0 0.424294
    outer loop
      vertex 25.0252 1.29944 0.831942
      vertex 25.022 1.2926 0.825103
      vertex 25.022 0.397397 0.825103
    endloop
  endfacet
  facet normal -0.918014 0 0.396549
    outer loop
      vertex 25.022 0.397397 0.825103
      vertex 25.022 1.2926 0.825103
      vertex 25.019 0.404329 0.818171
    endloop
  endfacet
  facet normal -0.918014 0 0.396549
    outer loop
      vertex 25.022 1.2926 0.825103
      vertex 25.019 1.28567 0.818171
      vertex 25.019 0.404329 0.818171
    endloop
  endfacet
  facet normal -0.929615 0 0.368531
    outer loop
      vertex 25.019 0.404329 0.818171
      vertex 25.019 1.28567 0.818171
      vertex 25.0162 0.411349 0.811151
    endloop
  endfacet
  facet normal -0.929615 0 0.368531
    outer loop
      vertex 25.019 1.28567 0.818171
      vertex 25.0162 1.27865 0.811151
      vertex 25.0162 0.411349 0.811151
    endloop
  endfacet
  facet normal -0.940256 0 0.340468
    outer loop
      vertex 25.0162 0.411349 0.811151
      vertex 25.0162 1.27865 0.811151
      vertex 25.0137 0.418449 0.804051
    endloop
  endfacet
  facet normal -0.940256 0 0.340468
    outer loop
      vertex 25.0162 1.27865 0.811151
      vertex 25.0137 1.27155 0.804051
      vertex 25.0137 0.418449 0.804051
    endloop
  endfacet
  facet normal -0.950106 0 0.311927
    outer loop
      vertex 25.0137 0.418449 0.804051
      vertex 25.0137 1.27155 0.804051
      vertex 25.0113 0.425624 0.796876
    endloop
  endfacet
  facet normal -0.950106 0 0.311927
    outer loop
      vertex 25.0137 1.27155 0.804051
      vertex 25.0113 1.26438 0.796876
      vertex 25.0113 0.425624 0.796876
    endloop
  endfacet
  facet normal -0.959082 0 0.283129
    outer loop
      vertex 25.0113 1.26438 0.796876
      vertex 25.0092 1.25713 0.789633
      vertex 25.0113 0.425624 0.796876
    endloop
  endfacet
  facet normal -0.959082 0 0.283129
    outer loop
      vertex 25.0113 0.425624 0.796876
      vertex 25.0092 1.25713 0.789633
      vertex 25.0092 0.432867 0.789633
    endloop
  endfacet
  facet normal -0.967245 0 0.253844
    outer loop
      vertex 25.0092 1.25713 0.789633
      vertex 25.0073 0.440171 0.782329
      vertex 25.0092 0.432867 0.789633
    endloop
  endfacet
  facet normal -0.967245 0 0.253844
    outer loop
      vertex 25.0092 1.25713 0.789633
      vertex 25.0073 1.24983 0.782329
      vertex 25.0073 0.440171 0.782329
    endloop
  endfacet
  facet normal -0.974409 0 0.224784
    outer loop
      vertex 25.0073 1.24983 0.782329
      vertex 25.0056 1.24247 0.77497
      vertex 25.0073 0.440171 0.782329
    endloop
  endfacet
  facet normal -0.974409 0 0.224784
    outer loop
      vertex 25.0073 0.440171 0.782329
      vertex 25.0056 1.24247 0.77497
      vertex 25.0056 0.44753 0.77497
    endloop
  endfacet
  facet normal -0.980805 0 0.194991
    outer loop
      vertex 25.0056 1.24247 0.77497
      vertex 25.0041 0.454936 0.767564
      vertex 25.0056 0.44753 0.77497
    endloop
  endfacet
  facet normal -0.980805 0 0.194991
    outer loop
      vertex 25.0056 1.24247 0.77497
      vertex 25.0041 1.23506 0.767564
      vertex 25.0041 0.454936 0.767564
    endloop
  endfacet
  facet normal -0.986221 0 0.165434
    outer loop
      vertex 25.0041 1.23506 0.767564
      vertex 25.0028 1.22762 0.760116
      vertex 25.0041 0.454936 0.767564
    endloop
  endfacet
  facet normal -0.986221 0 0.165434
    outer loop
      vertex 25.0041 0.454936 0.767564
      vertex 25.0028 1.22762 0.760116
      vertex 25.0028 0.462384 0.760116
    endloop
  endfacet
  facet normal -0.990793 0 0.135383
    outer loop
      vertex 25.0028 1.22762 0.760116
      vertex 25.0018 0.469866 0.752634
      vertex 25.0028 0.462384 0.760116
    endloop
  endfacet
  facet normal -0.990793 0 0.135383
    outer loop
      vertex 25.0028 1.22762 0.760116
      vertex 25.0018 1.22013 0.752634
      vertex 25.0018 0.469866 0.752634
    endloop
  endfacet
  facet normal -0.994411 0 0.105575
    outer loop
      vertex 25.0018 1.22013 0.752634
      vertex 25.001 1.21262 0.745125
      vertex 25.0018 0.469866 0.752634
    endloop
  endfacet
  facet normal -0.994411 0 0.105575
    outer loop
      vertex 25.0018 0.469866 0.752634
      vertex 25.001 1.21262 0.745125
      vertex 25.001 0.477375 0.745125
    endloop
  endfacet
  facet normal -0.997144 0 0.0755195
    outer loop
      vertex 25.001 1.21262 0.745125
      vertex 25.0005 0.484905 0.737595
      vertex 25.001 0.477375 0.745125
    endloop
  endfacet
  facet normal -0.999885 0 0.0151546
    outer loop
      vertex 25.0001 1.19755 0.730051
      vertex 25 1.19 0.7225
      vertex 25 0.5 0.7225
    endloop
  endfacet
  facet normal -0.997144 0 0.0755195
    outer loop
      vertex 25.001 1.21262 0.745125
      vertex 25.0005 1.20509 0.737595
      vertex 25.0005 0.484905 0.737595
    endloop
  endfacet
  facet normal -0.998977 0 0.0452111
    outer loop
      vertex 25.0005 1.20509 0.737595
      vertex 25.0001 1.19755 0.730051
      vertex 25.0005 0.484905 0.737595
    endloop
  endfacet
  facet normal -0.998977 0 0.0452111
    outer loop
      vertex 25.0005 0.484905 0.737595
      vertex 25.0001 1.19755 0.730051
      vertex 25.0001 0.492449 0.730051
    endloop
  endfacet
  facet normal -0.999885 0 0.0151546
    outer loop
      vertex 25.0001 1.19755 0.730051
      vertex 25 0.5 0.7225
      vertex 25.0001 0.492449 0.730051
    endloop
  endfacet
  facet normal -0.999885 -0.0151545 0
    outer loop
      vertex 25 0.5 0.7225
      vertex 25 0.5 -0.9725
      vertex 25.0001 0.492449 0.730051
    endloop
  endfacet
  facet normal -0.999544 -0.0301861 -6.66876e-5
    outer loop
      vertex 25 0.5 -0.9725
      vertex 25.0005 0.484905 -0.9725
      vertex 25.0001 0.492449 0.730051
    endloop
  endfacet
  facet normal -0.998977 -0.0452109 0
    outer loop
      vertex 25.0001 0.492449 0.730051
      vertex 25.0005 0.484905 -0.9725
      vertex 25.0005 0.484905 0.737595
    endloop
  endfacet
  facet normal -0.997144 -0.0755195 0
    outer loop
      vertex 25.0005 0.484905 0.737595
      vertex 25.0005 0.484905 -0.9725
      vertex 25.001 0.477375 0.745125
    endloop
  endfacet
  facet normal -0.995891 -0.090558 -6.63452e-5
    outer loop
      vertex 25.0005 0.484905 -0.9725
      vertex 25.0018 0.469866 -0.9725
      vertex 25.001 0.477375 0.745125
    endloop
  endfacet
  facet normal -0.994411 -0.105576 0
    outer loop
      vertex 25.001 0.477375 0.745125
      vertex 25.0018 0.469866 -0.9725
      vertex 25.0018 0.469866 0.752634
    endloop
  endfacet
  facet normal -0.990793 -0.135382 0
    outer loop
      vertex 25.0018 0.469866 0.752634
      vertex 25.0018 0.469866 -0.9725
      vertex 25.0028 0.462384 0.760116
    endloop
  endfacet
  facet normal -0.988621 -0.150426 -6.62456e-5
    outer loop
      vertex 25.0018 0.469866 -0.9725
      vertex 25.0041 0.454936 -0.9725
      vertex 25.0028 0.462384 0.760116
    endloop
  endfacet
  facet normal -0.986221 -0.165435 0
    outer loop
      vertex 25.0028 0.462384 0.760116
      vertex 25.0041 0.454936 -0.9725
      vertex 25.0041 0.454936 0.767564
    endloop
  endfacet
  facet normal -0.980805 -0.194992 0
    outer loop
      vertex 25.0041 0.454936 0.767564
      vertex 25.0041 0.454936 -0.9725
      vertex 25.0056 0.44753 0.77497
    endloop
  endfacet
  facet normal -0.97772 -0.209912 -6.58379e-5
    outer loop
      vertex 25.0041 0.454936 -0.9725
      vertex 25.0073 0.440171 -0.9725
      vertex 25.0056 0.44753 0.77497
    endloop
  endfacet
  facet normal -0.974409 -0.224783 0
    outer loop
      vertex 25.0056 0.44753 0.77497
      vertex 25.0073 0.440171 -0.9725
      vertex 25.0073 0.440171 0.782329
    endloop
  endfacet
  facet normal -0.967245 -0.253844 0
    outer loop
      vertex 25.0073 0.440171 0.782329
      vertex 25.0073 0.440171 -0.9725
      vertex 25.0092 0.432867 0.789633
    endloop
  endfacet
  facet normal -0.963274 -0.268519 -6.51449e-5
    outer loop
      vertex 25.0073 0.440171 -0.9725
      vertex 25.0113 0.425624 -0.9725
      vertex 25.0092 0.432867 0.789633
    endloop
  endfacet
  facet normal -0.959081 -0.28313 0
    outer loop
      vertex 25.0092 0.432867 0.789633
      vertex 25.0113 0.425624 -0.9725
      vertex 25.0113 0.425624 0.796876
    endloop
  endfacet
  facet normal -0.950107 -0.311926 0
    outer loop
      vertex 25.0113 0.425624 0.796876
      vertex 25.0113 0.425624 -0.9725
      vertex 25.0137 0.418449 0.804051
    endloop
  endfacet
  facet normal -0.945289 -0.326234 -6.41737e-5
    outer loop
      vertex 25.0113 0.425624 -0.9725
      vertex 25.0162 0.411349 -0.9725
      vertex 25.0137 0.418449 0.804051
    endloop
  endfacet
  facet normal -0.940256 -0.340468 0
    outer loop
      vertex 25.0137 0.418449 0.804051
      vertex 25.0162 0.411349 -0.9725
      vertex 25.0162 0.411349 0.811151
    endloop
  endfacet
  facet normal -0.929615 -0.368531 0
    outer loop
      vertex 25.0162 0.411349 0.811151
      vertex 25.0162 0.411349 -0.9725
      vertex 25.019 0.404329 0.818171
    endloop
  endfacet
  facet normal -0.92392 -0.382585 -6.39438e-5
    outer loop
      vertex 25.0162 0.411349 -0.9725
      vertex 25.022 0.397397 -0.9725
      vertex 25.019 0.404329 0.818171
    endloop
  endfacet
  facet normal -0.918013 -0.39655 0
    outer loop
      vertex 25.019 0.404329 0.818171
      vertex 25.022 0.397397 -0.9725
      vertex 25.022 0.397397 0.825103
    endloop
  endfacet
  facet normal -0.905526 -0.424291 0
    outer loop
      vertex 25.022 0.397397 0.825103
      vertex 25.022 0.397397 -0.9725
      vertex 25.0252 0.390558 0.831942
    endloop
  endfacet
  facet normal -0.899041 -0.437865 -6.29586e-5
    outer loop
      vertex 25.022 0.397397 -0.9725
      vertex 25.0286 0.383819 -0.9725
      vertex 25.0252 0.390558 0.831942
    endloop
  endfacet
  facet normal -0.892352 -0.45134 0
    outer loop
      vertex 25.0252 0.390558 0.831942
      vertex 25.0286 0.383819 -0.9725
      vertex 25.0286 0.383819 0.838681
    endloop
  endfacet
  facet normal -0.878408 -0.477912 0
    outer loop
      vertex 25.0286 0.383819 0.838681
      vertex 25.0286 0.383819 -0.9725
      vertex 25.0322 0.377186 0.845314
    endloop
  endfacet
  facet normal -0.871044 -0.491204 -6.3118e-5
    outer loop
      vertex 25.0286 0.383819 -0.9725
      vertex 25.0361 0.370666 -0.9725
      vertex 25.0322 0.377186 0.845314
    endloop
  endfacet
  facet normal -0.863481 -0.504382 0
    outer loop
      vertex 25.0322 0.377186 0.845314
      vertex 25.0361 0.370666 -0.9725
      vertex 25.0361 0.370666 0.851834
    endloop
  endfacet
  facet normal -0.847892 -0.530168 0
    outer loop
      vertex 25.0361 0.370666 0.851834
      vertex 25.0361 0.370666 -0.9725
      vertex 25.0401 0.364263 0.858237
    endloop
  endfacet
  facet normal -0.839755 -0.542965 -6.25494e-5
    outer loop
      vertex 25.0361 0.370666 -0.9725
      vertex 25.0443 0.357984 -0.9725
      vertex 25.0401 0.364263 0.858237
    endloop
  endfacet
  facet normal -0.831426 -0.555636 0
    outer loop
      vertex 25.0401 0.364263 0.858237
      vertex 25.0443 0.357984 -0.9725
      vertex 25.0443 0.357984 0.864516
    endloop
  endfacet
  facet normal -0.814317 -0.58042 0
    outer loop
      vertex 25.0443 0.357984 0.864516
      vertex 25.0443 0.357984 -0.9725
      vertex 25.0486 0.351834 0.870666
    endloop
  endfacet
  facet normal -0.805477 -0.592627 -6.17465e-5
    outer loop
      vertex 25.0443 0.357984 -0.9725
      vertex 25.0532 0.34582 -0.9725
      vertex 25.0486 0.351834 0.870666
    endloop
  endfacet
  facet normal -0.796454 -0.604699 0
    outer loop
      vertex 25.0486 0.351834 0.870666
      vertex 25.0532 0.34582 -0.9725
      vertex 25.0532 0.34582 0.87668
    endloop
  endfacet
  facet normal -0.77772 -0.62861 0
    outer loop
      vertex 25.0532 0.34582 0.87668
      vertex 25.0532 0.34582 -0.9725
      vertex 25.058 0.339947 0.882553
    endloop
  endfacet
  facet normal -0.768192 -0.64022 -6.11425e-5
    outer loop
      vertex 25.0532 0.34582 -0.9725
      vertex 25.0629 0.334219 -0.9725
      vertex 25.058 0.339947 0.882553
    endloop
  endfacet
  facet normal -0.758489 -0.651686 0
    outer loop
      vertex 25.058 0.339947 0.882553
      vertex 25.0629 0.334219 -0.9725
      vertex 25.0629 0.334219 0.888281
    endloop
  endfacet
  facet normal -0.738399 -0.674364 0
    outer loop
      vertex 25.0629 0.334219 0.888281
      vertex 25.0629 0.334219 -0.9725
      vertex 25.068 0.328643 0.893857
    endloop
  endfacet
  facet normal -0.728135 -0.685434 -6.10786e-5
    outer loop
      vertex 25.0629 0.334219 -0.9725
      vertex 25.0732 0.323223 -0.9725
      vertex 25.068 0.328643 0.893857
    endloop
  endfacet
  facet normal -0.717705 -0.696347 0
    outer loop
      vertex 25.068 0.328643 0.893857
      vertex 25.0732 0.323223 -0.9725
      vertex 25.0732 0.323223 0.899277
    endloop
  endfacet
  facet normal -0.69629 -0.717761 0
    outer loop
      vertex 25.0732 0.323223 0.899277
      vertex 25.0732 0.323223 -0.9725
      vertex 25.0786 0.317965 0.904535
    endloop
  endfacet
  facet normal -0.685432 -0.728136 -6.04227e-5
    outer loop
      vertex 25.0732 0.323223 -0.9725
      vertex 25.0842 0.312872 -0.9725
      vertex 25.0786 0.317965 0.904535
    endloop
  endfacet
  facet normal -0.674418 -0.73835 0
    outer loop
      vertex 25.0786 0.317965 0.904535
      vertex 25.0842 0.312872 -0.9725
      vertex 25.0842 0.312872 0.909628
    endloop
  endfacet
  facet normal -0.651721 -0.758458 0
    outer loop
      vertex 25.0842 0.312872 0.909628
      vertex 25.0842 0.312872 -0.9725
      vertex 25.0899 0.307951 0.914549
    endloop
  endfacet
  facet normal -0.640228 -0.768185 -6.02524e-5
    outer loop
      vertex 25.0842 0.312872 -0.9725
      vertex 25.0958 0.303204 -0.9725
      vertex 25.0899 0.307951 0.914549
    endloop
  endfacet
  facet normal -0.628589 -0.777738 0
    outer loop
      vertex 25.0899 0.307951 0.914549
      vertex 25.0958 0.303204 -0.9725
      vertex 25.0958 0.303204 0.919296
    endloop
  endfacet
  facet normal -0.604657 -0.796486 0
    outer loop
      vertex 25.0958 0.303204 0.919296
      vertex 25.0958 0.303204 -0.9725
      vertex 25.1018 0.298637 0.923863
    endloop
  endfacet
  facet normal -0.592613 -0.805487 -5.98819e-5
    outer loop
      vertex 25.0958 0.303204 -0.9725
      vertex 25.108 0.294254 -0.9725
      vertex 25.1018 0.298637 0.923863
    endloop
  endfacet
  facet normal -0.580433 -0.814308 0
    outer loop
      vertex 25.1018 0.298637 0.923863
      vertex 25.108 0.294254 -0.9725
      vertex 25.108 0.294254 0.928246
    endloop
  endfacet
  facet normal -0.555567 -0.831472 0
    outer loop
      vertex 25.108 0.294254 0.928246
      vertex 25.108 0.294254 -0.9725
      vertex 25.1143 0.290059 0.932441
    endloop
  endfacet
  facet normal -0.543 -0.839733 -5.9615e-5
    outer loop
      vertex 25.108 0.294254 -0.9725
      vertex 25.1207 0.286055 -0.9725
      vertex 25.1143 0.290059 0.932441
    endloop
  endfacet
  facet normal -0.530308 -0.847805 0
    outer loop
      vertex 25.1143 0.290059 0.932441
      vertex 25.1207 0.286055 -0.9725
      vertex 25.1207 0.286055 0.936445
    endloop
  endfacet
  facet normal -0.504328 -0.863512 0
    outer loop
      vertex 25.1207 0.286055 0.936445
      vertex 25.1207 0.286055 -0.9725
      vertex 25.1272 0.282246 0.940254
    endloop
  endfacet
  facet normal -0.491217 -0.871037 -5.96837e-5
    outer loop
      vertex 25.1207 0.286055 -0.9725
      vertex 25.1338 0.278636 -0.9725
      vertex 25.1272 0.282246 0.940254
    endloop
  endfacet
  facet normal -0.477995 -0.878363 0
    outer loop
      vertex 25.1272 0.282246 0.940254
      vertex 25.1338 0.278636 -0.9725
      vertex 25.1338 0.278636 0.943864
    endloop
  endfacet
  facet normal -0.451307 -0.892369 0
    outer loop
      vertex 25.1338 0.278636 0.943864
      vertex 25.1338 0.278636 -0.9725
      vertex 25.1406 0.275228 0.947272
    endloop
  endfacet
  facet normal -0.437795 -0.899075 -5.93355e-5
    outer loop
      vertex 25.1338 0.278636 -0.9725
      vertex 25.1474 0.272025 -0.9725
      vertex 25.1406 0.275228 0.947272
    endloop
  endfacet
  facet normal -0.424181 -0.905577 0
    outer loop
      vertex 25.1406 0.275228 0.947272
      vertex 25.1474 0.272025 -0.9725
      vertex 25.1474 0.272025 0.950475
    endloop
  endfacet
  facet normal -0.396552 -0.918012 0
    outer loop
      vertex 25.1474 0.272025 0.950475
      vertex 25.1474 0.272025 -0.9725
      vertex 25.1543 0.26903 0.95347
    endloop
  endfacet
  facet normal -0.382678 -0.923882 -5.90708e-5
    outer loop
      vertex 25.1474 0.272025 -0.9725
      vertex 25.1613 0.266246 -0.9725
      vertex 25.1543 0.26903 0.95347
    endloop
  endfacet
  facet normal -0.368715 -0.929543 0
    outer loop
      vertex 25.1543 0.26903 0.95347
      vertex 25.1613 0.266246 -0.9725
      vertex 25.1613 0.266246 0.956254
    endloop
  endfacet
  facet normal -0.340421 -0.940273 0
    outer loop
      vertex 25.1613 0.266246 0.956254
      vertex 25.1613 0.266246 -0.9725
      vertex 25.1684 0.263675 0.958825
    endloop
  endfacet
  facet normal -0.326181 -0.945307 -5.90576e-5
    outer loop
      vertex 25.1613 0.266246 -0.9725
      vertex 25.1756 0.26132 -0.9725
      vertex 25.1684 0.263675 0.958825
    endloop
  endfacet
  facet normal -0.311867 -0.950126 0
    outer loop
      vertex 25.1684 0.263675 0.958825
      vertex 25.1756 0.26132 -0.9725
      vertex 25.1756 0.26132 0.96118
    endloop
  endfacet
  facet normal -0.283071 -0.959099 0
    outer loop
      vertex 25.1756 0.26132 0.96118
      vertex 25.1756 0.26132 -0.9725
      vertex 25.1829 0.259182 0.963318
    endloop
  endfacet
  facet normal -0.268556 -0.963264 -5.89032e-5
    outer loop
      vertex 25.1756 0.26132 -0.9725
      vertex 25.1902 0.257265 -0.9725
      vertex 25.1829 0.259182 0.963318
    endloop
  endfacet
  facet normal -0.253979 -0.96721 0
    outer loop
      vertex 25.1829 0.259182 0.963318
      vertex 25.1902 0.257265 -0.9725
      vertex 25.1902 0.257265 0.965235
    endloop
  endfacet
  facet normal -0.224628 -0.974445 0
    outer loop
      vertex 25.1902 0.257265 0.965235
      vertex 25.1902 0.257265 -0.9725
      vertex 25.1975 0.255568 0.966932
    endloop
  endfacet
  facet normal -0.209861 -0.977731 -5.89041e-5
    outer loop
      vertex 25.1902 0.257265 -0.9725
      vertex 25.2049 0.254095 -0.9725
      vertex 25.1975 0.255568 0.966932
    endloop
  endfacet
  facet normal -0.195049 -0.980793 0
    outer loop
      vertex 25.1975 0.255568 0.966932
      vertex 25.2049 0.254095 -0.9725
      vertex 25.2049 0.254095 0.968405
    endloop
  endfacet
  facet normal -0.165406 -0.986225 0
    outer loop
      vertex 25.2049 0.254095 0.968405
      vertex 25.2049 0.254095 -0.9725
      vertex 25.2124 0.252846 0.969654
    endloop
  endfacet
  facet normal -0.150473 -0.988614 -5.8793e-5
    outer loop
      vertex 25.2049 0.254095 -0.9725
      vertex 25.2199 0.251823 -0.9725
      vertex 25.2124 0.252846 0.969654
    endloop
  endfacet
  facet normal -0.135508 -0.990776 0
    outer loop
      vertex 25.2124 0.252846 0.969654
      vertex 25.2199 0.251823 -0.9725
      vertex 25.2199 0.251823 0.970677
    endloop
  endfacet
  facet normal -0.105532 -0.994416 0
    outer loop
      vertex 25.2199 0.251823 0.970677
      vertex 25.2199 0.251823 -0.9725
      vertex 25.2274 0.251026 0.971474
    endloop
  endfacet
  facet normal -0.0904978 -0.995897 -5.86812e-5
    outer loop
      vertex 25.2199 0.251823 -0.9725
      vertex 25.2349 0.250456 -0.9725
      vertex 25.2274 0.251026 0.971474
    endloop
  endfacet
  facet normal -0.0754437 -0.99715 0
    outer loop
      vertex 25.2274 0.251026 0.971474
      vertex 25.2349 0.250456 -0.9725
      vertex 25.2349 0.250456 0.972044
    endloop
  endfacet
  facet normal -0.0452995 -0.998973 0
    outer loop
      vertex 25.2349 0.250456 0.972044
      vertex 25.2349 0.250456 -0.9725
      vertex 25.2424 0.250114 0.972386
    endloop
  endfacet
  facet normal -0.0302036 -0.999544 -5.86523e-5
    outer loop
      vertex 25.2349 0.250456 -0.9725
      vertex 25.25 0.25 -0.9725
      vertex 25.2424 0.250114 0.972386
    endloop
  endfacet
  facet normal -0.0151023 -0.999886 0
    outer loop
      vertex 25.2424 0.250114 0.972386
      vertex 25.25 0.25 -0.9725
      vertex 25.25 0.25 0.9725
    endloop
  endfacet
  facet normal -0.0151063 0.999886 0
    outer loop
      vertex 25.25 1.44 0.9725
      vertex 25.25 1.44 -0.9725
      vertex 25.2424 1.43989 0.972386
    endloop
  endfacet
  facet normal -0.0302095 0.999544 -5.86599e-5
    outer loop
      vertex 25.25 1.44 -0.9725
      vertex 25.2349 1.43954 -0.9725
      vertex 25.2424 1.43989 0.972386
    endloop
  endfacet
  facet normal -0.0453074 0.998973 0
    outer loop
      vertex 25.2424 1.43989 0.972386
      vertex 25.2349 1.43954 -0.9725
      vertex 25.2349 1.43954 0.972044
    endloop
  endfacet
  facet normal -0.0754398 0.99715 0
    outer loop
      vertex 25.2349 1.43954 0.972044
      vertex 25.2349 1.43954 -0.9725
      vertex 25.2274 1.43897 0.971474
    endloop
  endfacet
  facet normal -0.0904959 0.995897 -5.86889e-5
    outer loop
      vertex 25.2349 1.43954 -0.9725
      vertex 25.2199 1.43818 -0.9725
      vertex 25.2274 1.43897 0.971474
    endloop
  endfacet
  facet normal -0.105532 0.994416 0
    outer loop
      vertex 25.2274 1.43897 0.971474
      vertex 25.2199 1.43818 -0.9725
      vertex 25.2199 1.43818 0.970677
    endloop
  endfacet
  facet normal -0.135512 0.990776 0
    outer loop
      vertex 25.2199 1.43818 0.970677
      vertex 25.2199 1.43818 -0.9725
      vertex 25.2124 1.43715 0.969654
    endloop
  endfacet
  facet normal -0.150473 0.988614 -5.87778e-5
    outer loop
      vertex 25.2199 1.43818 -0.9725
      vertex 25.2049 1.4359 -0.9725
      vertex 25.2124 1.43715 0.969654
    endloop
  endfacet
  facet normal -0.165403 0.986226 0
    outer loop
      vertex 25.2124 1.43715 0.969654
      vertex 25.2049 1.4359 -0.9725
      vertex 25.2049 1.4359 0.968405
    endloop
  endfacet
  facet normal -0.195057 0.980792 0
    outer loop
      vertex 25.2049 1.4359 0.968405
      vertex 25.2049 1.4359 -0.9725
      vertex 25.1975 1.43443 0.966932
    endloop
  endfacet
  facet normal -0.209861 0.977731 -5.88741e-5
    outer loop
      vertex 25.2049 1.4359 -0.9725
      vertex 25.1902 1.43274 -0.9725
      vertex 25.1975 1.43443 0.966932
    endloop
  endfacet
  facet normal -0.224621 0.974446 0
    outer loop
      vertex 25.1975 1.43443 0.966932
      vertex 25.1902 1.43274 -0.9725
      vertex 25.1902 1.43274 0.965235
    endloop
  endfacet
  facet normal -0.253975 0.967211 0
    outer loop
      vertex 25.1902 1.43274 0.965235
      vertex 25.1902 1.43274 -0.9725
      vertex 25.1829 1.43082 0.963318
    endloop
  endfacet
  facet normal -0.268557 0.963264 -5.89255e-5
    outer loop
      vertex 25.1902 1.43274 -0.9725
      vertex 25.1756 1.42868 -0.9725
      vertex 25.1829 1.43082 0.963318
    endloop
  endfacet
  facet normal -0.283078 0.959097 0
    outer loop
      vertex 25.1829 1.43082 0.963318
      vertex 25.1756 1.42868 -0.9725
      vertex 25.1756 1.42868 0.96118
    endloop
  endfacet
  facet normal -0.311863 0.950127 0
    outer loop
      vertex 25.1756 1.42868 0.96118
      vertex 25.1756 1.42868 -0.9725
      vertex 25.1684 1.42632 0.958825
    endloop
  endfacet
  facet normal -0.326177 0.945309 -5.90576e-5
    outer loop
      vertex 25.1756 1.42868 -0.9725
      vertex 25.1613 1.42375 -0.9725
      vertex 25.1684 1.42632 0.958825
    endloop
  endfacet
  facet normal -0.340417 0.940275 0
    outer loop
      vertex 25.1684 1.42632 0.958825
      vertex 25.1613 1.42375 -0.9725
      vertex 25.1613 1.42375 0.956254
    endloop
  endfacet
  facet normal -0.368722 0.92954 0
    outer loop
      vertex 25.1613 1.42375 0.956254
      vertex 25.1613 1.42375 -0.9725
      vertex 25.1543 1.42097 0.95347
    endloop
  endfacet
  facet normal -0.38268 0.923881 -5.90494e-5
    outer loop
      vertex 25.1613 1.42375 -0.9725
      vertex 25.1474 1.41797 -0.9725
      vertex 25.1543 1.42097 0.95347
    endloop
  endfacet
  facet normal -0.396548 0.918014 0
    outer loop
      vertex 25.1543 1.42097 0.95347
      vertex 25.1474 1.41797 -0.9725
      vertex 25.1474 1.41797 0.950475
    endloop
  endfacet
  facet normal -0.424181 0.905577 0
    outer loop
      vertex 25.1474 1.41797 0.950475
      vertex 25.1474 1.41797 -0.9725
      vertex 25.1406 1.41477 0.947272
    endloop
  endfacet
  facet normal -0.437798 0.899073 -5.93495e-5
    outer loop
      vertex 25.1474 1.41797 -0.9725
      vertex 25.1338 1.41136 -0.9725
      vertex 25.1406 1.41477 0.947272
    endloop
  endfacet
  facet normal -0.451313 0.892366 0
    outer loop
      vertex 25.1406 1.41477 0.947272
      vertex 25.1338 1.41136 -0.9725
      vertex 25.1338 1.41136 0.943864
    endloop
  endfacet
  facet normal -0.477983 0.878369 0
    outer loop
      vertex 25.1338 1.41136 0.943864
      vertex 25.1338 1.41136 -0.9725
      vertex 25.1272 1.40775 0.940254
    endloop
  endfacet
  facet normal -0.491214 0.871039 -5.97245e-5
    outer loop
      vertex 25.1338 1.41136 -0.9725
      vertex 25.1207 1.40395 -0.9725
      vertex 25.1272 1.40775 0.940254
    endloop
  endfacet
  facet normal -0.504334 0.863509 0
    outer loop
      vertex 25.1272 1.40775 0.940254
      vertex 25.1207 1.40395 -0.9725
      vertex 25.1207 1.40395 0.936445
    endloop
  endfacet
  facet normal -0.530305 0.847807 0
    outer loop
      vertex 25.1207 1.40395 0.936445
      vertex 25.1207 1.40395 -0.9725
      vertex 25.1143 1.39994 0.932441
    endloop
  endfacet
  facet normal -0.542999 0.839733 -5.96216e-5
    outer loop
      vertex 25.1207 1.40395 -0.9725
      vertex 25.108 1.39575 -0.9725
      vertex 25.1143 1.39994 0.932441
    endloop
  endfacet
  facet normal -0.555567 0.831472 0
    outer loop
      vertex 25.1143 1.39994 0.932441
      vertex 25.108 1.39575 -0.9725
      vertex 25.108 1.39575 0.928246
    endloop
  endfacet
  facet normal -0.640229 0.768184 0
    outer loop
      vertex 25.0958 1.3868 -0.9725
      vertex 25.0842 1.37713 -0.9725
      vertex 25.0842 1.37713 0.909628
    endloop
  endfacet
  facet normal -0.651669 0.758504 -0.000120231
    outer loop
      vertex 25.0842 1.37713 0.909628
      vertex 25.0899 1.38205 0.914549
      vertex 25.0958 1.3868 -0.9725
    endloop
  endfacet
  facet normal -0.628584 0.777742 0
    outer loop
      vertex 25.0899 1.38205 0.914549
      vertex 25.0958 1.3868 0.919296
      vertex 25.0958 1.3868 -0.9725
    endloop
  endfacet
  facet normal -0.592614 0.805486 0
    outer loop
      vertex 25.0958 1.3868 -0.9725
      vertex 25.0958 1.3868 0.919296
      vertex 25.108 1.39575 -0.9725
    endloop
  endfacet
  facet normal -0.604599 0.79653 -0.00011944
    outer loop
      vertex 25.0958 1.3868 0.919296
      vertex 25.1018 1.39136 0.923863
      vertex 25.108 1.39575 -0.9725
    endloop
  endfacet
  facet normal -0.580436 0.814306 0
    outer loop
      vertex 25.108 1.39575 -0.9725
      vertex 25.1018 1.39136 0.923863
      vertex 25.108 1.39575 0.928246
    endloop
  endfacet
  facet normal -0.728133 0.685436 0
    outer loop
      vertex 25.0732 1.36678 -0.9725
      vertex 25.0629 1.35578 -0.9725
      vertex 25.0629 1.35578 0.888281
    endloop
  endfacet
  facet normal -0.738335 0.674435 -0.000121757
    outer loop
      vertex 25.0629 1.35578 0.888281
      vertex 25.068 1.36136 0.893857
      vertex 25.0732 1.36678 -0.9725
    endloop
  endfacet
  facet normal -0.717705 0.696347 0
    outer loop
      vertex 25.068 1.36136 0.893857
      vertex 25.0732 1.36678 0.899277
      vertex 25.0732 1.36678 -0.9725
    endloop
  endfacet
  facet normal -0.685431 0.728137 0
    outer loop
      vertex 25.0732 1.36678 -0.9725
      vertex 25.0732 1.36678 0.899277
      vertex 25.0842 1.37713 -0.9725
    endloop
  endfacet
  facet normal -0.696232 0.717817 -0.000120518
    outer loop
      vertex 25.0732 1.36678 0.899277
      vertex 25.0786 1.37204 0.904535
      vertex 25.0842 1.37713 -0.9725
    endloop
  endfacet
  facet normal -0.674414 0.738354 0
    outer loop
      vertex 25.0842 1.37713 -0.9725
      vertex 25.0786 1.37204 0.904535
      vertex 25.0842 1.37713 0.909628
    endloop
  endfacet
  facet normal -0.805477 0.592627 0
    outer loop
      vertex 25.0532 1.34418 -0.9725
      vertex 25.0443 1.33202 -0.9725
      vertex 25.0443 1.33202 0.864516
    endloop
  endfacet
  facet normal -0.814255 0.580507 -0.000123019
    outer loop
      vertex 25.0443 1.33202 0.864516
      vertex 25.0486 1.33817 0.870666
      vertex 25.0532 1.34418 -0.9725
    endloop
  endfacet
  facet normal -0.796457 0.604695 0
    outer loop
      vertex 25.0486 1.33817 0.870666
      vertex 25.0532 1.34418 0.87668
      vertex 25.0532 1.34418 -0.9725
    endloop
  endfacet
  facet normal -0.768193 0.640219 0
    outer loop
      vertex 25.0532 1.34418 -0.9725
      vertex 25.0532 1.34418 0.87668
      vertex 25.0629 1.35578 -0.9725
    endloop
  endfacet
  facet normal -0.777658 0.628688 -0.000121827
    outer loop
      vertex 25.0532 1.34418 0.87668
      vertex 25.058 1.35005 0.882553
      vertex 25.0629 1.35578 -0.9725
    endloop
  endfacet
  facet normal -0.758494 0.65168 0
    outer loop
      vertex 25.0629 1.35578 -0.9725
      vertex 25.058 1.35005 0.882553
      vertex 25.0629 1.35578 0.888281
    endloop
  endfacet
  facet normal -0.871045 0.491204 0
    outer loop
      vertex 25.0361 1.31933 -0.9725
      vertex 25.0286 1.30618 -0.9725
      vertex 25.0286 1.30618 0.838681
    endloop
  endfacet
  facet normal -0.878354 0.478011 -0.000125746
    outer loop
      vertex 25.0286 1.30618 0.838681
      vertex 25.0322 1.31281 0.845314
      vertex 25.0361 1.31933 -0.9725
    endloop
  endfacet
  facet normal -0.863483 0.504378 0
    outer loop
      vertex 25.0322 1.31281 0.845314
      vertex 25.0361 1.31933 0.851834
      vertex 25.0361 1.31933 -0.9725
    endloop
  endfacet
  facet normal -0.839755 0.542965 0
    outer loop
      vertex 25.0361 1.31933 -0.9725
      vertex 25.0361 1.31933 0.851834
      vertex 25.0443 1.33202 -0.9725
    endloop
  endfacet
  facet normal -0.847834 0.530262 -0.000124619
    outer loop
      vertex 25.0361 1.31933 0.851834
      vertex 25.0401 1.32574 0.858237
      vertex 25.0443 1.33202 -0.9725
    endloop
  endfacet
  facet normal -0.831428 0.555632 0
    outer loop
      vertex 25.0443 1.33202 -0.9725
      vertex 25.0401 1.32574 0.858237
      vertex 25.0443 1.33202 0.864516
    endloop
  endfacet
  facet normal -0.923921 0.382584 0
    outer loop
      vertex 25.022 1.2926 -0.9725
      vertex 25.0162 1.27865 -0.9725
      vertex 25.0162 1.27865 0.811151
    endloop
  endfacet
  facet normal -0.929572 0.368641 -0.000127371
    outer loop
      vertex 25.0162 1.27865 0.811151
      vertex 25.019 1.28567 0.818171
      vertex 25.022 1.2926 -0.9725
    endloop
  endfacet
  facet normal -0.918014 0.396549 0
    outer loop
      vertex 25.019 1.28567 0.818171
      vertex 25.022 1.2926 0.825103
      vertex 25.022 1.2926 -0.9725
    endloop
  endfacet
  facet normal -0.89904 0.437866 0
    outer loop
      vertex 25.022 1.2926 -0.9725
      vertex 25.022 1.2926 0.825103
      vertex 25.0286 1.30618 -0.9725
    endloop
  endfacet
  facet normal -0.905476 0.424397 -0.000125403
    outer loop
      vertex 25.022 1.2926 0.825103
      vertex 25.0252 1.29944 0.831942
      vertex 25.0286 1.30618 -0.9725
    endloop
  endfacet
  facet normal -0.892353 0.451338 0
    outer loop
      vertex 25.0286 1.30618 -0.9725
      vertex 25.0252 1.29944 0.831942
      vertex 25.0286 1.30618 0.838681
    endloop
  endfacet
  facet normal -0.963275 0.268518 0
    outer loop
      vertex 25.0113 1.26438 -0.9725
      vertex 25.0073 1.24983 -0.9725
      vertex 25.0073 1.24983 0.782329
    endloop
  endfacet
  facet normal -0.967213 0.253966 -0.000129736
    outer loop
      vertex 25.0073 1.24983 0.782329
      vertex 25.0092 1.25713 0.789633
      vertex 25.0113 1.26438 -0.9725
    endloop
  endfacet
  facet normal -0.959082 0.283129 0
    outer loop
      vertex 25.0092 1.25713 0.789633
      vertex 25.0113 1.26438 0.796876
      vertex 25.0113 1.26438 -0.9725
    endloop
  endfacet
  facet normal -0.945289 0.326234 0
    outer loop
      vertex 25.0113 1.26438 -0.9725
      vertex 25.0113 1.26438 0.796876
      vertex 25.0162 1.27865 -0.9725
    endloop
  endfacet
  facet normal -0.950067 0.312045 -0.00012779
    outer loop
      vertex 25.0113 1.26438 0.796876
      vertex 25.0137 1.27155 0.804051
      vertex 25.0162 1.27865 -0.9725
    endloop
  endfacet
  facet normal -0.940257 0.340465 0
    outer loop
      vertex 25.0162 1.27865 -0.9725
      vertex 25.0137 1.27155 0.804051
      vertex 25.0162 1.27865 0.811151
    endloop
  endfacet
  facet normal -0.988621 0.150426 0
    outer loop
      vertex 25.0041 1.23506 -0.9725
      vertex 25.0018 1.22013 -0.9725
      vertex 25.0018 1.22013 0.752634
    endloop
  endfacet
  facet normal -0.990776 0.135512 -0.000131899
    outer loop
      vertex 25.0018 1.22013 0.752634
      vertex 25.0028 1.22762 0.760116
      vertex 25.0041 1.23506 -0.9725
    endloop
  endfacet
  facet normal -0.986221 0.165433 0
    outer loop
      vertex 25.0028 1.22762 0.760116
      vertex 25.0041 1.23506 0.767564
      vertex 25.0041 1.23506 -0.9725
    endloop
  endfacet
  facet normal -0.97772 0.209912 0
    outer loop
      vertex 25.0041 1.23506 -0.9725
      vertex 25.0041 1.23506 0.767564
      vertex 25.0073 1.24983 -0.9725
    endloop
  endfacet
  facet normal -0.98078 0.195119 -0.000131102
    outer loop
      vertex 25.0041 1.23506 0.767564
      vertex 25.0056 1.24247 0.77497
      vertex 25.0073 1.24983 -0.9725
    endloop
  endfacet
  facet normal -0.974409 0.224782 0
    outer loop
      vertex 25.0073 1.24983 -0.9725
      vertex 25.0056 1.24247 0.77497
      vertex 25.0073 1.24983 0.782329
    endloop
  endfacet
  facet normal -0.999544 0.0301864 0
    outer loop
      vertex 25.0005 1.20509 -0.9725
      vertex 25 1.19 -0.9725
      vertex 25 1.19 0.7225
    endloop
  endfacet
  facet normal -0.999883 0.0152873 -0.000132772
    outer loop
      vertex 25 1.19 0.7225
      vertex 25.0001 1.19755 0.730051
      vertex 25.0005 1.20509 -0.9725
    endloop
  endfacet
  facet normal -0.998977 0.0452115 0
    outer loop
      vertex 25.0001 1.19755 0.730051
      vertex 25.0005 1.20509 0.737595
      vertex 25.0005 1.20509 -0.9725
    endloop
  endfacet
  facet normal -0.995891 0.0905578 0
    outer loop
      vertex 25.0005 1.20509 -0.9725
      vertex 25.0005 1.20509 0.737595
      vertex 25.0018 1.22013 -0.9725
    endloop
  endfacet
  facet normal -0.997134 0.0756508 -0.000132095
    outer loop
      vertex 25.0005 1.20509 0.737595
      vertex 25.001 1.21262 0.745125
      vertex 25.0018 1.22013 -0.9725
    endloop
  endfacet
  facet normal -0.994411 0.105575 0
    outer loop
      vertex 25.0018 1.22013 -0.9725
      vertex 25.001 1.21262 0.745125
      vertex 25.0018 1.22013 0.752634
    endloop
  endfacet
  facet normal 0 1 0
    outer loop
      vertex 25.25 1.44 0.9725
      vertex 29.214 1.44 0.9725
      vertex 25.25 1.44 -0.9725
    endloop
  endfacet
  facet normal 0 1 0
    outer loop
      vertex 29.214 1.44 0.9725
      vertex 29.214 1.44 -0.9725
      vertex 25.25 1.44 -0.9725
    endloop
  endfacet
  facet normal 1 0 0
    outer loop
      vertex 30.22 0.970894 0.9725
      vertex 30.22 0.25 0.9725
      vertex 30.22 0.970894 -0.9725
    endloop
  endfacet
  facet normal 1 0 0
    outer loop
      vertex 30.22 0.25 0.9725
      vertex 30.22 0.25 -0.9725
      vertex 30.22 0.970894 -0.9725
    endloop
  endfacet
  facet normal -1 0 0
    outer loop
      vertex 25 0.5 0.7225
      vertex 25 1.19 0.7225
      vertex 25 0.5 -0.9725
    endloop
  endfacet
  facet normal -1 0 0
    outer loop
      vertex 25 1.19 0.7225
      vertex 25 1.19 -0.9725
      vertex 25 0.5 -0.9725
    endloop
  endfacet
endsolid Mesh
