/*--------------------------------*- C++ -*----------------------------------*\
| =========                 |                                                 |
| \\      /  F ield         | OpenFOAM: The Open Source CFD Toolbox           |
|  \\    /   O peration     | Version:  2506                                  |
|   \\  /    A nd           | Website:  www.openfoam.com                      |
|    \\/     M anipulation  |                                                 |
\*---------------------------------------------------------------------------*/
FoamFile
{
    version     2.0;
    format      ascii;
    arch        "LSB;label=32;scalar=64";
    class       volVectorField;
    location    "0";
    object      U;
}
// * * * * * * * * * * * * * * * * * * * * * * * * * * * * * * * * * * * * * //

dimensions      [0 1 -1 0 0 0 0];

internalField   uniform (0 0 0);

boundaryField
{
    inlet
    {
        type            fixedValue;
        value           uniform (40 0 0);
    }
    outlet
    {
        type            pressureInletOutletVelocity;
        value           uniform (0 0 0);
    }
    wall
    {
        type            noSlip;
    }
    symmetry
    {
        type            symmetry;
    }
    body
    {
        type            noSlip;
    }
    optSurface
    {
        type            noSlip;
    }
    wheelFL
    {
        type            rotatingWallVelocity;
        origin          (25.936 0.287 0.972);
        axis            (0 0 1);
        omega           constant 119.4;
        value           nonuniform List<vector> 
2584
(
(24.868428 31.967807 -2.6259041)
(-25.666564 -28.514927 -0.66133268)
(-14.634932 -32.702686 4.5745798)
(35.427845 19.734058 0.79298266)
(27.012659 -28.786496 1.8283244)
(-2.5567193 38.233699 -1.6407673)
(4.9033606 37.935346 -2.2019603)
(-6.9312502 38.068332 0.30498181)
(23.014991 -31.125719 0.30242582)
(-2.3328693 37.581176 -1.946924)
(-35.432484 15.624018 0.026263803)
(-36.721444 8.3360467 0.84644013)
(-14.229843 37.190782 -0.011514155)
(-35.156927 18.199625 0.47597083)
(-22.338966 -32.362834 0.51143973)
(4.9717624 38.291407 1.2728379)
(7.5712012 31.830019 -10.03165)
(6.5906308 35.478856 -4.3802838)
(-36.327523 -9.8152723 -0.98770314)
(-9.2326571 36.304165 -4.4529949)
(-33.225578 17.253711 -0.97388852)
(-34.378723 14.374252 2.3876938)
(25.179472 -30.760951 2.5153203)
(23.393938 -31.065964 0.46562435)
(7.9748187 38.335268 3.1247433)
(8.2337934 38.221037 2.9140999)
(36.004591 13.070588 2.0756768)
(19.196874 34.867063 0.94393436)
(-25.827461 -30.489769 0.23787794)
(-28.920306 -25.494973 0.95835277)
(-12.240913 -34.307139 1.2361455)
(-32.747332 -19.023456 1.2358039)
(-34.379978 -17.853083 0.026349308)
(-35.540239 -11.090592 -1.237616)
(-16.628356 -34.267963 1.9136437)
(-21.373484 32.343083 1.846688)
(-33.560785 19.916395 -0.27396894)
(-36.310125 13.714947 0.26148595)
(-35.390751 17.879958 -0.38051644)
(-32.121191 20.903858 -0.46570768)
(-16.633887 36.160999 0.002412929)
(-14.251893 37.204049 0.0056304922)
(-16.859506 36.019208 -0.018852198)
(-35.076581 18.489525 0.00077519594)
(29.420381 -28.350893 -0.22414257)
(-10.718218 -35.008778 3.4133428)
(-11.792037 -30.840251 9.5433963)
(-11.393443 -28.500765 10.529274)
(26.980934 27.315748 7.8276427)
(29.342667 27.211492 1.2945462)
(18.908171 33.136412 4.5503773)
(-23.157887 -29.044798 -1.9326383)
(-23.026396 29.833461 1.7670025)
(-28.109075 24.673512 -1.0436454)
(8.7706914 -35.895912 5.6383039)
(29.037854 26.544675 -0.62432104)
(36.239021 15.49033 0.32436387)
(-26.045141 -28.64839 0.062211778)
(-29.048719 25.196897 0.1473778)
(4.8845301 -37.370382 1.8801876)
(-35.999189 7.474444 2.266379)
(28.641051 -28.837871 1.0731345)
(29.297997 -28.097313 0.18603541)
(29.5545 -26.066165 0.48997119)
(25.549147 -28.13876 5.9881694)
(27.892767 -27.611209 -0.27606186)
(25.289253 -29.885861 -0.31817989)
(35.920143 -10.621128 -0.79431655)
(22.612686 -31.104239 1.0097232)
(-6.6824913 -37.820027 -2.4497381)
(-7.8115744 -38.507152 -1.0293673)
(-16.15173 -35.993742 1.3165199)
(-6.999986 -37.912477 -2.4343447)
(-11.260962 -35.661258 -1.436444)
(-14.529204 -35.177682 1.6764652)
(-12.405321 37.129177 0.18372533)
(-36.312888 12.893183 -0.039027383)
(-36.810426 9.8873178 0.24685291)
(-36.380545 11.083256 0.57664997)
(-33.005945 19.095196 -0.95112353)
(-17.931841 35.062866 -1.0507053)
(-9.6067296 38.001951 1.4199759)
(-10.044087 37.822433 1.0704506)
(-36.533331 10.873858 -3.3891364)
(-36.627067 10.696324 -2.9609051)
(8.5714404 -29.986288 12.044702)
(-21.054841 -31.109044 -2.5437623)
(-31.563465 -14.486385 -4.4057683)
(-34.215628 -14.963908 -0.80319702)
(-31.733968 -16.870051 -2.4916901)
(-31.787918 -19.739702 -0.94274643)
(-32.642911 -18.686592 0.27737834)
(-35.946501 -9.8327836 1.294114)
(-9.2214771 36.234944 -2.6911359)
(-31.028321 21.546544 -0.42720659)
(12.291855 -34.43516 6.2558009)
(16.402224 -36.224954 0.39810237)
(20.47785 -34.358054 -0.016312459)
(21.485347 -33.583392 0.25020872)
(36.034412 -10.716368 -0.5187539)
(25.42972 31.225014 0.93155143)
(9.2611574 39.005165 0.82616338)
(8.0273561 39.034884 1.2951908)
(26.437983 30.264761 0.26301425)
(24.736564 31.398576 -1.970901)
(11.741863 37.002934 4.1330886)
(15.70836 35.436153 -4.4941982)
(16.592528 36.73915 -0.89067448)
(30.319423 26.55094 -0.043955564)
(22.069728 31.564565 -0.95915968)
(30.023534 26.358532 -0.055509062)
(36.176657 15.347029 0.43509523)
(23.944797 31.105527 -0.75708111)
(25.570952 29.827016 0.51608505)
(29.173598 28.71359 -0.21620524)
(29.781964 28.51804 -0.018455736)
(16.016516 35.228676 -2.130642)
(14.719723 36.898665 1.1804558)
(16.622029 36.314982 0.84035229)
(-19.714428 -34.196245 -0.022589395)
(-9.6425198 -38.455568 -0.74715857)
(-23.962665 -30.756011 2.4785365)
(-14.036276 -36.219568 -2.4954686)
(-21.870366 -33.345708 -0.033075508)
(-28.412527 -26.131827 0.31045158)
(-29.014618 -25.778976 0.18468401)
(-30.880474 -23.65103 -0.0079887129)
(-29.658691 -25.021241 0.069538904)
(-29.549027 -24.981738 -0.038323303)
(-27.4952 -27.680856 -0.17953981)
(-29.505115 -25.192716 -0.033327804)
(-29.2157 -25.351785 0.1204797)
(-35.636612 -13.96129 -0.17659368)
(-35.37758 -15.132043 -0.029068198)
(-35.505176 -15.445344 -0.025883155)
(-35.451329 -15.262916 -0.026692183)
(-35.404995 -14.497498 -0.19352673)
(-34.510846 -17.876431 -0.11155229)
(-34.334579 -17.667527 -0.031874366)
(-35.525181 -13.420484 -0.29039447)
(-34.96958 -13.824999 -0.38930232)
(-32.610635 -21.285822 -0.25011249)
(-33.51899 -19.935202 -0.14070901)
(-34.614052 -10.908109 -2.1050995)
(-29.732489 -26.834154 -0.066020229)
(-29.451837 -26.858688 -0.1979162)
(-34.551744 -17.89135 0.81951636)
(-30.015598 -24.310895 -1.3747013)
(-25.997734 -28.657753 -0.45157656)
(-29.336775 -25.075423 0.55204002)
(-36.102677 -13.30701 2.034939)
(-35.029013 -13.307436 3.700312)
(-32.282167 -20.449739 -1.9509313)
(-27.401654 26.270267 1.8353929)
(-8.8112598 36.852943 -2.5900948)
(-31.656458 23.213283 0.024337742)
(-28.273616 26.577311 -0.19786323)
(-37.247154 10.002809 0.67800819)
(-37.528716 7.6821479 0.52809426)
(-35.354903 7.7187091 1.6355499)
(-16.722519 36.057853 0.0053578178)
(-19.361854 34.786872 0.0094980721)
(-21.47685 33.470306 -0.00088617311)
(-19.546155 33.912876 -0.097431635)
(-14.339343 37.118272 0.0079403939)
(-20.021476 33.428646 0.21970428)
(-16.304716 35.832341 1.0053386)
(-19.359827 34.737408 -0.026421215)
(-18.908061 34.090913 -1.8039563)
(-34.133203 19.80588 0.80881918)
(-32.612879 22.083531 0.18618892)
(-36.40613 11.809153 -0.85388402)
(-33.932125 20.390035 -0.084140387)
(-32.873774 20.22321 1.380471)
(-35.998452 8.9879009 -1.5529146)
(-39.065885 8.2524116 -0.56630059)
(-39.757284 5.610922 0.3395732)
(-35.247673 13.253163 -2.2571216)
(-39.783578 -3.2240999 0.43241173)
(-39.535348 4.5712376 -0.61765426)
(-38.150197 5.9672561 -1.8259494)
(-38.958337 9.1110914 -0.26613225)
(-39.915923 5.2798855 -0.0091388955)
(-39.248811 8.3532248 0.14650798)
(-35.340802 13.898727 -2.3695288)
(-39.893459 5.2518208 -0.39973887)
(-40.090957 -3.4372363 0.32347436)
(-39.098642 7.1894445 -0.54977205)
(-40.496576 -1.6450539 0.029584057)
(-39.096488 -7.7845959 0.59188236)
(-38.567067 -9.7299207 0.33483193)
(-35.356083 -15.056766 0.052302682)
(-25.894125 26.680446 2.4423984)
(-22.965663 26.61329 -3.5732703)
(-15.598405 31.615951 -5.1211693)
(-24.772943 26.657916 -3.4558929)
(-31.830414 16.208898 4.5000617)
(-26.820204 27.630685 0.2300306)
(-24.551188 29.957357 0.13612168)
(-11.907402 34.740143 -0.89048078)
(-22.413201 32.694781 -0.45964837)
(-15.594472 34.822274 -1.6420625)
(-29.105529 27.861523 0.028135319)
(-10.558393 -35.796337 3.7516968)
(-33.96516 13.332365 -4.0485734)
(-35.584659 7.4974736 -3.1106337)
(24.510549 -31.717552 0.3658858)
(-35.378167 14.488278 3.4996879)
(-16.531542 34.554074 2.8477636)
(-34.886104 15.033419 -1.7108763)
(-37.946458 9.4439747 0.13732875)
(22.81415 -30.655344 -0.094374463)
(-11.744549 -35.618231 2.880781)
(-34.913868 -13.956673 0.50444492)
(-33.416694 7.0102101 -4.2864791)
(-13.439925 33.534427 6.0627125)
(28.00805 28.562239 -0.10036387)
(24.992105 31.366551 0.50204042)
(20.862627 33.832613 -2.5675701)
(28.040663 28.903157 -0.030617556)
(-27.992172 -28.224712 0.83292428)
(-25.445868 -29.206636 1.6628376)
(-36.696115 -11.434525 1.7331009)
(-35.823183 -12.619106 -1.9026972)
(-37.043731 13.713142 0.091775569)
(-29.032479 28.187491 -0.012641694)
(-27.059629 29.71287 -0.35562237)
(-5.8314017 -37.884091 0.83516973)
(-7.930069 -37.244211 0.82231602)
(-15.900041 -32.482127 -5.7513667)
(29.206701 28.82061 0.076783345)
(21.828484 31.986556 -3.8643309)
(-24.852066 -29.452505 -1.2091572)
(-24.796973 -29.366945 0.16919645)
(-21.225128 28.806244 -1.0793312)
(19.964012 -34.403065 1.7317651)
(5.9596119 -38.000681 -3.5979149)
(6.9144016 -37.989285 -3.1098522)
(19.422346 -32.472741 -4.126027)
(23.212518 -30.774279 -2.5677288)
(8.6338107 -38.031881 1.7291223)
(10.379625 -37.498489 1.4874187)
(30.05821 23.676916 -0.31696612)
(32.7993 21.808625 1.2111312)
(26.524557 30.082564 -0.31067391)
(-30.724927 24.365782 0.01654045)
(-31.212119 23.833228 0.69625162)
(-29.179453 27.496468 0.13154763)
(-34.385995 8.720448 1.3572994)
(-26.884597 27.269589 -0.78436873)
(-12.538354 34.616602 -1.113806)
(-32.876152 19.763303 1.7736346)
(-25.349711 31.390617 -0.1377283)
(-11.75886 36.08953 -1.8084762)
(-35.01846 12.21021 1.4505078)
(-29.300768 27.799498 0.030144374)
(-34.890404 16.970245 0.77558822)
(28.675463 -27.194715 -1.97833)
(21.652697 -32.287795 -4.6634966)
(27.80263 -28.087611 0.046119381)
(26.6511 -30.860934 -0.26249238)
(17.743851 -34.327851 2.741743)
(35.543023 -10.06748 -2.2441903)
(3.5109693 37.579398 -2.8392342)
(-14.369397 -36.061486 -2.4099763)
(-19.101294 -33.656066 -1.0928676)
(-10.562882 -37.581795 0.51666484)
(-18.749713 -34.025528 -0.62000002)
(-12.598646 -36.925241 -0.28853929)
(-15.21653 -34.695164 4.7068176)
(-8.6075832 -37.200898 3.1054475)
(-37.936565 5.9432644 -0.32338306)
(-14.241528 35.758848 -4.2417245)
(-8.8016749 37.227805 -4.0352269)
(-38.542599 6.0154145 -1.014971)
(-38.433898 5.2650402 -1.4009084)
(-35.517014 12.808229 1.8460718)
(-37.579471 8.0217698 -0.29878801)
(22.264819 -34.156106 0.23536314)
(-11.134291 -35.728739 1.8588365)
(-25.382175 -30.998665 0.13288838)
(-0.37074104 38.133459 -1.4307071)
(7.4996416 28.837987 -11.181434)
(-18.405761 -30.50407 2.3883082)
(-25.336741 -28.078963 0.43709528)
(-29.022474 -22.026576 -3.1373829)
(-28.501931 -24.982851 -0.11518159)
(-32.421668 -18.323161 -3.0092636)
(-28.144777 -21.467269 2.5382705)
(-19.730193 31.136326 4.3312331)
(-13.377191 34.396662 -5.6730466)
(-36.108185 7.146649 2.52811)
(13.955342 -36.54094 -3.8163682)
(15.68616 -35.149768 4.1625911)
(14.406378 -37.573594 0.49421714)
(7.514006 -37.292442 2.8545801)
(8.5624402 -37.645866 1.4370959)
(17.735614 -35.933778 0.0046161416)
(14.518367 -37.082182 0.15083717)
(20.112837 -34.708732 0.0075159685)
(25.937374 -30.10511 -1.0648757)
(19.578955 -35.201716 -0.32001322)
(20.022681 -34.831034 0.0093936481)
(18.25053 -34.990228 -1.6311493)
(24.743265 -31.70761 2.6845432)
(20.259406 -31.751195 4.8905408)
(35.777707 -17.575056 -1.458033)
(18.780901 36.034915 0.13893517)
(26.102428 30.761676 0.0076512564)
(24.512117 32.305303 -0.91947343)
(8.6701848 37.938157 -2.052903)
(30.643363 20.849542 1.8990574)
(30.059665 24.166872 -4.6914957)
(24.194155 30.276009 -2.654642)
(26.188372 30.202924 -0.1274844)
(27.175569 28.3201 -0.16134069)
(27.565964 28.868908 -0.0572039)
(16.13241 34.987744 -2.6959675)
(11.872221 36.310581 -4.4382732)
(21.403859 32.657322 1.0824052)
(22.613648 33.401861 -0.79569409)
(11.332745 34.942415 -1.600012)
(-11.337139 32.09797 -8.7569907)
(-5.9419154 37.673039 -1.804395)
(5.5515046 38.148915 -2.8455681)
(8.0544437 38.274791 -0.049880721)
(-12.99947 -36.290361 1.0812109)
(-19.087514 -34.700296 -0.50957344)
(-25.345366 -29.394593 -1.2150113)
(-7.3059725 -36.826168 0.092858497)
(-23.247465 -32.143189 0.62675108)
(-19.033311 -34.019888 2.2792779)
(-37.087532 -8.3812806 -1.5790889)
(-37.066208 -12.595823 -0.2618413)
(-36.762253 -12.169329 -0.58612158)
(-37.466373 -7.953479 -0.49103305)
(-33.455829 -20.668775 -0.70693324)
(-36.910376 -13.702162 -0.07676134)
(-29.86297 -24.249146 -0.21215402)
(-28.41083 -25.785219 0.60648969)
(-32.890428 -18.967522 -2.0224218)
(-31.376997 -23.068445 -0.85035213)
(-33.550603 -18.532809 0.029807632)
(-34.27527 -17.530765 -0.035323618)
(-34.975554 -11.899982 0.37526772)
(-32.756715 -21.463718 0.02536721)
(-34.960572 -14.898619 -1.4294462)
(-35.235677 -17.813024 0.42400165)
(-31.382484 -25.032978 -0.060791358)
(-36.864911 12.754789 -1.0880059)
(-37.993864 -8.4579572 -2.122585)
(-37.999504 -7.4913551 0.45697708)
(-35.256652 -15.402349 1.9790363)
(-27.135937 28.424941 0.091219867)
(-29.688496 25.471124 -0.10040478)
(-31.03411 24.002642 -0.69054539)
(-37.263038 10.056809 0.95869701)
(-29.444815 25.73716 0.025971735)
(-28.993378 26.033969 0.13483876)
(-37.201824 12.518045 0.28000773)
(-34.577079 18.141534 -0.81431068)
(-19.400593 34.692307 0.012097394)
(-18.291994 35.248078 -0.11073925)
(-12.598032 36.276815 0.956115)
(-26.740224 30.421656 -0.025791459)
(-20.028207 34.41346 0.07925632)
(-14.649423 36.181095 -0.34679913)
(-18.967094 34.188581 1.1283119)
(-12.981445 36.547091 2.1409279)
(-23.234511 31.471979 -1.1442571)
(-22.002489 33.034222 -0.050873208)
(-26.928346 28.000224 -0.60538512)
(-25.518907 29.40177 -1.6584176)
(-9.7610268 35.917913 1.6275125)
(-30.82072 26.231206 0.01240489)
(-29.291731 27.929724 0.019097451)
(-36.211196 10.900192 2.0757874)
(-31.636025 25.082479 0.11256355)
(-34.997644 15.395744 -3.1326957)
(-30.64863 24.152909 0.66988145)
(-28.19188 26.722031 0.79562889)
(-30.098105 26.59103 0.36549671)
(-28.687939 28.093195 -0.04334918)
(-26.435182 30.711384 0.0066885503)
(-40.294601 -0.11805653 0.22267183)
(-40.215466 1.8738508 0.1196759)
(-38.76855 -3.4328796 1.0038732)
(-36.180416 -12.032935 2.8665407)
(-40.469991 2.8032679 -0.032742994)
(-40.580146 -0.99103311 0.0025355791)
(-40.488464 2.2897815 0.043455639)
(-40.573905 -1.6842931 0.012461923)
(-36.163768 14.440917 -1.1592914)
(-35.961269 15.178234 0.44344438)
(-40.299974 -2.2354433 0.25768642)
(-35.721168 -15.298295 -2.3138555)
(-39.935685 -6.2187237 -0.074441213)
(-40.106731 -5.4976375 0.097161039)
(-39.10791 -8.7096473 0.2570213)
(-36.167779 -15.102648 1.0890198)
(-39.661876 -7.6520421 0.16707262)
(-36.661555 -12.755461 1.187503)
(33.020991 6.3924044 -0.17378415)
(-4.6776824 -32.889724 3.5861452)
(33.021878 6.3920953 0.21843079)
(-4.2426182 -30.730306 2.2052892)
(-4.2034765 6.3669717 -0.44354746)
(33.022756 8.8782372 0.30154455)
(-4.2034843 8.8424262 -0.61594332)
(-7.058094 -31.938406 5.8551168)
(-6.6056979 -28.898518 7.4592349)
(-6.4427369 5.9728484 -1.593348)
(-6.4427457 8.2952092 -2.2126241)
(15.626577 -33.47594 -0.50469005)
(13.109312 -33.37379 -0.27581172)
(33.014733 -10.994875 0.36022481)
(15.618414 6.3390002 0.59960898)
(15.615766 -10.915526 -1.0307342)
(13.142504 -30.938577 -0.18024638)
(13.126622 -13.502542 0.0067736955)
(13.124975 6.3980285 -0.008363029)
(13.126094 -11.014971 0.0094093865)
(15.617641 28.564676 2.6207594)
(13.12551 8.8855818 -0.0096485664)
(13.129963 26.300599 0.11745888)
(13.129846 28.789653 0.14185916)
(15.665611 -33.178247 -0.18100285)
(13.341813 -33.361781 -2.2748881)
(32.950978 -13.5321 -1.4263345)
(15.709315 -31.111738 1.7200097)
(15.620699 -13.420063 -1.0877674)
(33.022867 -11.005124 -0.37917913)
(15.61655 6.3559984 0.51659799)
(15.617801 -10.9444 -0.88833632)
(13.369562 -31.219145 -1.6347953)
(-4.2034949 -13.436988 0.93587445)
(13.132362 -13.506133 -0.079760597)
(13.129205 6.3977327 0.038578295)
(-4.2034873 -10.961469 0.76350978)
(13.130147 -11.0156 -0.06579085)
(15.616918 8.8277167 0.71701979)
(15.828891 26.536036 1.5493032)
(15.912966 29.327882 -0.87382785)
(13.129459 8.8854806 0.053298499)
(-4.217046 26.179841 -1.8475916)
(13.289307 26.581419 -0.021400049)
(-4.237948 28.657274 -2.0997327)
(13.375009 29.196883 0.44577991)
(-12.363345 -36.000333 -0.45835938)
(-6.4427654 -12.605632 3.3617988)
(-6.4427407 -10.283152 2.7426984)
(-6.4800066 24.573471 -6.5173702)
(-6.5588913 26.903128 -7.1245143)
(26.091306 -26.760354 -9.1076971)
(33.021511 -1.0638523 0.027863588)
(25.556508 6.3802371 -0.33439892)
(25.556475 -1.0617026 0.055810057)
(1.7121713 -40.000761 0.0041013859)
(0.17056302 -39.296395 1.3527863)
(2.4433227 -39.470296 -0.31758013)
(2.2700604 -39.440442 0.017127981)
(2.7766529 -39.890878 0.00360377)
(3.1708002 -33.347488 0.13166442)
(-2.2526609 -39.879737 -0.14351429)
(25.539916 -23.372275 1.2829373)
(33.021688 -1.0636186 -0.040123696)
(25.558006 6.3806758 -0.33445643)
(25.557681 -1.0617422 0.055653952)
(3.1851258 -30.932949 -0.094338855)
(-4.2028497 -23.338894 1.6273382)
(3.1792216 -23.4603 -0.060280064)
(3.1748968 6.3978448 0.012682576)
(-4.2034654 -1.0594873 0.073814127)
(3.1748973 -1.0646259 -0.002111195)
(32.768123 16.350713 -2.9469548)
(25.558923 8.8622865 -0.46447984)
(25.586422 16.332837 -0.85594646)
(3.1748986 8.8852958 0.017614987)
(-4.2036019 16.269058 -1.1328432)
(3.175242 16.348418 0.033305008)
(-4.6366858 -39.478183 0.40074392)
(-3.1560467 -40.073101 -0.0047799728)
(-5.4848134 -39.694755 -0.22711298)
(-6.4411428 -21.892925 5.8435085)
(-6.4427389 -0.99388832 0.26516367)
(-9.0590594 38.425657 0.30097595)
(-6.4430193 15.263028 -4.0692748)
(20.231122 34.014489 -0.19158832)
(19.679377 34.083254 -0.1267265)
(-24.895168 -30.108941 -0.035110157)
(33.021355 -3.549322 0.093982951)
(25.554618 -10.982525 0.57557331)
(25.556499 -3.5423757 0.1857528)
(23.071976 6.3803447 -0.33458361)
(15.61442 -1.0646769 0.0050130232)
(23.071686 -1.061734 0.055747993)
(23.071354 -10.983675 0.57539476)
(15.588393 -3.5829823 0.6116331)
(23.071826 -3.5424437 0.18559149)
(13.131055 -23.455934 -0.092354278)
(5.5084122 -19.149896 9.0786429)
(13.129009 -20.966417 -0.040226982)
(5.5137046 -11.021341 5.2293781)
(5.5127894 -17.119667 8.1139579)
(13.124269 -1.064692 0.0019407019)
(13.124521 -3.5522758 0.0056171594)
(5.5137488 -8.9896048 4.2670588)
(5.5140041 -2.8981997 1.3768586)
(23.335459 28.593891 -1.5454657)
(14.420033 35.962424 2.6667868)
(5.5138406 7.2508665 -3.4429351)
(13.127126 16.348305 -0.00073112307)
(13.127632 18.83589 0.012782489)
(5.5135132 21.463486 -10.18543)
(12.460545 35.985248 1.6237259)
(5.5378862 23.483158 -11.146933)
(-0.28223032 -39.851688 0.0103925)
(4.6211459 -39.370358 -0.43415165)
(1.8781541 -39.992032 0.0036802911)
(1.4986959 -39.623422 0.016942803)
(2.3117322 -39.958071 0.0028465005)
(1.9697331 -39.51163 0.012827109)
(-0.49162444 -39.812172 0.017234324)
(-0.97946252 -39.703286 0.018574927)
(11.740757 -36.392102 0.23095912)
(14.837728 -36.316936 0.36023419)
(20.95541 -34.221235 0.22792705)
(22.257457 -33.706491 0.022126085)
(19.171894 -35.254921 0.11653253)
(2.7673986 -39.905415 0.0010054786)
(1.3929546 -39.650313 0.018143459)
(2.4396409 -39.944818 0.0024194986)
(0.64638913 -39.779116 -0.036176499)
(-0.67624649 -39.68895 0.24926666)
(5.6549539 -33.370034 0.31884898)
(-1.8185814 -39.504327 0.018460116)
(-1.1547138 -39.662048 0.017434205)
(29.6722 -21.821095 8.6511604)
(25.560377 -13.467225 0.7059672)
(25.574252 -20.9289 1.0968725)
(20.79798 -30.636111 4.9258391)
(15.730606 -23.501653 -1.7307628)
(23.34985 -23.690644 1.2380344)
(23.075804 -13.470522 0.70601226)
(15.67732 -20.929543 -1.6397086)
(23.157883 -21.00558 1.1010375)
(33.021832 -3.5486926 -0.12905319)
(25.558447 -10.984914 0.57579513)
(25.557715 -3.5424451 0.18569337)
(23.07122 6.380593 -0.33436743)
(15.616456 -1.0576471 -0.085904047)
(23.070984 -1.0617732 0.055649011)
(23.072533 -10.986159 0.57578152)
(15.616473 -3.5288351 -0.28683673)
(23.071011 -3.5424788 0.18567263)
(5.68879 -30.968002 -0.13372351)
(13.216043 -23.59259 -0.084627572)
(5.6736258 -23.472397 -0.087774906)
(-4.2033753 -20.863415 1.4538516)
(3.1749645 -13.502212 -0.02696667)
(3.1769347 -20.968266 -0.047346748)
(13.175734 -21.036066 -0.09715603)
(5.6627974 -13.502378 -0.038221872)
(5.6679306 -20.973943 -0.067808056)
(5.662568 6.3978198 0.017955746)
(13.129137 -1.0645917 -0.0063899501)
(5.6625674 -1.0646218 -0.0029877096)
(-4.2034674 -3.5349919 0.24628499)
(3.1749091 -11.014608 -0.021884407)
(3.1748973 -3.552136 -0.0070425014)
(13.129147 -3.5520215 -0.021440574)
(5.6626133 -11.014627 -0.030997267)
(5.6625677 -3.552122 -0.0099706719)
(4.2796123 38.906476 -0.2754524)
(18.92509 35.437115 0.05447373)
(20.241193 34.173818 0.201041)
(19.272036 35.134985 0.071374934)
(31.817661 19.175967 -5.5213867)
(24.665883 26.943676 -2.8339821)
(25.618787 18.848154 -0.9879213)
(23.072001 8.8621121 -0.46450687)
(15.631344 16.264132 1.306201)
(23.09894 16.333618 -0.85600993)
(23.20449 26.433987 -1.3132531)
(15.651745 18.769274 1.4847327)
(23.136171 18.855787 -0.98787114)
(24.589662 28.633937 -1.4840219)
(6.9701317 38.772589 -0.12454049)
(23.044111 28.894531 -0.24084786)
(5.6625871 8.8852913 0.024937035)
(13.140182 16.362917 0.093430548)
(5.663548 16.349372 0.047228343)
(-4.2039609 18.744936 -1.3051442)
(3.1873708 26.326765 0.091399374)
(3.176006 18.837374 0.040071188)
(13.155585 18.873561 0.099312565)
(5.692939 26.360625 0.14402863)
(5.6654852 18.840329 0.057035903)
(12.912933 37.913246 -0.0044031878)
(-4.7928315 35.397286 -3.5592002)
(3.1946763 28.83425 0.13603299)
(3.0142113 35.974641 -0.60124356)
(5.7117157 28.891793 0.23586227)
(5.4059419 36.073942 -0.92052628)
(-3.0289113 -40.075956 0.0076332865)
(-3.128316 -40.069949 -0.0034622108)
(-2.9822232 -40.080979 0.0097001816)
(-3.1942719 -40.064297 -0.089760906)
(-15.093477 -35.818861 0.1201285)
(-30.045617 -25.008503 0.18214852)
(-34.063977 -18.065385 0.14697707)
(-6.4427767 -19.572174 5.2206545)
(-6.4427358 -3.3161248 0.88472667)
(-34.718707 -19.263049 0.017402827)
(-32.386732 -22.76723 0.26414148)
(-36.048272 -11.977455 1.9572727)
(-36.214753 -14.205088 0.5782536)
(-36.094037 -10.686532 -2.0954064)
(-33.696546 -20.504234 0.033486614)
(-20.432044 33.709626 -0.17721372)
(-19.955411 34.113993 0.053210442)
(-7.0129453 38.476448 -0.061321865)
(-9.3642385 38.398728 -0.044023101)
(-6.4439998 17.586331 -4.6870387)
(-18.318793 35.161847 -0.065923601)
(-12.104728 37.833143 0.067269618)
(-34.140458 20.063082 -0.014782444)
(-34.671861 19.385658 -0.090588952)
(-1.6963511 -35.55301 0.40901547)
(33.021407 3.9074195 -0.10330736)
(30.530261 6.3970959 -0.027218703)
(30.530811 3.9101323 -0.014525533)
(-1.8113258 -28.424626 0.12232562)
(-1.8121246 3.9102488 -0.019901091)
(-1.8121155 11.372555 -0.057931531)
(-9.1890132 -35.398016 -0.48691204)
(-9.2442481 -28.399032 0.11041852)
(-9.2644811 3.910319 0.011129658)
(-9.264466 11.372736 0.031248523)
(-1.8186379 -33.310374 0.54921313)
(-4.7016878 -35.116181 3.0583331)
(33.021615 3.9066282 0.13338892)
(30.531462 6.3979219 0.079397542)
(-1.7926222 -30.908019 0.30618829)
(-4.2004419 -28.288231 1.9708211)
(-1.7897795 6.3977055 -0.032457397)
(-4.2034703 3.8914625 -0.27111381)
(33.025095 11.365573 0.3837949)
(30.533168 8.8864117 0.10689397)
(-1.7897836 8.8851018 -0.045071086)
(-4.2034941 11.317946 -0.78829826)
(-9.1222067 -23.176822 11.029279)
(-6.4358981 -26.539268 7.0710808)
(-9.1161675 3.1914887 -1.5151582)
(-6.442738 3.6505362 -0.97392741)
(-9.1158866 9.2863722 -4.4030051)
(-6.4427336 10.617684 -2.8317548)
(28.862994 -29.436984 -0.0062936519)
(28.930056 -29.383377 -0.0011525323)
(20.332289 33.881494 -0.64648742)
(-26.049053 -28.65094 -0.30058012)
(17.706462 -33.494775 -1.3897133)
(14.539224 -35.738422 -2.4736006)
(10.670552 -33.365181 0.30374983)
(12.241505 -35.698164 -2.5798361)
(10.641384 -35.732181 -0.03650599)
(33.019174 -8.5168498 0.24789569)
(30.52178 -11.006391 0.091462212)
(30.527767 -8.5241407 0.048039267)
(18.105905 6.3817224 -0.33446957)
(15.589228 3.9404033 -0.59496491)
(18.059391 3.9074636 -0.9105911)
(18.102513 -10.983713 0.57531632)
(15.614906 -8.449094 -0.80601633)
(18.102962 -8.5031707 0.44557922)
(10.658508 -30.917694 0.29311858)
(13.138953 -28.442196 -0.21739629)
(10.654514 -28.432924 0.18994231)
(-1.8120859 -15.989217 0.08134707)
(13.127139 -15.990164 0.00079582155)
(10.647264 -13.501407 0.12082242)
(10.64756 -15.988893 0.1357811)
(10.646191 6.3973911 -0.063084815)
(13.124522 3.9104757 -0.0057419725)
(10.64591 3.9100817 -0.039221823)
(-1.8121182 -8.5269097 0.043389488)
(13.125507 -8.5273814 0.0096095805)
(10.646948 -11.013977 0.10271452)
(10.646567 -8.5265837 0.082187065)
(18.122966 28.73314 -1.5063819)
(15.370925 31.209575 2.4446653)
(17.853668 31.317305 1.8165943)
(10.646566 8.8847547 -0.085439626)
(13.126104 11.373172 -0.0094121959)
(10.646946 11.37215 -0.10589453)
(-1.8123011 23.810047 -0.11810572)
(13.129233 23.811817 0.076504764)
(10.648938 26.297639 -0.1498817)
(10.648418 23.809889 -0.15041565)
(-1.8079348 31.265898 -0.35829512)
(13.12779 31.272682 0.054581692)
(10.649018 28.78531 -0.16697343)
(10.646758 31.267589 -0.19184573)
(-9.2641911 -15.989087 -0.045635932)
(-21.606524 -27.943009 -1.156921)
(-21.694478 -15.935257 0.83554034)
(-9.264479 -8.5270618 -0.024067228)
(-21.705796 3.8996498 -0.20439504)
(-21.705151 -8.5032389 0.44574712)
(-29.044599 -15.85469 -1.9346064)
(-29.15848 3.8987694 -0.2043799)
(-29.15425 -8.504636 -0.387545)
(-9.2654311 23.8134 0.045983521)
(-21.706703 11.342536 -0.59452109)
(-21.627075 23.795313 -1.1252324)
(-9.263218 31.286108 -0.067777922)
(-29.167911 11.345655 0.48920095)
(16.022796 -33.193533 4.8529832)
(10.714529 -33.426607 -1.8511959)
(12.936102 -35.366394 -0.12528374)
(29.801487 -28.479205 0.012829439)
(29.184617 -29.134889 0.013879815)
(32.89726 -15.941337 2.1824977)
(30.533295 -13.50132 -0.15703202)
(18.239301 -31.238139 1.1068467)
(15.890611 -28.93549 0.88132586)
(18.108296 -13.471478 0.70591655)
(15.628248 -15.903221 -1.2848785)
(33.022437 -8.5195578 -0.3040735)
(30.5334 -11.015013 -0.13798736)
(18.103389 6.3804692 -0.33437186)
(15.616467 3.8846765 0.31580487)
(18.104825 -10.986375 0.57578858)
(15.616825 -8.4717691 -0.68815176)
(10.871914 -31.208107 -1.2428592)
(13.359291 -28.729977 -0.83960763)
(-4.2035015 -15.912442 1.1082713)
(-1.7897846 -13.501824 0.068461611)
(13.138169 -16.001967 -0.092031419)
(10.641482 -13.503723 -0.08709913)
(10.640028 6.3976332 0.041463371)
(13.129143 3.9102081 0.023672693)
(-4.2034796 -8.4859528 0.59113287)
(-1.7897843 -11.014367 0.05586608)
(13.129412 -8.527228 -0.051243639)
(10.640423 -11.014755 -0.071219963)
(29.358895 29.321343 -0.012758346)
(18.103849 8.8617233 -0.46438796)
(15.61817 11.300857 0.91647278)
(18.394696 26.636938 -1.3870274)
(15.750038 23.894074 1.6809969)
(18.275052 29.079445 -1.4241772)
(15.582059 31.386319 -1.6990364)
(10.640118 8.8851767 0.057468198)
(13.130395 11.374132 0.06772747)
(-4.2086381 23.69945 -1.6551816)
(-1.7925505 26.308518 -0.16215662)
(13.230802 23.975743 0.052282993)
(10.745738 26.498811 0.13520718)
(-4.3219637 31.089381 -2.5495735)
(-1.7967716 28.805865 -0.2423672)
(13.398432 31.82647 0.40637252)
(10.808667 29.131702 0.15169156)
(-25.157755 -29.624665 -0.24191745)
(-19.150058 -34.582716 0.039969957)
(-18.836652 -34.668057 0.083373694)
(-20.707258 -33.755096 -0.021463928)
(-11.244574 -35.969947 0.21520068)
(-21.897252 -33.014223 -0.013435915)
(-29.97485 -26.648692 -0.024831339)
(-9.1162639 -13.059268 6.1873239)
(-6.4428328 -14.928076 3.9808876)
(-21.867694 -28.463396 0.35461931)
(-22.262041 -29.816419 3.1482923)
(-23.473655 -28.713959 -2.1105021)
(-21.808485 -16.017184 0.83925532)
(-24.323373 -13.541648 0.71013875)
(-21.777879 -13.509641 0.70835849)
(-24.372721 -16.066929 0.84189033)
(-9.1159452 -6.9609089 3.3026202)
(-6.4427315 -7.9607176 2.1235095)
(-21.724123 3.9030199 -0.20430084)
(-24.246074 6.397643 -0.33504477)
(-24.234156 3.907678 -0.20461283)
(-21.730877 6.3888785 -0.33473996)
(-21.740006 -8.5184052 0.44681897)
(-24.289584 -11.032425 0.57776648)
(-21.755436 -11.010758 0.5766109)
(-24.264964 -8.5335494 0.44761746)
(-28.723411 -28.202655 0.0014493838)
(-26.556305 -30.262969 -0.00029998083)
(-29.229112 -27.624026 -0.010453971)
(-29.689063 -16.25654 0.9009573)
(-26.900938 -13.585785 0.7124301)
(-26.974876 -16.136424 0.84564268)
(-29.554503 -13.669694 0.70066967)
(-29.336707 3.9226224 -0.20558102)
(-26.786115 6.4115806 -0.3355874)
(-26.767495 3.9143151 -0.205048)
(-29.35821 6.4291116 -0.33633397)
(-29.429069 -8.5982655 0.45079067)
(-26.859717 -11.066786 0.57987983)
(-26.823512 -8.5593818 0.44886519)
(-29.473391 -11.111361 0.58258142)
(-9.1287576 19.480892 -9.1811616)
(-6.4565956 22.239173 -5.9130685)
(-9.1420942 21.554151 -10.10142)
(-21.763313 11.374117 -0.59600981)
(-24.267261 8.8929715 -0.46653116)
(-21.743293 8.8783497 -0.46540817)
(-24.297749 11.395945 -0.59697421)
(-22.042996 24.07707 -1.2613445)
(-24.550592 26.214701 -1.2729874)
(-21.795124 26.32512 -1.4509703)
(-24.495672 24.025021 -1.2252266)
(-9.5313997 26.317808 -11.216304)
(-6.8707312 29.187173 -7.6984143)
(-9.2024945 23.743025 -10.902157)
(-21.205439 31.207444 0.94889282)
(-24.209816 28.240808 -0.83934042)
(-21.309725 28.950929 1.6160006)
(-29.462825 11.465297 -0.60024125)
(-26.821175 8.9170893 -0.46808881)
(-29.414616 8.951839 -0.46993726)
(-26.864493 11.428761 -0.59850568)
(-29.168317 23.104961 -1.5960334)
(-26.765274 25.686472 -1.1048573)
(-27.009538 23.829979 -0.8592688)
(28.231879 -29.842859 -0.045370037)
(27.887721 -30.198729 -0.098694796)
(29.62431 -28.511052 0.10373512)
(19.333527 -33.822115 -0.024225626)
(0.7743455 -35.503505 0.68583153)
(0.70177045 -37.826305 0.051471007)
(33.021509 1.4218357 -0.037218964)
(30.53093 -1.064582 0.0037451928)
(30.530952 1.4228086 -0.0050446221)
(28.043258 6.3651826 0.45278707)
(25.55651 3.8996049 -0.20429531)
(28.043425 3.8904435 0.27744074)
(28.043457 -1.0592349 -0.075544576)
(25.556477 1.4189293 -0.074389564)
(28.043462 1.4156143 0.1010624)
(0.5953552 -28.296871 1.9020654)
(-1.811519 -25.937967 0.12577251)
(0.59973055 -25.816034 1.7789259)
(0.60156244 3.8914443 -0.27124235)
(-1.8121257 1.4227933 -0.0072415833)
(0.60155954 1.4159506 -0.098697169)
(0.60158215 11.317883 -0.78874621)
(-1.8121122 13.86001 -0.070634416)
(0.60158828 13.79339 -0.96119266)
(-9.2522146 -25.923158 0.02325728)
(-11.706456 -28.358299 0.21117226)
(-11.725092 -25.901793 0.04655963)
(-9.2644758 1.4228191 0.0040284364)
(-11.7529 3.9102325 0.018769734)
(-11.752897 1.4227989 0.0067630723)
(-9.2644732 13.860247 0.036228369)
(-11.752889 11.372553 0.053365168)
(-11.752843 13.860055 0.061089481)
(28.191072 -29.919276 0.40699571)
(1.5481306 -40.008035 0.0045217975)
(-0.71851891 -39.943599 -0.00050572783)
(-2.5524517 -39.367378 -0.27631917)
(0.8267737 -39.623718 0.24110039)
(1.6665549 -39.974669 -0.045968661)
(-0.063958037 -39.487793 -0.30611259)
(-3.2107621 -39.731776 -0.0060509212)
(2.2988754 -39.417115 0.070467727)
(0.31303325 -39.962281 0.0031317423)
(2.4103563 -39.573748 0.23392977)
(0.69288613 -33.335072 -0.018028552)
(2.9638096 -35.578082 0.75480304)
(-5.7279885 -37.410611 1.4665959)
(-2.1638977 -39.882013 0.0028053612)
(-4.8661656 -39.222438 0.23872925)
(30.164201 -27.738689 -0.018779997)
(30.410929 -22.914834 -0.67374761)
(24.830179 -28.14023 1.0756628)
(27.871821 -23.394869 0.29928244)
(25.356529 -26.013387 1.2305943)
(33.021613 1.4214438 0.047192601)
(30.530957 -1.0646462 -0.01610001)
(28.044707 6.3410849 0.60519149)
(25.557749 3.8997048 -0.20428632)
(28.044399 -1.0550132 -0.10193662)
(25.557695 1.4189317 -0.074393358)
(0.69216553 -30.917547 -0.086087805)
(3.1848545 -28.449637 -0.10471083)
(-4.2011546 -25.814755 1.799358)
(-1.7893115 -23.452415 0.1167364)
(3.1823283 -25.954712 -0.079786106)
(0.68948357 -23.454907 -0.063018495)
(0.68800371 6.3978335 0.015297594)
(3.174897 3.9103347 0.0077524669)
(-4.2034665 1.415957 -0.098653117)
(-1.7897729 -1.0646028 0.0054013428)
(3.1748973 1.4228245 0.0028219374)
(0.68800668 -1.064624 -0.0025464313)
(1.8445461 40.126219 -0.073610515)
(1.2299824 39.99398 -0.33749141)
(1.3243296 39.989132 -0.049796931)
(0.2156309 40.23266 -0.036592274)
(33.000112 13.87355 0.97413913)
(30.546519 16.375152 -0.49619352)
(28.045801 8.8077832 0.83901212)
(25.561764 11.345857 -0.59458128)
(28.083823 16.21777 1.4947346)
(25.56934 13.834371 -0.72537889)
(0.68800253 8.8852795 0.021247033)
(3.1749116 11.372807 0.022591105)
(-4.2035153 13.793472 -0.96060072)
(-1.7898015 16.347534 -0.08285474)
(3.1749921 13.860443 0.027721705)
(0.68809734 16.347985 0.039421635)
(0.033200486 39.64615 -0.2010788)
(-0.61256188 39.634676 0.31721877)
(-19.953132 -33.068459 -0.22623256)
(-15.239986 -36.377357 -0.026342355)
(-15.321072 -36.286071 -0.029504321)
(-19.83952 -33.239185 -0.090061763)
(-5.377131 -39.767181 0.17111058)
(-10.666347 -38.934522 0.00061848846)
(-3.4111147 -40.05135 0.064285042)
(-14.557862 -33.173234 1.5655866)
(-11.981789 -33.193601 1.7911007)
(-7.2768139 -39.505398 -0.25036073)
(-4.0026975 -39.315276 -0.7024536)
(-9.1124831 -21.168606 10.054662)
(-6.4340027 -24.213025 6.4697879)
(-9.1187065 -19.153955 9.0751047)
(-11.883049 -28.287987 2.0374147)
(-14.275942 -30.904646 0.46073377)
(-11.905117 -30.74404 2.2729334)
(-14.266481 -28.441792 0.28163352)
(-9.116262 1.1611613 -0.55144535)
(-6.4427393 1.3282825 -0.35439901)
(-9.1162726 -0.86890194 0.41248256)
(-11.8728 3.8910194 -0.27676581)
(-14.25065 6.3982143 -0.061229664)
(-11.872954 6.3664711 -0.45092116)
(-14.249937 3.9104159 -0.039049749)
(-36.421013 5.5555922 -2.1407533)
(-36.671179 3.8855579 -0.134136)
(-11.34318 38.13081 0.0098271575)
(-10.21109 38.237944 0.081049335)
(-6.9574386 38.737708 -0.035871337)
(-8.0168318 38.462587 -0.63164762)
(-10.136213 38.179988 -0.16329975)
(-16.804761 35.156069 0.057817955)
(-33.351732 19.147052 -0.17807062)
(-32.73184 19.738407 -0.30692381)
(-9.1159391 11.32006 -5.3641416)
(-6.4427951 12.940259 -3.4506866)
(-11.874081 11.31892 -0.79311359)
(-14.252069 8.8866145 -0.080461273)
(-11.873313 8.8423395 -0.62310543)
(-14.254694 11.376108 -0.096603636)
(28.800607 -29.481151 -0.0069686437)
(28.726007 -29.545946 0.0059675302)
(19.389986 -33.808881 0.073951953)
(28.977715 -29.30077 -0.01259905)
(19.18094 -33.841264 0.044863694)
(18.372797 34.011578 2.2348)
(19.59317 34.077955 -0.11667357)
(-24.886321 -30.006692 -0.033893818)
(8.3722952 -33.087161 3.0226538)
(9.15909 -34.980377 4.6318579)
(33.020825 -6.0340857 0.16461101)
(30.530736 -3.5518434 0.01323583)
(30.530013 -6.0386497 0.025963489)
(28.039824 -10.954352 -0.77155579)
(25.556042 -8.5031905 0.4456477)
(28.042235 -8.4826925 -0.60009962)
(28.043395 -3.5340676 -0.25188046)
(25.556463 -6.0229559 0.31566498)
(28.043126 -6.0087247 -0.42708593)
(20.588702 6.3804454 -0.33443769)
(23.071829 3.8996568 -0.20440441)
(20.588355 3.8997145 -0.20439764)
(15.61442 1.4228741 -0.0060209681)
(18.102393 -1.0623032 -0.049753459)
(18.102395 1.4196883 0.066759844)
(23.071687 1.4189607 -0.074320454)
(20.588156 -1.0617749 0.055549425)
(20.588156 1.4189919 -0.074297738)
(20.589061 -10.984327 0.57568078)
(23.071935 -8.5036244 0.44559299)
(20.588993 -8.5038796 0.4458153)
(15.618385 -5.984102 -0.56537779)
(18.059433 -3.5492618 0.90975383)
(18.105894 -6.0244961 0.31591071)
(23.071946 -6.0231101 0.31568137)
(20.588354 -3.5425097 0.1854556)
(20.58869 -6.0232131 0.31592553)
(8.2725603 -30.723369 2.4180435)
(5.447784 -23.157801 11.061063)
(8.2691889 -28.281002 2.0490602)
(13.134472 -25.947645 -0.1517346)
(10.649634 -23.453308 0.14656394)
(10.651548 -25.942844 0.15101578)
(8.2712529 -23.341359 1.6148368)
(8.2710742 -25.815312 1.8027272)
(-1.8120412 -18.476611 0.094043076)
(0.60165288 -15.912364 1.1088298)
(0.60171426 -18.387814 1.2812639)
(13.127758 -18.47792 -0.012991355)
(10.64851 -20.964624 0.1491642)
(10.64789 -18.476542 0.14584084)
(8.2704731 -13.435689 0.94755569)
(8.2705619 -15.911694 1.1165737)
(8.2709354 -20.864882 1.4473074)
(5.5136155 -15.086753 7.1523607)
(8.2706959 -18.388095 1.2829447)
(8.270094 6.3656957 -0.45374801)
(5.5139953 3.1904682 -1.5156746)
(8.2699539 3.8906229 -0.27786991)
(13.124269 1.4228921 -0.0021019834)
(10.64573 -1.06459 0.010933582)
(10.645729 1.4227578 -0.014332315)
(5.5140342 1.1608504 -0.55152903)
(8.2699027 -1.0592659 0.075801844)
(8.2699015 1.4156591 -0.10117956)
(-1.8121218 -6.0395137 0.030737187)
(0.60157722 -8.4859116 0.59142465)
(0.60156834 -6.0104717 0.41892528)
(13.124974 -6.0398285 0.0082813163)
(10.645911 -3.5519132 0.035854471)
(10.646192 -6.0392215 0.059768949)
(8.2703674 -10.959993 0.77629189)
(8.2702348 -8.4845518 0.60314503)
(8.2699576 -3.5342263 0.25251527)
(8.2701 -6.0092921 0.42843979)
(20.635918 28.709063 -1.6131057)
(22.910146 31.039251 -0.053891373)
(20.909763 31.027541 -1.2516515)
(15.699748 33.712165 -0.28486563)
(17.567262 33.808514 1.4185716)
(8.2702248 8.8409641 -0.62840041)
(8.2703494 11.316415 -0.80149287)
(13.126637 13.860744 -0.0067238208)
(10.647502 16.347036 -0.1389022)
(10.647253 13.859581 -0.12395752)
(8.2704763 16.26813 -1.1417267)
(8.2704335 13.79212 -0.97272669)
(-1.8121695 21.322388 -0.10756712)
(0.60120447 23.695232 -1.650237)
(0.60150417 21.2198 -1.4782746)
(13.128356 21.323705 0.036857278)
(10.647732 18.834527 -0.14904164)
(10.648012 21.322154 -0.152826)
(8.2727953 26.172934 -1.8015418)
(8.2714893 23.697673 -1.6329725)
(8.2705411 18.744448 -1.3078911)
(5.5140155 17.411909 -8.2521349)
(8.2707877 21.221095 -1.4709989)
(-1.7585598 33.661327 -0.82562244)
(0.65007991 31.073482 -2.3384333)
(1.1539386 33.175808 -4.0846792)
(13.092107 33.688432 0.15946437)
(10.523701 36.089624 0.35760078)
(10.635232 33.715116 -0.047150066)
(8.2737057 28.647278 -1.9759552)
(5.7964023 25.639363 -11.913122)
(8.2710883 31.131734 -2.0901165)
(8.8789473 35.70177 -3.3365542)
(8.3245223 33.594883 -2.1095729)
(-9.2634996 -18.475661 -0.050686516)
(-11.752089 -15.988176 -0.075813565)
(-11.750265 -18.473468 -0.084035397)
(-18.984914 -28.243295 0.77047641)
(-21.500601 -25.714145 1.2417444)
(-19.092471 -25.321725 -3.4674245)
(-19.209327 -15.867891 -1.3515854)
(-21.680982 -18.402403 0.96498517)
(-19.196335 -18.310441 -1.6648962)
(-9.2644748 -6.0396221 -0.017017339)
(-11.752899 -8.5269383 -0.040158783)
(-11.752894 -6.0395353 -0.02841925)
(-19.218752 3.8846326 0.3162002)
(-21.705607 1.4189383 -0.074378112)
(-19.218635 1.4135085 0.11476002)
(-19.218357 -8.4708879 -0.68820849)
(-21.705457 -6.0228803 0.31570769)
(-19.218545 -5.9999778 -0.48690796)
(-29.062322 -18.477084 0.35267518)
(-31.636733 3.8905678 0.19022956)
(-29.162599 1.4196763 -0.074521166)
(-31.637294 1.4090976 0.12388785)
(-29.084131 -6.0361899 1.4860555)
(-31.610341 -8.5077795 -0.15849248)
(-31.537013 -6.1695609 1.4921921)
(-9.2647139 21.323689 0.044018449)
(-11.754432 23.815296 0.053705951)
(-11.753174 21.324244 0.062083123)
(-19.218212 11.294051 0.95352141)
(-21.706861 13.823414 -0.72456224)
(-19.217524 13.760162 1.1854932)
(-19.224509 23.808348 0.19405589)
(-21.641958 21.320765 1.0541062)
(-19.113129 21.239721 1.9388915)
(-9.5535507 33.573098 0.99475216)
(-11.753193 31.26647 -0.062267741)
(-10.445489 33.482505 -3.7578265)
(-18.677945 31.070844 -1.6112033)
(-31.582824 11.348177 0.14165404)
(-29.175624 13.798285 0.75238749)
(-31.505949 14.058704 -0.92532013)
(-28.865783 21.367733 -0.72299183)
(20.86611 -35.47135 0.023758698)
(2.0422041 -40.017863 -0.17928487)
(2.6181403 -40.180637 -0.01840177)
(4.1824929 -39.885517 -0.050534443)
(3.8585154 -39.418614 -1.3413409)
(10.180706 -39.508992 -0.00083653949)
(2.0410919 -39.981887 0.003278674)
(-0.63029091 -39.949003 -0.00047870498)
(-2.6616215 -39.820299 -0.0025702227)
(1.6213367 -39.593325 0.016016297)
(2.1846505 -39.97045 0.0032451366)
(-0.30510355 -39.963 9.3136373e-05)
(-3.0257515 -39.762047 -0.0041568058)
(1.7655183 -39.558855 0.01439019)
(2.5152815 -40.177013 0.0015235045)
(-0.65650347 -39.776878 0.017990471)
(10.31322 -39.462311 -1.1265188e-05)
(10.157735 -39.522711 -2.3456015e-05)
(-0.81720053 -39.740879 0.018437438)
(2.6659427 -40.17734 0.012132356)
(12.821003 -36.431034 -0.47358211)
(14.671289 -36.378018 0.033180576)
(26.839523 -29.185412 -0.2895278)
(21.074531 -34.391238 -0.046672666)
(19.492325 -35.174549 0.053495913)
(2.6842968 -39.916938 0.0014505839)
(0.19672442 -39.972009 5.8900836e-05)
(-2.5449454 -39.837667 -0.002198408)
(1.2949037 -39.675533 0.017465736)
(2.5683144 -39.930743 0.0019751725)
(-0.17942679 -39.966422 0.0001031552)
(-2.1944101 -39.885609 -0.0011676546)
(1.1807907 -39.702456 0.015289508)
(2.9200136 -40.105663 0.32406428)
(2.672445 -39.570963 1.0271963)
(8.16107 -33.417712 0.30348545)
(5.2442011 -35.573715 1.4975397)
(10.357773 -39.350462 -0.0040578178)
(-1.6284999 -39.551822 0.0017236929)
(3.159812 -40.197721 0.015021433)
(18.135371 -35.733037 -0.073020393)
(10.47608 -39.404637 -0.00098505284)
(-1.3581071 -39.614122 0.014598328)
(2.8003141 -40.180837 0.010049133)
(10.738087 -39.310451 -0.0021647443)
(30.492042 -27.659708 -0.010576862)
(30.688175 -27.34087 -0.02362885)
(33.020171 -18.427373 -0.21546801)
(30.298604 -21.150724 1.1894127)
(28.045296 -13.387741 -1.2459977)
(25.564301 -15.953039 0.83589999)
(27.980489 -20.715095 -2.3630438)
(25.570676 -18.442081 0.96670905)
(20.718259 -30.535804 -0.69928555)
(22.918855 -28.475237 1.0367218)
(15.803798 -26.128952 -1.6453561)
(18.23996 -23.578172 1.2357021)
(23.209285 -26.070301 1.3149646)
(20.767898 -23.609887 1.2370775)
(20.593674 -13.471649 0.70602194)
(23.084585 -15.961306 0.83656388)
(15.645037 -18.402137 -1.4748664)
(18.177865 -21.007656 1.100865)
(23.106315 -18.466954 0.96762135)
(20.678182 -21.01719 1.1018784)
(33.022075 -6.0340028 -0.21850815)
(30.531259 -3.5520826 -0.050278913)
(28.04531 -10.919655 -1.0273101)
(25.557974 -8.504108 0.44571253)
(28.044457 -3.5202961 -0.33810504)
(25.557757 -6.0232106 0.31562364)
(20.588314 6.3805012 -0.33437132)
(23.071031 3.8996746 -0.20430585)
(15.616453 1.4134875 0.11492623)
(18.103272 -1.06171 0.055723136)
(23.070981 1.418931 -0.07440713)
(20.588147 -1.0617423 0.055676386)
(20.589886 -10.986463 0.57565027)
(23.071438 -8.5042949 0.44574255)
(15.616545 -6.0001667 -0.48756271)
(18.103293 -3.5424256 0.18556312)
(23.071109 -6.0232423 0.31569233)
(20.588154 -3.5424514 0.18563795)
(8.2133653 -31.042977 -0.31923111)
(5.6883967 -28.481517 -0.16229966)
(13.266606 -26.177147 -0.091599717)
(10.689235 -23.535654 -0.15577677)
(5.6814937 -25.976422 -0.11974751)
(8.175841 -23.496051 -0.13384477)
(-4.2034906 -18.387934 1.2808467)
(-1.7895773 -20.964452 0.10564843)
(0.68802608 -13.502124 -0.032368375)
(3.1751663 -15.990034 -0.032399764)
(0.688686 -20.965776 -0.052871279)
(3.1756962 -18.478468 -0.038771293)
(13.151093 -18.509048 -0.099544051)
(10.665344 -21.005211 -0.1326585)
(8.1515795 -13.502779 -0.063459187)
(5.6633179 -15.990775 -0.045972497)
(8.1633597 -20.985317 -0.10643561)
(5.6647599 -18.480729 -0.055153776)
(8.1509769 6.3977304 0.02995444)
(5.6625671 3.9103192 0.010978217)
(13.129135 1.4227778 0.0086603974)
(10.639999 -1.0645856 -0.0068841569)
(5.6625671 1.4228189 0.0039971275)
(8.1509726 -1.0646067 -0.0049794922)
(-4.2034723 -6.0104996 0.4187298)
(-1.7897744 -3.5520586 0.018022638)
(0.68800495 -11.014588 -0.026359465)
(3.1748989 -8.5270968 -0.016914207)
(0.68800609 -3.5521299 -0.0084958612)
(3.1748974 -6.0396463 -0.011976014)
(13.129203 -6.0395445 -0.03641343)
(10.640002 -3.5520009 -0.023031296)
(8.1511442 -11.014629 -0.051628477)
(5.6625864 -8.5270939 -0.023951943)
(8.1509736 -3.5520722 -0.016638171)
(5.6625689 -6.0396225 -0.016956304)
(21.920646 34.244117 -0.032341994)
(17.056557 36.551448 -0.021410729)
(19.654402 35.323853 -0.021968613)
(12.212259 36.792572 -0.33093937)
(13.87037 36.794489 0.0045807118)
(30.355232 27.419941 -0.5177099)
(28.943433 29.546632 -0.21027137)
(10.989592 39.147111 -0.20873712)
(5.2862467 39.081696 0.059259599)
(10.618828 39.186791 0.1920131)
(21.869157 34.358193 -0.035563114)
(11.413741 36.708261 -0.29599022)
(12.85627 36.759332 0.45760126)
(27.341659 31.140401 -0.00053856119)
(29.115192 29.602375 -0.020123857)
(27.37315 31.121779 -0.0013571144)
(3.2298148 40.497448 0.14039127)
(8.0843365 39.986926 0.30537505)
(5.6899402 40.224725 0.36424978)
(10.728374 39.61497 -0.01423875)
(18.229736 35.952379 -0.043762932)
(0.16344602 40.300062 0.0015647925)
(-0.11288358 40.308838 -0.00064649128)
(0.14410417 40.305076 0.00063667993)
(-0.077851567 40.303921 -0.0042048724)
(3.2562022 40.54745 0.0080327256)
(11.11583 39.541873 -0.00013516228)
(11.09206 39.547856 -0.0006382076)
(3.2913168 40.551807 0.0038709681)
(30.477579 19.041323 -1.138581)
(27.530556 26.172783 -0.50663038)
(25.709813 24.006026 0.65675111)
(28.118451 18.615925 2.0059383)
(25.677232 21.474892 -1.1951628)
(20.588917 8.8619092 -0.46444412)
(23.074546 11.345528 -0.59460939)
(15.621906 13.777873 1.1138424)
(18.122096 16.326719 -0.85567149)
(23.081667 13.833923 -0.72511523)
(20.612079 16.330893 -0.85592382)
(20.976876 26.723423 -1.4477512)
(23.410076 24.118557 -1.259917)
(15.689742 21.30732 1.6268194)
(18.14792 18.840996 -0.98742327)
(23.208658 21.417623 -1.1226518)
(20.644671 18.850436 -0.98802564)
(25.877632 30.708643 0.070472413)
(12.37364 37.499473 -0.11102058)
(17.150308 36.446832 -0.018275648)
(17.476501 36.314493 0.077709751)
(19.60166 35.413844 0.079624473)
(4.5643834 38.38673 -1.2459001)
(26.100778 30.383992 0.14943192)
(11.915271 37.49612 -0.23201036)
(20.537827 29.104586 -2.265757)
(23.100585 30.518992 1.2469619)
(15.766672 33.387554 0.31552423)
(12.645156 36.551431 -2.958253)
(21.799024 33.540385 0.097115751)
(25.978031 31.972844 -0.25560032)
(8.1510179 8.885229 0.041573538)
(5.6626336 11.372856 0.031982858)
(13.133144 13.865375 0.08153579)
(10.6454 16.355323 0.10440297)
(5.6628497 13.860699 0.039259703)
(8.1534078 16.35139 0.077349606)
(-4.205151 21.221463 -1.4782088)
(-1.7898337 18.835387 -0.095729339)
(0.69107736 26.312157 0.062252369)
(3.1814581 23.824583 0.065034452)
(0.6882996 18.836109 0.045859892)
(3.1778219 21.328726 0.049622494)
(13.184392 21.407293 0.090068828)
(10.653854 18.856403 0.11793853)
(8.2122843 26.419194 0.18121735)
(5.678719 23.841894 0.096627636)
(8.1576517 18.846141 0.090804052)
(5.6699562 21.336442 0.071464159)
(-0.12912311 40.279535 -0.0053896928)
(-0.10634298 40.294563 0.006994621)
(-0.055012926 40.294068 -0.0028364521)
(-0.063471198 40.278918 0.012265197)
(5.3074565 40.00926 -0.39260255)
(13.386606 37.539668 0.036135391)
(-4.8450995 33.177055 -4.1330004)
(-1.8753599 35.880077 -0.42646935)
(0.692123 28.810498 0.055804157)
(3.2018699 31.331557 0.17381134)
(0.65537652 35.921776 -0.15500657)
(3.200289 33.752174 0.016547528)
(9.6319528 39.457058 0.012326398)
(8.8038295 39.729033 0.025336775)
(12.700145 34.245457 -2.01511)
(16.450784 34.296978 3.8353259)
(10.869545 36.034497 1.0041102)
(8.2512523 28.993725 0.29893175)
(5.7304428 31.413719 0.34082794)
(7.7948105 36.205226 -1.0793139)
(5.7231968 33.844709 0.057654813)
(-13.982846 -36.365283 0.22367698)
(-13.474861 -36.554931 0.10683571)
(-19.139448 -33.965414 -0.094002632)
(-15.135658 -36.477556 -0.023656261)
(-19.496822 -33.602829 -0.080592735)
(-15.04778 -36.569153 -0.021177133)
(-3.0723891 -40.072003 0.0058820225)
(-10.54289 -38.987011 -0.0053765124)
(-10.644626 -38.940344 0.00098544664)
(-3.1078052 -40.069478 0.0027822754)
(-23.393817 -31.501138 0.070677475)
(-20.649761 -33.544765 0.098024272)
(-19.800377 -34.066744 -0.025110039)
(-17.65714 -35.342027 -0.066093276)
(-6.816369 -38.741808 -0.044746044)
(-16.908269 -35.867268 0.052942472)
(-5.1918827 -38.645998 0.079243238)
(-2.9215858 -40.086453 0.010449287)
(-10.491289 -39.012466 -0.0062801614)
(-10.282493 -39.056411 0.045893245)
(-2.8976071 -40.090458 0.0033661474)
(-16.432126 -33.349647 -0.99211261)
(-18.73661 -33.154743 -0.922006)
(-11.31425 -38.429775 -0.14861194)
(-11.567961 -38.422592 0.0031872432)
(-26.221558 -28.579738 -0.19004172)
(-12.553832 -36.015969 0.23111298)
(-21.878731 -33.113006 -0.01142814)
(-25.892394 -29.147837 -0.15167704)
(-32.641794 -19.57905 0.33372893)
(-33.231025 -19.032268 0.17826779)
(-9.1170663 -15.093184 7.1478482)
(-6.442903 -17.250389 4.6002587)
(-11.875555 -15.915579 1.1051986)
(-14.25546 -13.505867 0.1089101)
(-14.259452 -15.996757 0.12032938)
(-11.87428 -13.438296 0.93821109)
(-19.281703 -28.480479 0.066357986)
(-16.737863 -30.886265 0.17108321)
(-16.763385 -28.462306 0.046287232)
(-19.301432 -30.875865 0.38122705)
(-21.697413 -26.168794 -1.3278998)
(-24.582441 -23.736343 1.203538)
(-21.892198 -23.551241 1.2339076)
(-23.907285 -26.448967 -2.7759346)
(-19.276198 -15.910657 -1.392464)
(-16.747082 -13.515113 -0.0047246898)
(-16.758193 -16.012152 -0.01682659)
(-19.257329 -13.421161 -1.198952)
(-21.841863 -18.529498 0.97073612)
(-24.513361 -21.174684 1.1137549)
(-21.868079 -21.039413 1.1030956)
(-24.427117 -18.600789 0.9740917)
(-9.1160687 -4.9296427 2.3398052)
(-6.4427315 -5.6384113 1.5041977)
(-11.873068 -8.4855733 0.59897015)
(-14.252891 -11.016368 0.094726035)
(-11.873486 -10.961682 0.76943277)
(-14.251299 -8.5278539 0.078528687)
(-19.226487 3.8773968 0.36114636)
(-16.733325 6.4003229 -0.010537767)
(-16.731328 3.9114957 -0.0078425358)
(-19.229904 6.347495 0.58791796)
(-21.722212 1.4192174 -0.074292736)
(-24.230057 -1.0650749 0.055031249)
(-21.722099 -1.0632741 0.055045583)
(-24.229473 1.4208009 -0.074312862)
(-19.235239 -8.4626769 -0.7776212)
(-16.740153 -11.0219 0.0033985803)
(-19.243857 -10.939083 -0.99363921)
(-16.735761 -8.5312635 0.010739649)
(-21.730694 -6.030544 0.31624203)
(-24.23554 -3.5516014 0.18614763)
(-21.725324 -3.5461501 0.1858684)
(-24.246857 -6.0405589 0.31684995)
(-34.956144 -18.929374 0.087256675)
(-34.286025 -20.272119 -0.010290818)
(-28.577105 -27.714505 0.022045093)
(-27.022273 -23.50646 1.675533)
(-26.234293 -26.429763 -1.2355792)
(-29.092792 -22.780577 1.1303101)
(-35.932678 -16.422207 0.33062413)
(-30.502316 -26.354641 -0.0045128005)
(-36.271289 -14.40622 0.022823302)
(-30.37322 -26.381498 -0.072184272)
(-28.537409 -28.394568 -0.002238737)
(-30.666421 -26.133232 0.021571285)
(-36.240552 -14.352798 -0.30921348)
(-29.453638 -18.516195 0.98085508)
(-26.99451 -21.120966 1.1279354)
(-27.136734 -18.768269 0.98580437)
(-29.259087 -20.932896 1.0442616)
(-31.967734 -16.041997 1.1395247)
(-33.802622 -14.198453 -1.6429155)
(-33.739325 -14.274417 4.4059199)
(-32.019732 -13.558333 0.51089432)
(-31.93331 3.9287029 -0.20601709)
(-34.374436 6.3820526 -0.33355748)
(-34.558771 3.9232693 -0.2064646)
(-31.936578 6.4408457 -0.33681641)
(-29.332011 1.4232621 -0.074281286)
(-26.76293 -1.0688324 0.055107026)
(-26.76102 1.4220537 -0.074304926)
(-29.336864 -1.0749611 0.05529325)
(-36.362201 -8.199358 0.60447185)
(-29.377233 -6.0806607 0.31901986)
(-26.772497 -3.5608822 0.18663437)
(-26.792034 -6.0570106 0.3177774)
(-29.34999 -3.5747673 0.18735868)
(-32.148326 -8.6937455 0.49490599)
(-34.546253 -10.947213 1.3354171)
(-32.252936 -11.220649 0.51537719)
(-34.448114 -8.4404078 0.84919119)
(-12.753866 36.991382 0.25395965)
(-20.976338 33.231042 0.071163166)
(-25.25241 30.067423 0.084265411)
(-20.476233 33.678892 0.062577864)
(-13.57474 36.880732 -0.086717423)
(-12.940376 37.375213 0.020346768)
(-7.8194868 38.479843 -0.059423855)
(-12.839494 37.457502 0.018365829)
(-15.30025 36.341345 0.12208462)
(-16.080248 35.735203 0.05834533)
(-8.5850963 38.45495 -0.051614498)
(-12.645938 37.616416 0.014494426)
(-12.740616 37.538195 0.016423591)
(-19.626406 34.394898 -0.025377216)
(-14.583642 36.655348 0.029895899)
(-19.745056 34.265012 0.14517047)
(-35.489867 14.95367 0.2836427)
(-29.436193 25.599853 0.026979183)
(-34.147325 18.222499 -0.14610846)
(-34.708269 17.544789 -0.16278544)
(-33.453037 19.431356 0.013084358)
(-35.688175 13.445098 0.23135096)
(-27.384484 27.13344 -0.18386147)
(-32.475199 20.815357 -0.10858388)
(-9.1213604 17.433065 -8.2360345)
(-6.4472795 19.911021 -5.3025815)
(-11.884507 23.70689 -1.6202782)
(-14.272824 26.315536 -0.15553942)
(-14.282584 23.839926 -0.14039346)
(-11.881301 26.171547 -1.8068613)
(-19.250289 11.300767 1.0224161)
(-16.737543 8.89087 -0.008639676)
(-16.744509 11.383724 -0.0032609438)
(-19.237725 8.8208339 0.80902933)
(-21.793464 13.879716 -0.72746457)
(-24.399363 16.446457 -0.86145872)
(-21.836465 16.399798 -0.85895089)
(-24.340679 13.91221 -0.72930603)
(-19.374948 23.810269 1.8868978)
(-16.783679 26.352364 0.14713493)
(-16.81544 23.893951 0.095358308)
(-19.311198 26.203608 2.1434956)
(-21.948923 21.480826 -1.1255395)
(-24.480458 19.007573 -0.99675285)
(-21.892382 18.936269 -0.99306751)
(-24.634415 21.644612 -1.1320826)
(-16.831147 35.942779 0.0087851418)
(-14.527567 36.695809 -0.077432574)
(-9.2719542 39.535999 0.038304981)
(-10.787549 39.231978 0.037814265)
(-14.40206 37.041176 0.010291011)
(-12.519767 37.704264 0.011921753)
(-10.724645 29.774024 -9.8257779)
(-7.8948858 31.411011 -7.7287417)
(-11.174421 34.855469 -4.1459898)
(-11.896555 31.016118 -2.4955194)
(-14.261513 28.785272 -0.21401667)
(-11.876608 28.618266 -2.0649693)
(-14.265153 31.240225 -0.35398507)
(-19.369575 31.125903 -0.79516462)
(-16.746936 28.808337 0.15015739)
(-18.94444 28.764729 2.5033893)
(-16.706144 31.251061 0.1475936)
(-34.057132 20.238939 0.17588654)
(-34.618865 19.533525 -0.036207096)
(-32.106177 11.510907 -0.60254215)
(-34.217426 8.8543872 0.006333771)
(-34.192687 11.321123 -0.73710213)
(-32.050072 9.0092372 -0.4728627)
(-29.592906 14.058873 -0.7655603)
(-26.98337 16.497278 -0.864369)
(-26.91992 13.956997 -0.73161326)
(-29.599594 16.541509 -0.77387884)
(-29.27338 21.495349 0.0192785)
(-27.153394 19.138925 -1.0051996)
(-27.046586 21.519334 -1.0772562)
(-29.433078 18.915874 -1.0058354)
(-38.758082 1.5090248 0.12599538)
(-38.515035 4.5233444 0.69666186)
(33.019713 8.8758376 -0.25646187)
(-4.2649344 -33.322894 0.28852925)
(-4.2862936 -30.903716 0.0086656641)
(-4.2899055 6.3978337 0.015256701)
(-4.2899042 8.88528 0.021130375)
(-6.75015 -33.31296 0.064867378)
(-6.7680363 -30.898088 -0.017205669)
(-6.7768026 6.3978449 0.012723305)
(-6.776802 8.8852959 0.017532986)
(33.003935 -13.463301 0.52942218)
(15.438704 -30.890249 -2.2895547)
(15.615806 -13.384036 -1.2492639)
(15.614926 8.804019 0.84012521)
(15.622088 26.110205 2.2659049)
(-14.166806 -35.930551 0.033436326)
(-26.498419 -30.311726 -0.00061709276)
(-4.2898982 -13.502092 -0.032332179)
(-4.2899028 -11.014587 -0.026323322)
(-4.2906648 26.300692 0.068901927)
(-4.2916455 28.792922 0.091017372)
(-6.7767821 -13.502083 -0.027096982)
(-24.184214 -13.459616 0.70503874)
(-6.7768017 -11.014606 -0.021973943)
(-24.191726 6.3805367 -0.33437272)
(-24.188321 -10.982369 0.57529083)
(-26.664688 -13.457884 0.70556586)
(-26.675965 6.3808804 -0.33430932)
(-26.670968 -10.981958 0.57572799)
(-6.7782702 26.303528 0.050830861)
(-24.192591 8.8615755 -0.4644379)
(-6.7796521 28.799027 0.071882393)
(-26.677888 8.8624345 -0.46440372)
(-26.53556 -30.281069 0.00018286496)
(-24.626955 30.766037 0.023574764)
(25.506508 -23.333749 1.2226217)
(27.400849 -30.967035 0.017788557)
(32.994187 16.288879 -0.59414549)
(25.556232 8.8606281 -0.46436349)
(25.548452 16.295663 -0.85444268)
(5.8211024 -26.922615 13.080743)
(3.0098628 -31.676187 7.1180119)
(5.4035065 -25.068323 12.121718)
(2.7723925 -29.014363 7.4064877)
(-4.2890613 -23.450959 -0.05104751)
(2.8375136 -21.896421 5.8365651)
(5.5139242 5.2204253 -2.4795285)
(2.8408044 5.9725733 -1.5937931)
(-4.2899056 -1.0646241 -0.0025410653)
(5.5140374 -0.86859375 0.41270266)
(2.8408 -0.99384785 0.26523363)
(2.8408071 8.2947662 -2.2133008)
(-4.2899123 16.347771 0.038260252)
(5.5135001 13.346155 -6.3298365)
(2.8408156 15.26187 -4.0711186)
(-12.280941 -32.915229 4.6313153)
(-6.7743976 -23.448945 -0.030328887)
(-14.070942 -30.691143 0.55610897)
(-14.211362 -23.414785 -0.066057037)
(-6.7767986 -1.0646258 -0.0021161384)
(-14.242009 6.3974941 0.044091343)
(-14.241946 -1.0645834 -0.006986043)
(-37.52381 4.3288392 0.48341121)
(-36.120499 -1.0139914 -0.086899018)
(-37.533957 -0.99310986 -0.03563658)
(-6.7767978 16.347835 0.029971643)
(-14.242012 8.8848745 0.061956724)
(-14.241638 16.34739 0.093136127)
(12.375517 -36.160349 1.8998373)
(26.56849 -31.07031 0.20669023)
(0.025248252 40.265668 0.024168341)
(-0.80625805 39.760904 -0.93951604)
(2.199513 39.557847 0.37668888)
(-2.4287501 40.313922 -0.0073619133)
(-1.3752189 39.971195 -0.44518702)
(0.34492219 39.983478 0.62354844)
(-38.211374 0.010204134 -0.0011940887)
(-38.003015 3.4987059 0.52951533)
(-38.148785 -0.994372 -0.0067542469)
(-38.444052 3.5992454 -0.04322631)
(-5.6201445 39.676901 -0.14011298)
(-16.434904 35.457253 0.053370172)
(-9.9874182 38.9576 0.00010416369)
(-37.94495 5.7044306 0.60683353)
(-38.285353 1.3367945 -0.29278372)
(-5.8370163 39.987394 0.14178018)
(31.969603 -21.049329 -4.6006675)
(25.550971 -13.459783 0.70534571)
(25.516471 -20.867704 1.0934048)
(15.622707 -23.291472 -1.9512622)
(23.053839 -23.367016 1.2249807)
(12.946555 -36.454305 0.28239369)
(27.342546 -30.789495 0.0014458183)
(27.152581 -31.191173 -0.056581136)
(23.069645 -13.462692 0.70523083)
(15.620391 -20.807825 -1.8003027)
(23.056638 -20.891364 1.095162)
(22.218488 -33.815057 0.025153092)
(32.945567 18.752876 0.52914906)
(25.734679 26.156599 -1.3902343)
(25.541519 18.770026 -0.98423058)
(23.072027 8.8609494 -0.46450747)
(15.616996 16.20936 1.4874205)
(23.069184 16.300347 -0.85419613)
(23.097756 26.24563 -1.3818774)
(15.618414 18.682994 1.6789283)
(23.068326 18.780442 -0.98408878)
(-4.2895623 -20.964086 -0.048927501)
(2.8408733 -12.605068 3.3627547)
(2.8405282 -19.572525 5.2197877)
(-4.289905 -3.5521297 -0.0084736555)
(2.8408318 -10.282684 2.7434814)
(2.8408021 -3.3159967 0.88493245)
(-4.2899163 18.835307 0.044219919)
(2.8361073 24.547494 -6.5535599)
(5.5135778 15.379119 -7.2910086)
(2.8408271 17.584225 -4.6903353)
(-4.2139434 35.928162 -0.1678294)
(2.8477113 26.866638 -7.1643126)
(-16.352378 -32.742488 0.08131799)
(-6.775802 -20.963222 -0.037565523)
(-14.24132 -13.50071 -0.088934371)
(-14.227096 -20.946986 -0.11894895)
(-16.926573 -29.780485 -4.172774)
(-24.002499 -23.291684 1.2715691)
(-16.676543 -23.390393 -0.10570735)
(-16.729422 -13.499633 -0.085708281)
(-24.124149 -20.844262 1.0918012)
(-16.702999 -20.934397 -0.15628625)
(-6.7767983 -3.5521362 -0.0070486756)
(-14.241813 -11.013919 -0.07217478)
(-14.241934 -3.5519673 -0.023205483)
(-16.731343 6.3974815 0.043947295)
(-24.190634 -1.0616483 0.055701667)
(-16.73116 -1.0645874 -0.0066323054)
(-16.730659 -11.013559 -0.068992796)
(-24.190605 -3.5422746 0.18562754)
(-16.731154 -3.5519531 -0.021861193)
(-26.377778 -23.372898 0.5941043)
(-26.473415 -20.891161 1.292424)
(-33.296092 -13.934679 1.7193077)
(-26.673902 -1.0615843 0.055827898)
(-34.036242 -1.0568197 -0.060458829)
(-36.0967 -2.6447092 -1.9018661)
(-37.518407 -1.039433 -1.0951739)
(-26.673862 -3.5422154 0.18574519)
(-33.735439 -11.220697 0.91314835)
(-34.027642 -3.5722785 0.33294309)
(-6.7768313 18.83544 0.033752984)
(-14.248483 26.316406 0.023294551)
(-14.241499 18.835486 0.090136345)
(-16.731365 8.8848219 0.064234555)
(-24.196048 16.305884 -0.8543422)
(-16.730496 16.347368 0.095668291)
(-16.73727 26.321035 -0.019682186)
(-24.194887 18.786487 -0.98411417)
(-16.729878 18.835467 0.087579372)
(-7.1399518 35.71776 2.0666488)
(-14.259445 28.817331 0.031201596)
(-16.76515 28.757159 0.39690427)
(-33.986695 8.7744037 0.36655199)
(-26.690786 16.313948 -0.85510545)
(-26.570887 18.860625 -1.5503275)
(15.425883 -37.59113 -0.016900196)
(15.259182 -37.589558 0.23469225)
(27.176942 -30.925554 0.00022320624)
(20.191226 -33.610855 0.65477606)
(27.06238 -30.950371 0.023569009)
(14.521444 37.59137 -0.017140787)
(7.4673648 39.071997 -0.67469674)
(25.539895 28.520215 -0.41107573)
(0.33722948 40.297038 0.030362498)
(-1.0965764 39.154845 2.6283569)
(0.082261576 40.285803 0.015505854)
(-2.5965874 40.326916 -0.00026599042)
(0.10738803 40.306116 0.0015474873)
(-2.5595738 40.320466 -0.0052397221)
(0.42894219 40.319364 0.01730411)
(0.76445845 40.363793 -0.025676481)
(14.593635 37.512949 -0.014641298)
(7.8427438 38.80371 -0.023677487)
(21.309011 33.977147 0.028407894)
(25.295179 31.135131 -0.0053676343)
(12.816089 37.98792 -0.00647955)
(-0.29385481 40.239303 -0.050516872)
(-2.228393 40.338748 -0.010202589)
(0.10942341 40.306026 -0.0021371769)
(-0.58502534 40.275893 0.093010946)
(1.4124122 40.282413 -0.24680801)
(2.1027607 40.393807 -0.018196183)
(1.4475556 40.40066 -0.049740251)
(-17.660494 -35.133084 -0.030490266)
(-17.564318 -35.25069 -0.027329908)
(-34.65173 -17.348189 0.16562965)
(-34.465706 -19.352074 0.092187935)
(-38.318656 -10.809459 -0.074749454)
(-38.001237 1.8994712 -0.1448346)
(-38.08224 -7.1866712 -0.55533912)
(-38.024728 -3.3473158 -0.018481397)
(-37.781197 -10.420871 -0.00078659507)
(-38.224122 -0.031393126 -0.0085293079)
(-38.410437 0.037763573 0.32860852)
(-38.405536 4.0081272 -0.012463217)
(-38.093404 1.3397042 0.16232245)
(-37.923276 0.076968225 -0.46023)
(-37.887611 -10.100282 -0.0098118786)
(-26.979447 -29.795745 0.046915593)
(-35.852207 -16.542507 -0.15187241)
(-37.678101 -12.154057 0.11961498)
(-33.527691 -20.543476 -0.2081677)
(-38.332314 -10.975217 -0.021637393)
(-37.991819 -11.9551 0.12854732)
(-38.895759 3.4819247 0.3931232)
(-38.232787 -9.7573155 0.25883127)
(-38.313788 -1.071765 -0.30068836)
(-38.742566 -8.4317539 0.033248826)
(-24.772671 30.323815 0.035074118)
(-19.620133 34.378601 -0.02373164)
(-9.8945249 39.009347 0.038403673)
(-10.114206 38.913634 0.0043596806)
(-24.79421 30.198336 0.039236976)
(-27.157159 28.097388 0.030585587)
(-34.240513 18.1137 0.026167746)
(-38.586441 6.6296082 -0.011368893)
(-38.127913 0.53898802 0.22653136)
(-27.167522 27.958649 0.03418459)
(-29.398227 25.493882 0.029080647)
(-8.8788343 39.390685 0.075822006)
(-3.3378714 40.384056 0.11687218)
(-36.705043 14.827124 -0.14375851)
(-33.981422 20.856801 -0.024451038)
(-36.862427 14.568352 0.036072536)
(-29.198793 25.958278 -0.16684643)
(-38.265663 8.8498279 0.003194265)
(33.016235 11.355658 -0.3668112)
(30.528618 8.8831138 -0.049108315)
(30.524242 11.366835 -0.091608757)
(-1.8017902 -33.318789 0.14767518)
(-4.0172895 -35.570256 0.93326189)
(-1.5648517 -37.772296 2.511032)
(-1.498471 -37.836456 0.28161657)
(-1.8106365 -30.903101 0.1078508)
(-4.2872674 -28.424106 -0.037624089)
(-1.8121222 6.3977044 -0.032563666)
(-4.2899059 3.9103279 0.0093327408)
(-1.812119 8.8851 -0.045236874)
(-4.2899023 11.372787 0.026907741)
(-6.5196877 -35.563165 0.68584005)
(-9.4336333 -33.235158 -1.18511)
(-6.7692842 -28.417902 0.029667708)
(-9.2348693 -30.869656 0.091723477)
(-6.7768013 3.9103348 0.0077836166)
(-9.264485 6.3978192 0.018237703)
(-6.7767995 11.372807 0.022049489)
(-9.264484 8.885261 0.025102587)
(-1.8588849 -35.530954 0.38144739)
(-2.1347393 -37.839489 0.36407352)
(30.530934 3.9101579 0.049050533)
(-1.7882817 -28.429066 0.14089351)
(-1.7897759 3.9102494 -0.019838713)
(30.537519 11.37647 0.13206811)
(-1.7897879 11.372558 -0.05767333)
(-9.3985302 -25.31073 11.764082)
(-9.1160453 5.2223047 -2.4783964)
(-9.1159307 7.2538535 -3.4410398)
(32.985371 -15.916195 0.60038486)
(30.507437 -13.48167 0.17463004)
(30.477021 -15.941908 0.22433075)
(17.976394 -30.989538 -1.4676887)
(15.630915 -28.262794 -2.3377197)
(18.122861 -28.377543 1.487499)
(18.102566 -13.464258 0.70558444)
(15.6168 -15.85408 -1.4540037)
(18.102551 -15.944116 0.83592351)
(29.765108 23.920423 2.5894056)
(18.10298 8.8603816 -0.46436516)
(15.615817 11.270531 1.0644142)
(18.102587 11.340953 -0.59422372)
(18.115912 26.239709 -1.3752176)
(15.621248 23.636758 2.0428993)
(18.11034 23.75119 -1.244446)
(29.935978 28.696501 -0.0086072718)
(-14.152179 -35.891702 0.30711219)
(-26.247235 -30.49216 -0.00017632672)
(-4.2898776 -15.989536 -0.038346348)
(-1.8121046 -13.501821 0.068683066)
(-4.2899036 -8.5270817 -0.020355534)
(-1.8121133 -11.014365 0.056036719)
(-4.290187 23.811181 0.059288337)
(-1.8125962 26.298181 -0.12610307)
(-4.2982805 31.280718 0.24146031)
(-1.8133191 28.786802 -0.1468276)
(-6.7767218 -15.989467 -0.032197891)
(-9.2644377 -13.501933 -0.038524225)
(-23.498602 -27.952884 1.0325221)
(-21.701173 -13.461006 0.70575022)
(-24.175056 -15.93207 0.83452814)
(-6.7768003 -8.5270965 -0.01695248)
(-9.2644681 -11.01453 -0.031223001)
(-21.706089 6.3803939 -0.33441791)
(-24.191143 3.8997241 -0.20434628)
(-21.704068 -10.982983 0.57578813)
(-24.189974 -8.5030156 0.44543181)
(-26.654396 -15.931473 0.83527913)
(-29.144035 -13.441065 -0.6403576)
(-29.080956 6.3983376 -1.5043867)
(-26.674823 3.8998985 -0.20434431)
(-26.673183 -8.5028774 0.44563936)
(-29.152394 -10.985743 -0.43792888)
(-6.777329 23.812158 0.043884827)
(-9.2672103 26.3069 0.054561436)
(-21.706392 8.8613461 -0.46446324)
(-24.193793 11.343028 -0.59430046)
(-21.645326 26.365884 -1.0094111)
(-24.119621 23.684904 -1.1899555)
(-6.7923351 31.290625 0.29382805)
(-9.2693057 28.803933 0.058367452)
(-29.161636 8.8636604 0.41101242)
(-26.680788 11.344802 -0.59419697)
(-26.828391 22.451316 4.3886425)
(21.347317 -34.843669 0.24955555)
(8.4872926 -38.838901 -0.26573051)
(9.5154522 -38.790098 -0.69101309)
(11.825802 -38.802389 0.031379743)
(24.864539 -31.961686 -0.47355107)
(5.3373146 -38.857483 0.12341072)
(5.9059189 -38.946905 0.1036144)
(11.853033 -38.784915 0.036182986)
(26.42495 -29.942058 -0.14554399)
(17.91552 -35.922448 -0.066401931)
(11.590264 -38.752954 0.20361024)
(4.9072034 -38.767826 0.15407953)
(11.744278 -38.782156 0.056193232)
(26.760248 -29.406057 -0.15734539)
(5.0415716 -38.735925 0.28580182)
(10.0861 -35.612723 1.62031)
(30.529351 -15.983652 -0.093736651)
(18.348317 -28.781975 1.4226582)
(18.11739 -15.964062 0.83663632)
(30.532595 -8.5274427 -0.11473646)
(18.103285 3.8996352 -0.2044586)
(18.103693 -8.5043168 0.44570708)
(10.766407 -28.663536 -0.391289)
(-1.7897644 -15.989251 0.081022689)
(10.644401 -15.995605 -0.10265705)
(10.64 3.9101857 0.025390179)
(-1.7897807 -8.526911 0.043255726)
(10.640104 -8.5269293 -0.055222185)
(18.105421 11.34437 -0.59456092)
(18.265387 23.96657 -1.2562858)
(30.451047 28.058275 0.011863803)
(30.346945 28.069133 0.011189301)
(18.042405 31.364598 -0.97943988)
(10.640527 11.373127 0.073381568)
(-1.7906807 23.814598 -0.12929715)
(10.700881 23.917299 0.13189513)
(-1.8127344 31.291444 -0.52221535)
(10.912264 31.80369 0.44427917)
(-29.780439 -26.937446 -0.020057219)
(-9.1159812 -11.025745 5.2263357)
(-9.1159014 -8.9929629 4.2647589)
(-24.733315 30.565814 0.028426072)
(-24.776528 30.628759 0.078732411)
(-26.126707 28.795377 0.32550303)
(-26.652715 28.144256 0.7502572)
(-29.368573 25.217461 0.037594601)
(-27.175025 27.68905 0.041985282)
(-24.263499 31.197798 0.07855377)
(29.752238 -23.504677 -2.0538334)
(25.946224 -25.960756 6.4349693)
(28.03622 -23.267636 1.0644566)
(25.655673 -25.667644 1.3742645)
(27.424266 -25.966982 -1.6899921)
(28.462096 -29.631085 0.06045751)
(19.402938 -33.705565 -1.0487515)
(33.007804 13.828103 -0.5306616)
(30.491727 16.313702 -0.20687566)
(30.513779 13.845689 -0.17067674)
(28.042694 8.8394277 0.62626631)
(25.555265 11.340398 -0.59430718)
(28.041208 11.311849 0.79923108)
(28.029926 16.233613 1.2141277)
(25.552913 13.818959 -0.72438626)
(28.037894 13.779089 0.98124131)
(0.6793654 -33.232096 1.5421074)
(3.4307689 -34.896313 4.0194215)
(0.60158136 -30.781094 1.9172794)
(2.7964354 -26.577094 7.0146375)
(-4.2882288 -25.937496 -0.047366373)
(-1.8117618 -23.451103 0.11823215)
(2.8265419 -24.226059 6.4439007)
(5.4923755 -21.169701 10.054395)
(0.60136575 -23.33908 1.6218702)
(0.60156808 6.36694 -0.44377106)
(2.8408014 3.6503834 -0.97416717)
(-4.2899059 1.422822 0.0033949885)
(-1.8121254 -1.0646025 0.0054185)
(2.8407996 1.328233 -0.35447187)
(0.60155957 -1.0594826 0.073850186)
(0.60157484 8.8423798 -0.6162702)
(2.8408105 10.617087 -2.8326937)
(5.5137005 9.2819534 -4.4058233)
(-4.2899008 13.860293 0.032580386)
(-1.8121115 16.347406 -0.083292454)
(2.840812 12.939481 -3.4519582)
(5.5136054 11.313723 -5.3681309)
(0.60159094 16.268843 -1.1335932)
(-11.96689 -33.009737 -0.89737476)
(-6.7721 -25.93362 -0.0062011982)
(-9.2580129 -23.443621 -0.028155056)
(-11.658412 -30.790914 0.54706652)
(-14.14829 -28.29236 0.22827129)
(-11.737782 -23.432725 -0.040759413)
(-14.187298 -25.867044 0.052581915)
(-6.7767995 1.4228247 0.0028269026)
(-9.2644726 -1.0646215 -0.0030046962)
(-11.75293 6.3976959 0.03095717)
(-14.241994 3.9101189 0.026393272)
(-11.752889 -1.064606 -0.0050250956)
(-14.241964 1.4227696 0.0094277644)
(-35.861229 1.9099782 3.6995176)
(-37.51019 1.2081171 1.1518506)
(-36.115977 1.38054 0.067794815)
(-37.525219 1.3534794 0.03348202)
(-6.7767964 13.860321 0.026166875)
(-9.2644551 16.347793 0.039975282)
(-11.752916 8.8851333 0.042854715)
(-14.241949 11.372282 0.078014946)
(-11.752791 16.347637 0.065790089)
(-14.241802 13.859783 0.088102991)
(-0.80661527 -39.937823 -0.00052994863)
(-3.3436339 -39.679164 -0.026955554)
(-0.79856953 -39.908863 -0.03580104)
(-3.4313384 -39.694154 -0.006973042)
(-0.082735015 -39.587222 0.26175715)
(0.16313022 -37.925396 0.54352818)
(2.1757816 -37.946931 1.0066352)
(0.64943513 -35.572037 0.15084643)
(-2.4923887 -39.46351 0.2550747)
(28.028754 -24.892324 -1.9969551)
(30.530863 1.4227025 0.017028758)
(28.044398 3.8753215 0.37047838)
(28.044361 1.4100734 0.13448317)
(0.69134057 -28.435693 -0.093182871)
(-1.7888501 -25.940771 0.12425572)
(0.69055945 -25.945012 -0.077722024)
(0.68800519 3.9103277 0.0093518434)
(-1.7897735 1.4227936 -0.0072188845)
(0.68800638 1.4228221 0.0034031895)
(-1.7640461 39.957731 0.30475152)
(0.14893527 40.271061 0.0047785132)
(1.2238253 39.576013 -0.7779075)
(-1.3848408 40.184253 -0.20346709)
(-0.84753138 39.908697 0.35985893)
(1.5955409 39.559963 -0.28272863)
(0.064340373 40.272673 -0.014466807)
(-2.1486669 40.297103 -0.023771711)
(30.546494 13.868895 0.063347216)
(28.048889 11.276395 1.0735709)
(28.057408 13.748561 1.2958897)
(0.68800379 11.372786 0.027213156)
(-1.7897922 13.860015 -0.070258672)
(0.68802808 13.860323 0.03323956)
(0.18125192 40.094874 -0.059033037)
(-2.2010758 39.374657 -1.4998401)
(-1.2247387 40.076635 0.077924308)
(-0.89554575 39.631266 0.94740771)
(-8.0605242 -39.410937 0.087689295)
(-15.28323 -36.247576 -0.033300458)
(-17.831723 -34.90611 -0.036921068)
(-10.572049 -38.935856 -0.03955777)
(-38.309067 -0.50690684 0.041088406)
(-38.211514 0.1182327 0.00088290021)
(-38.308324 0.70696806 -0.050905788)
(-38.002512 3.6435598 0.024385585)
(-38.04616 0.066331067 0.37601522)
(-38.182239 3.6527339 0.013191686)
(-38.329427 -1.0238929 -0.0021779277)
(-38.14037 1.3166189 0.010235623)
(-38.322635 1.3146639 0.0056186957)
(-38.046717 -1.448276 0.13979978)
(-38.213779 0.36809039 0.21981285)
(-38.316885 1.5984058 -0.0034976814)
(-11.882515 -25.82076 1.804741)
(-14.272513 -23.472368 0.14082226)
(-11.881635 -23.347844 1.6089616)
(-14.271591 -25.959883 0.18160672)
(-11.872731 1.4157564 -0.10116333)
(-14.249574 -1.0646385 0.010055347)
(-11.872717 -1.059387 0.075154586)
(-14.249628 1.4228311 -0.014988923)
(-36.814888 -1.0729168 0.073168419)
(-38.811176 -0.74665655 0.3757943)
(-36.796519 1.404202 -0.067076108)
(-9.0988842 39.183508 0.13366271)
(-16.695845 35.182529 0.25493712)
(-9.7000435 39.054188 0.0078005486)
(-38.296706 5.8990489 0.35945688)
(-38.079425 8.2116469 0.3374167)
(-37.848088 10.478408 0.0029668237)
(-38.518075 3.4019677 0.14813417)
(-37.824224 10.389628 0.020908802)
(-11.875584 13.7964 -0.96102656)
(-14.266243 16.361392 -0.12074561)
(-11.877988 16.274912 -1.1268427)
(-14.259396 13.867629 -0.1100623)
(-9.116447 13.355323 -6.3240394)
(-7.8842066 39.717183 0.14621503)
(-5.8554083 39.51386 0.20172039)
(-36.061935 8.564038 -0.38443202)
(32.928726 -18.364417 -0.55612603)
(29.833463 -20.949982 -3.5737418)
(30.412642 -18.369794 -0.22779334)
(28.03419 -13.419509 -0.94955058)
(25.543266 -15.933168 0.8349254)
(28.021171 -15.868785 -1.1750819)
(27.803771 -20.836555 -2.1136548)
(25.528982 -18.400091 0.96415368)
(27.985929 -18.295693 -1.527055)
(20.681995 -30.839932 0.70459026)
(23.082119 -28.307081 1.423914)
(20.576836 -28.327527 1.5067361)
(15.627161 -25.779438 -2.1011728)
(18.105239 -23.389124 1.2256734)
(18.109734 -25.876963 1.3560908)
(23.039055 -25.828955 1.354025)
(20.584008 -23.381442 1.2248685)
(20.582767 -25.861379 1.3545503)
(27.803336 -30.399537 -0.002282253)
(17.105597 -36.097609 0.86923722)
(19.256728 -33.831616 -0.019636826)
(28.490069 -29.775032 -0.014293613)
(26.068049 -32.008724 -0.16112718)
(19.18015 -33.839248 -0.01568993)
(20.588628 -13.464335 0.70559462)
(23.066143 -15.940055 0.83525996)
(20.587531 -15.943684 0.83571577)
(15.618229 -18.328155 -1.641278)
(18.103279 -20.906043 1.0958206)
(18.102519 -18.424635 0.96602102)
(23.061082 -18.415777 0.96520436)
(20.58477 -20.901801 1.0953268)
(20.58593 -18.422571 0.96560019)
(31.785906 21.494896 5.1494174)
(30.441977 18.757365 0.27880171)
(29.826745 21.399647 3.6296514)
(28.050676 25.949171 -0.67427418)
(25.552632 23.740916 -1.2421844)
(28.114476 23.658318 -1.0582605)
(29.124434 29.658886 -0.042761549)
(29.258256 29.23889 0.25868548)
(28.003655 18.673809 1.5711221)
(25.540954 21.25054 -1.1139616)
(27.846492 21.235059 2.0560196)
(20.589043 8.8611466 -0.46440555)
(23.071705 11.341232 -0.59457839)
(20.589219 11.341718 -0.59441164)
(15.615899 13.739161 1.2826748)
(18.103195 16.30201 -0.85395653)
(18.102807 13.821696 -0.72403176)
(23.070752 13.820993 -0.72452246)
(20.589024 16.302384 -0.85447023)
(20.58915 13.822101 -0.72436571)
(20.609708 26.247346 -1.3754165)
(23.083755 23.756661 -1.2447649)
(20.599179 23.754638 -1.2449061)
(15.620039 21.159761 1.856284)
(18.104059 18.7834 -0.9839857)
(18.10634 21.266236 -1.1141163)
(23.071798 21.264567 -1.1142457)
(20.589553 18.783404 -0.98465685)
(20.592548 21.266997 -1.1148129)
(29.133522 29.556563 -0.0071080096)
(-24.835258 -30.167311 -0.079233513)
(-25.278063 -29.618897 -0.11512478)
(-4.2897829 -18.476917 -0.044130626)
(-1.8119229 -20.963945 0.10663516)
(0.60161212 -13.43692 0.93636292)
(2.8409559 -14.927449 3.9819151)
(5.5136694 -13.053753 6.1910914)
(0.60171787 -20.863315 1.4531328)
(2.8410103 -17.249883 4.6010108)
(-4.2899041 -6.0396357 -0.014410756)
(-1.8121242 -3.5520582 0.018078887)
(0.60158972 -10.961414 0.76390052)
(2.8408153 -7.9603721 2.1240752)
(5.5138683 -6.9585505 3.3041509)
(0.60156254 -3.534976 0.24639655)
(2.8408068 -5.6381841 1.504562)
(5.5139397 -4.9281359 2.3407278)
(-4.2899882 21.322991 0.051005902)
(-1.8121189 18.834864 -0.095730813)
(0.60013473 26.170844 -1.8201688)
(2.8399017 22.227417 -5.9309746)
(5.51465 19.442175 -9.2151021)
(0.60157097 18.744331 -1.3059629)
(2.8407259 19.906227 -5.3100291)
(-4.3161714 33.695974 0.37315735)
(-1.4802511 35.853656 -1.287599)
(0.60115864 28.642446 -2.0012898)
(3.034823 29.19585 -7.6450936)
(1.2429989 35.403899 -3.6807609)
(3.503205 32.221837 -6.253931)
(-6.7764708 -18.476632 -0.036486354)
(-9.2616813 -20.960856 -0.048303881)
(-11.752699 -13.501516 -0.064074633)
(-14.239801 -15.986393 -0.10598922)
(-11.745992 -20.955791 -0.078837735)
(-14.235881 -18.469445 -0.12034884)
(-16.693471 -28.112534 -1.0899079)
(-23.831848 -25.752637 0.98730654)
(-21.61423 -23.290631 1.2213322)
(-16.642137 -25.828755 -0.017525774)
(-19.119783 -23.026971 -2.9007975)
(-19.215248 -13.408128 -1.1071004)
(-16.726176 -15.983682 -0.10469536)
(-24.156339 -18.395053 0.96353104)
(-21.656109 -20.857136 1.0937276)
(-16.718909 -18.463506 -0.12748176)
(-19.167235 -20.70821 -2.1687701)
(-6.7767987 -6.0396462 -0.011985606)
(-9.2644723 -3.5521217 -0.010009243)
(-11.752867 -11.014307 -0.052017795)
(-14.241931 -8.5267269 -0.055776188)
(-11.752888 -3.5520711 -0.016716399)
(-14.241961 -6.0393789 -0.039461677)
(-19.21883 6.3554956 0.51996368)
(-16.73127 3.9101359 0.025452768)
(-24.190795 1.4190094 -0.07427282)
(-21.705517 -1.0617124 0.05563482)
(-16.731199 1.4227783 0.0088389258)
(-19.218576 -1.0576512 -0.085893856)
(-19.217597 -10.940908 -0.89246631)
(-16.731066 -8.5266357 -0.053096255)
(-24.190497 -6.0228035 0.31551946)
(-21.705489 -3.5423312 0.18563972)
(-16.731143 -6.0393435 -0.037354194)
(-19.218569 -3.5288278 -0.28637342)
(-26.244046 -25.421511 -0.22464763)
(-26.621385 -18.393272 1.0013597)
(-31.484053 -13.714225 1.060953)
(-31.524586 6.5369484 -1.5286661)
(-34.019679 3.8518224 1.0724887)
(-26.674178 1.4191007 -0.074391273)
(-29.162217 -1.0620493 0.055768148)
(-34.03481 1.4179541 0.025710172)
(-31.637376 -1.0534324 -0.10106335)
(-36.007027 -6.2885453 1.3247551)
(-37.529501 -4.0825223 -0.48419961)
(-26.673784 -6.0227147 0.31557885)
(-29.161975 -3.5435342 0.18576639)
(-31.576491 -10.992042 -0.065030653)
(-34.010483 -8.1304087 -1.9232995)
(-31.6409 -3.530931 -0.19833899)
(-33.902893 -6.4048805 1.9594718)
(-6.7769529 21.323317 0.03810713)
(-9.2645059 18.835496 0.042468874)
(-11.757668 26.311193 0.056784777)
(-14.244092 23.818355 0.047513205)
(-11.752812 18.835486 0.066468132)
(-14.241887 21.325106 0.075136835)
(-19.21884 8.8257648 0.72928251)
(-16.731221 11.37224 0.08524637)
(-24.195335 13.824777 -0.7244929)
(-21.706282 16.30416 -0.85463469)
(-16.730967 13.85979 0.092239156)
(-19.216233 16.222955 1.4376616)
(-19.239734 26.120291 2.0539023)
(-16.732919 23.82197 0.011561418)
(-24.176012 21.2558 -1.1169113)
(-21.703272 18.784593 -0.98474196)
(-16.730043 21.325891 0.063040729)
(-19.213704 18.681273 1.7179926)
(-7.1170291 33.616729 1.9663657)
(-11.765923 28.810776 0.12439829)
(-14.50152 31.154729 1.1957868)
(-14.507934 33.16877 1.7877862)
(-19.163486 28.825618 -0.34718389)
(-16.649665 31.177355 -0.18157298)
(-31.611183 8.8689985 0.13704911)
(-33.874424 10.64132 2.0251612)
(-26.684257 13.827646 -0.72456875)
(-29.031966 16.241271 2.5022812)
(-33.627468 13.772217 -0.34038828)
(-31.563138 14.285223 5.2660199)
(-26.855117 21.183159 1.2737898)
(-27.975067 19.316296 -5.0566738)
(-31.444076 18.4221 0.55675782)
(18.641195 -33.510525 -4.1099429)
(13.832809 -37.496466 -1.4399852)
(9.4341176 -38.941027 -0.61185851)
(7.9382516 -39.112009 0.067878481)
(20.610454 -35.681398 1.057456e-05)
(11.553378 -38.868716 -0.0012098926)
(11.418119 -38.744656 -0.21781605)
(15.534907 -37.498511 -0.40855564)
(22.456081 -34.311774 -0.15051531)
(11.690747 -38.834482 0.035042458)
(7.1893924 -39.078974 0.087318588)
(20.907972 -35.479555 -0.010282337)
(11.585368 -38.860125 0.024122236)
(6.5390993 -39.022759 0.097102934)
(13.328348 -37.687787 1.0452526)
(1.3681302 -39.956952 -0.48001223)
(9.7701337 -39.300273 -0.083995305)
(16.463027 -36.934116 -0.019809526)
(3.6769725 -39.89011 -0.54999454)
(15.449136 -37.459901 0.029949487)
(10.18724 -39.451378 -0.00410991)
(-0.53916531 -39.954061 -0.00035858241)
(-2.7771794 -39.802357 -0.0028733975)
(-0.43076908 -39.958782 0.00013043148)
(-2.8935017 -39.78368 -0.0032417052)
(2.5106856 -40.17488 0.0065315872)
(17.655254 -36.130576 -0.054265239)
(10.216483 -39.498619 0.0003308943)
(16.959572 -36.625338 -0.037439101)
(17.334483 -36.367468 -0.047137164)
(10.175277 -39.515893 0.00029032653)
(2.5636145 -40.175143 0.0098146427)
(15.087877 -37.129677 0.0061583567)
(9.8545494 -38.74897 0.80469176)
(12.769907 -38.001695 0.20121361)
(8.2439133 -38.782059 0.60646601)
(0.071013366 -39.97096 5.9087248e-05)
(-2.4280562 -39.854344 -0.001864335)
(-0.054695111 -39.96906 5.3231538e-05)
(-2.3118986 -39.870292 -0.0015153274)
(0.77573204 -39.323226 2.3894464)
(3.1190694 -37.637424 4.5822992)
(3.9652631 -37.9397 1.5587671)
(7.6049556 -35.59065 1.8850417)
(19.010964 -34.902088 -0.22644848)
(6.972761 -39.714046 0.57728801)
(3.0367715 -40.193085 -0.011174815)
(18.400968 -35.507323 -0.065894389)
(10.610093 -39.35708 -0.00085729541)
(19.094406 -34.908896 -0.094646218)
(18.741424 -35.221534 -0.065073768)
(2.9204332 -40.184865 0.0023600502)
(10.694587 -39.32943 -0.00014186977)
(27.160815 -30.937762 0.00036027976)
(27.172448 -30.91875 0.0030420658)
(30.518979 -18.459811 0.13588481)
(28.045815 -15.855963 -1.4472437)
(28.052577 -18.306636 -1.5995261)
(20.596969 -28.46147 1.4862517)
(18.306452 -26.169238 1.3711035)
(20.934346 -26.303759 1.3781951)
(20.603891 -15.964603 0.83669928)
(18.138112 -18.472372 0.96810231)
(20.627962 -18.474674 0.96830799)
(30.53181 -6.0396899 -0.084313756)
(28.04479 -8.4525737 -0.8029838)
(28.044561 -5.9860096 -0.57277001)
(20.588159 3.8996401 -0.20439136)
(18.103269 1.418933 -0.074358173)
(20.588133 1.4189335 -0.0743602)
(20.588637 -8.5043408 0.44576434)
(18.103374 -6.0232465 0.31570327)
(20.588262 -6.0232455 0.31571562)
(8.210974 -28.546565 -0.27771221)
(10.723 -26.088721 -0.21479339)
(8.193364 -26.018831 -0.18459405)
(-1.7897226 -18.476773 0.093487385)
(0.68807389 -15.989694 -0.038533403)
(0.68825417 -18.477478 -0.045144988)
(10.651346 -18.494113 -0.11755583)
(8.1529088 -15.99237 -0.075723686)
(8.1562611 -18.485397 -0.089235956)
(8.150972 3.9102643 0.018323773)
(10.639998 1.4227701 0.0092587795)
(8.150972 1.4227987 0.0066740359)
(-1.7897771 -6.0395147 0.03064099)
(0.68800402 -8.5270816 -0.02039677)
(0.6880049 -6.0396353 -0.014445616)
(10.640029 -6.0394476 -0.039147819)
(8.1510042 -8.5270058 -0.039944486)
(8.1509784 -6.039538 -0.028289768)
(19.482961 35.556076 -0.024682379)
(20.731677 34.899303 0.057369684)
(16.980529 36.646593 -0.024190837)
(14.45232 37.667343 -0.019326902)
(18.501282 35.853879 -0.08144308)
(9.4752457 39.082254 -0.87304782)
(12.07502 38.459136 -0.24488124)
(19.594134 35.4286 -0.02387136)
(19.139182 35.646154 -0.061427629)
(15.575306 36.543472 0.71252369)
(27.338351 31.233703 -0.010314164)
(21.804676 34.478059 -0.03834594)
(21.787596 34.468377 0.059744208)
(19.961846 33.556193 1.0190677)
(27.289229 31.176295 -0.0019029525)
(14.760994 36.688415 -0.061564175)
(14.78181 36.695439 -0.02482239)
(27.384638 31.137645 -0.0042375031)
(20.089303 34.36975 0.089119861)
(19.660269 34.780653 0.08031105)
(0.4458051 40.276887 0.10895912)
(3.0854329 40.531439 0.017360642)
(-0.55504219 39.942724 0.79656478)
(5.2312776 39.7907 0.8384797)
(10.929226 39.596836 -0.00077111057)
(0.11223954 40.297961 0.0091107465)
(0.16731322 40.289349 0.0029183159)
(-0.14092607 40.308868 0.0020223298)
(-2.6559768 40.325413 0.0002819257)
(0.11223145 40.303753 0.0051446647)
(0.099613215 40.305784 -0.00012625339)
(-0.030121902 40.292758 -0.008688356)
(-2.6259709 40.324616 -0.0023212668)
(3.1844801 40.541313 0.0048935148)
(0.48860985 40.333546 0.012774652)
(11.089358 39.522388 0.018471156)
(11.031333 39.566618 0.00088926522)
(0.51701468 40.341739 0.0076587428)
(3.5615389 40.540232 -0.075126425)
(28.481344 22.879749 3.3618778)
(20.590988 11.344976 -0.59469634)
(18.11015 13.830887 -0.72475148)
(20.597015 13.832581 -0.72495187)
(20.801797 24.006689 -1.2579522)
(18.194943 21.385158 -1.1208034)
(20.705584 21.405368 -1.1220705)
(13.551309 37.368414 -0.097670413)
(25.267656 31.37747 0.062467339)
(18.699796 35.686585 -0.031147175)
(12.204534 38.250393 0.11879363)
(14.652871 37.186329 -0.091745816)
(23.15048 33.289367 0.032010284)
(25.2668 31.263361 -0.010476115)
(20.521965 34.5825 0.025976473)
(9.1445228 38.758243 -0.029738006)
(24.986468 31.10379 -0.042834737)
(26.063765 30.028751 0.97782215)
(11.243526 37.39192 -0.88955943)
(19.808028 31.266998 -2.4396565)
(16.742621 33.229105 -3.2996671)
(21.315773 33.704998 0.59898241)
(27.03609 31.342338 -0.01909132)
(14.727098 36.644606 -0.36675953)
(11.389202 36.406434 -2.161016)
(8.1511651 11.372915 0.053226591)
(10.641816 13.862405 0.089146016)
(8.1517318 13.861219 0.065049878)
(-1.7900349 21.324048 -0.11002068)
(0.68977972 23.816995 0.05857334)
(0.68883494 21.325366 0.052488543)
(10.670969 21.373498 0.12754756)
(8.184391 23.872448 0.13279362)
(8.1669811 21.350666 0.10738669)
(12.579019 38.148577 -0.0099040426)
(12.717412 38.062796 -0.0085757392)
(15.687198 36.743924 0.084984538)
(-0.033568711 40.28453 -0.011958096)
(-0.14448599 40.247992 -0.015578149)
(-0.14347475 40.304284 0.0042056952)
(-1.4227752 40.343921 -0.025985662)
(0.079668149 40.300449 -0.0062504679)
(0.028058574 40.302406 -0.0011221701)
(-0.094032416 40.247456 0.033025199)
(-0.65723952 40.313107 0.0012334876)
(8.8143515 39.64323 0.031730312)
(16.177142 36.380336 0.11144798)
(0.95147594 39.882649 -1.1916506)
(-1.8638701 33.685003 -0.84669306)
(-0.62426579 38.116258 1.1024779)
(0.69273324 31.298879 0.02296081)
(0.6912798 33.711879 -0.038994525)
(0.66044928 38.118927 -2.4088197)
(0.13092929 38.142176 -0.52222542)
(2.3385559 40.408041 -0.0031616155)
(9.6033702 39.461882 -0.0073238308)
(15.971491 36.542319 0.024222879)
(9.4987248 39.808804 -0.066032244)
(2.1333033 40.412231 -0.024744207)
(6.1644156 40.313795 -0.15157966)
(11.199342 34.001792 1.9446585)
(8.3060841 31.568794 0.61282245)
(8.3082469 33.99146 0.5462471)
(3.3382965 38.375051 -2.2480079)
(-17.756474 -35.014279 -0.033609306)
(-14.375984 -36.388334 0.069561678)
(-10.584801 -38.966158 -0.0044592475)
(-18.783328 -34.314594 -0.096050534)
(-8.3047919 -38.481816 0.49444884)
(-12.770669 -37.529866 0.10130482)
(-18.466531 -34.615161 -0.082047036)
(-10.618885 -38.949887 -0.0027045037)
(-9.5759551 -38.421779 0.71204984)
(-17.444229 -35.307764 -0.053054613)
(-17.482491 -35.359261 -0.024761199)
(-10.427258 -39.043298 -0.0069889405)
(-17.945233 -35.09417 -0.08041707)
(-4.9594739 -38.539332 0.26312703)
(-18.19902 -34.863336 -0.078585593)
(-4.6495575 -38.556379 0.14522356)
(-10.341236 -39.077584 -0.0023270046)
(-26.263988 -28.395007 -0.34097493)
(-11.341637 -38.387924 0.18384879)
(-11.542805 -38.412282 0.055449722)
(-25.103105 -30.262458 -0.082434079)
(-36.774383 -14.34977 -0.029765439)
(-38.458926 -9.1047434 -0.41115461)
(-38.320102 -1.217192 0.0087759149)
(-38.452096 -3.5440139 0.011532097)
(-38.255761 -0.43759812 -0.16275188)
(-38.000141 -2.6792506 -1.499063)
(-37.819439 -10.007816 -0.029154349)
(-38.439714 -3.0219013 -0.28005298)
(-38.202845 -3.3596697 -0.010035458)
(-38.025836 -3.0232761 -0.5828421)
(-38.013205 0.4453157 -0.33756002)
(-38.362733 -1.7776196 0.20032293)
(-37.774619 -10.411526 -0.00117564)
(-38.512061 -3.0425881 -0.030482924)
(-38.303195 -0.30962045 -0.04012368)
(-38.224391 0.1549032 0.011169594)
(-38.304034 0.45065216 0.050449542)
(-38.32562 0.23201919 0.274117)
(-38.44228 3.6539605 0.028086239)
(-38.105707 -1.0956778 -0.13514654)
(-38.347251 1.1289304 0.18010298)
(-38.317231 0.77565577 0.095489699)
(-38.437906 -3.3124287 0.029472994)
(-38.31711 -0.6907925 -0.09552397)
(-38.277315 -0.291114 -0.20735928)
(-38.571576 -4.1160769 -0.2711434)
(-38.232339 -8.4407784 -0.0051287743)
(-38.557141 -5.9734536 0.02685986)
(-38.315122 -1.4367675 -0.20214714)
(-38.200105 -9.0230577 -0.084411239)
(-38.556377 -2.9590268 -0.20555164)
(-38.272689 -5.2809149 0.28674469)
(-38.803205 -3.0866333 -0.3826423)
(-38.318027 0.15178162 -0.33867089)
(-11.877331 -18.393375 1.2703084)
(-14.268911 -20.980766 0.13090393)
(-11.879488 -20.871216 1.4358155)
(-14.264169 -18.488524 0.12733123)
(-9.1183632 -17.125989 8.1091838)
(-19.199338 -25.981241 -2.1317863)
(-16.791581 -23.508341 -0.11809965)
(-16.784263 -25.993271 -0.11348264)
(-19.33174 -23.386135 -2.0183647)
(-26.675203 -30.155538 0.00048384393)
(-19.298 -18.406315 -1.5705275)
(-16.781675 -21.009505 -0.076102695)
(-16.770309 -18.510531 -0.037955003)
(-19.316736 -20.900499 -1.7604293)
(-11.872838 -6.0098666 0.42614686)
(-14.249781 -3.5521458 0.034864825)
(-11.872749 -3.5345328 0.25125933)
(-14.250311 -6.0398442 0.058103679)
(-9.1161744 -2.8990565 1.376341)
(-19.224714 1.4102109 0.1315474)
(-16.730268 -1.0648904 0.00098883321)
(-16.730347 1.4231568 -0.0039708294)
(-19.22496 -1.0558555 -0.100371)
(-19.229548 -5.990289 -0.55694912)
(-16.730867 -3.5530338 0.0058007844)
(-16.732631 -6.0417662 0.0090787406)
(-19.22629 -3.5224398 -0.3305371)
(-35.30484 -18.135969 -0.0038192298)
(-36.485346 -15.185652 0.057671944)
(-37.169212 -12.360935 0.23516069)
(-37.317743 -11.164467 -0.20176645)
(-35.573779 -17.629889 -0.087621662)
(-33.860463 -20.216083 0.12756157)
(-28.612679 -27.572887 -0.89699383)
(-28.505961 -28.314161 -0.023396492)
(-33.060504 -21.069811 0.1717095)
(-38.360681 -10.930147 -0.01143072)
(-38.393068 -10.830757 -0.0082790296)
(-31.452887 -18.801803 -0.83945685)
(-31.276079 -19.700314 3.0938275)
(-31.942388 1.4233947 -0.074190552)
(-34.668356 -1.0953996 0.052092783)
(-34.652826 1.4252191 -0.069683798)
(-31.953097 -1.0833347 0.055595029)
(-36.681185 -2.580741 2.7856388)
(-36.597914 -6.4254459 -1.0867083)
(-38.343334 -8.5303767 -0.0032935056)
(-38.709187 -2.8821168 -0.2121359)
(-38.758943 -6.3356888 0.0056684205)
(-38.934316 -4.8509822 -0.16323053)
(-38.860306 -6.5581163 -0.22268359)
(-31.984344 -6.1055985 0.32030093)
(-34.64263 -3.6206002 0.18976163)
(-31.96161 -3.590491 0.18817514)
(-34.515261 -6.1267646 -0.40591543)
(-11.433148 37.138698 -0.11509731)
(-24.78329 30.417316 0.028602419)
(-25.719756 29.475719 0.099309348)
(-26.198178 28.826355 0.10037378)
(-12.51992 37.036457 -0.096480747)
(-10.190317 38.888583 0.0017455226)
(-15.397618 36.241294 0.056655179)
(-10.183639 38.89013 0.0009036514)
(-15.736532 35.994791 0.053092112)
(-14.522693 36.690773 0.042846238)
(-26.323172 28.689776 -0.38350437)
(-26.173995 28.868874 -0.10422444)
(-27.175484 27.820086 0.038125035)
(-26.741171 28.03876 0.096782948)
(-14.053268 36.773287 -0.19140901)
(-29.47592 25.557493 -0.097199693)
(-38.660809 3.8817789 0.18721381)
(-38.633302 4.3130107 0.31659906)
(-38.289118 9.0077391 0.10330455)
(-37.873593 10.429126 0.0030826669)
(-38.484182 2.4248572 0.18753871)
(-37.984138 10.094533 0.016969747)
(-38.55398 9.0520765 0.45627068)
(-35.829344 11.409483 0.19192435)
(-28.160622 26.592229 -0.07871557)
(-29.007469 25.908886 -0.084642897)
(-29.370781 25.37226 0.032470235)
(-35.767519 9.7061967 0.38725508)
(-11.883845 21.232582 -1.4542596)
(-14.27448 18.856939 -0.12974091)
(-11.881069 18.754152 -1.2910893)
(-14.281507 21.351566 -0.13625628)
(-9.1178568 15.392638 -7.2819791)
(-19.270195 13.789083 1.2295622)
(-16.773641 16.384872 0.016873881)
(-16.756909 13.882 0.0050553066)
(-19.299535 16.290539 1.4221342)
(-19.367001 21.318497 1.7367917)
(-16.793199 18.892004 0.031239511)
(-16.810487 21.398473 0.053056672)
(-19.334278 18.802748 1.5940934)
(-17.245534 35.760428 0.047924592)
(-6.1081664 40.106777 -0.049340324)
(-10.634724 39.258935 -0.066420185)
(-3.406829 40.411723 -0.040831894)
(-12.042166 33.373631 -2.3968156)
(-14.389521 35.523388 -1.1793674)
(-11.657912 35.819932 0.11859929)
(-14.600179 33.44732 -1.6349551)
(-18.722107 33.433623 0.74337631)
(-16.016559 33.748179 1.7685266)
(-32.419531 23.093766 -0.25824411)
(-37.228342 12.967345 -0.18195332)
(-30.203478 25.200778 -0.18879778)
(-36.80128 14.87127 0.042781212)
(-38.656659 9.090196 -0.33137612)
(-38.49244 10.719354 -0.012943095)
(-38.380689 8.9114636 0.0030858143)
(-38.064208 0.35362713 0.4523083)
(-38.462828 1.6333862 0.27844562)
(-38.852968 5.8855175 -0.47915948)
(-38.502541 8.9477003 0.0014359412)
(-38.847689 3.7644946 0.17159391)
(-38.442007 10.727967 0.0878319)
(-38.472211 10.805487 0.01852433)
(-31.941779 13.872816 -0.82129718)
(-33.651133 16.250463 0.30959227)
(-33.989532 13.593458 -1.1663231)
(-31.918426 16.55943 -0.13199913)
(-31.193549 21.043047 -0.13048288)
(-31.863261 18.158285 -2.2686573)
(-38.72017 -1.0965834 2.5070586)
(28.188765 21.168879 1.494226)
)
;
    }
    wheelRL
    {
        type            rotatingWallVelocity;
        origin          (28.901 0.287 0.972);
        axis            (0 0 1);
        omega           constant 119.4;
        value           nonuniform List<vector> 
2578
(
(36.393797 -12.894272 0.13093192)
(-23.454305 31.025751 -0.31972971)
(-26.050513 -26.633391 0.27858323)
(-24.914879 28.684406 0.95046968)
(36.163307 -13.571444 -1.9500743)
(-25.188559 31.180931 0.24742498)
(-17.232967 33.418675 -2.8448554)
(20.296037 -34.204696 0.37406408)
(6.4140764 -34.326003 7.0117782)
(-36.181679 9.6852536 0.71779352)
(-35.47267 11.712067 0.52476988)
(-15.405668 -35.927129 -0.56528042)
(-26.182935 -26.166723 -2.7547991)
(24.985894 -32.275759 2.5241599)
(25.358646 30.268544 -0.0049247015)
(7.1720037 -35.610216 5.2320291)
(-4.6161379 -38.49591 -0.48123391)
(4.4840554 -38.547997 2.3180828)
(6.6072349 -38.291919 3.0082292)
(-33.534759 -17.404371 -0.94828408)
(-33.758706 -13.97446 3.9882498)
(-33.86309 -16.523776 -0.084756766)
(17.878116 -34.891604 2.1161902)
(20.456064 31.390549 -4.8560744)
(22.551258 33.535158 -0.16742666)
(-15.996056 -35.555105 0.11762397)
(-31.91791 -21.553874 0.66966389)
(-36.477582 -5.0678177 -1.2364024)
(-37.301862 -9.2266791 -1.691557)
(-35.356677 -18.279104 0.4045327)
(-28.226212 25.921013 -0.31882338)
(-34.470598 16.019153 0.93145221)
(-34.597102 17.509233 -0.81242281)
(-28.859023 25.551388 -0.19586646)
(-34.518073 19.061921 -0.36770511)
(-36.06798 14.211619 -0.85648705)
(-27.368694 28.680943 -0.31502527)
(25.363044 -27.645606 -9.3534963)
(29.615038 -26.817092 -0.60222408)
(21.979375 -32.453011 -5.5021603)
(29.527474 -28.824313 -0.11951052)
(-11.563581 -34.012147 -6.244978)
(-11.461889 -36.097733 1.6098863)
(36.279715 -10.875645 -0.48844351)
(25.061538 -31.053025 -0.3141568)
(28.477613 29.092053 0.53004825)
(33.705631 16.954014 -4.8254088)
(-27.655622 -25.045105 1.2909489)
(-21.488328 28.082567 -0.90003704)
(29.936686 -28.887381 0.0042498726)
(24.374807 -31.309621 0.58452387)
(21.86858 -32.061159 0.52165724)
(13.522632 35.966629 -4.5743885)
(18.933474 33.095665 3.6759785)
(-27.611707 -26.729796 -1.2663829)
(-28.584226 -28.363078 -0.047880762)
(-39.077209 -8.4616122 0.51521932)
(-29.0375 27.383711 0.0056530564)
(-33.26803 16.731161 2.0789914)
(-10.85919 34.225138 -5.2234357)
(19.305164 -34.270754 -1.2175038)
(3.5999817 -35.455436 5.7147668)
(-35.008448 11.231865 -3.2094227)
(28.660028 -29.729005 0.48434271)
(25.574001 -31.03156 0.27205309)
(-8.6856909 -34.058866 7.0643139)
(23.034866 -30.817455 3.2576469)
(-18.058921 -33.726608 3.5712775)
(-38.517437 6.0968436 0.51687128)
(-36.245087 11.882117 2.6102495)
(-35.757633 11.811871 1.5947351)
(-37.056689 11.752607 0.22947668)
(-37.081983 9.6314085 0.86334136)
(-36.270285 11.276894 0.73376999)
(-36.276568 12.680678 0.29152013)
(-37.287013 6.7573455 0.4247678)
(-37.095754 8.9085494 0.67793955)
(-36.967852 7.2158013 -2.2784692)
(-36.020984 11.543833 -2.0114686)
(36.069698 -17.843372 -1.4644022)
(28.978781 26.882805 1.971037)
(15.569715 33.522976 5.8669485)
(-3.4344669 37.527261 -0.8399476)
(8.4694103 30.549294 -10.95348)
(5.9236593 37.499952 -0.51315044)
(8.4856314 37.355223 -0.85132558)
(-26.842965 -22.667077 5.0347044)
(-36.004243 -7.9988318 -2.1202311)
(-34.364054 12.470732 2.8293436)
(-32.348889 18.283283 1.7444832)
(12.041994 -36.936468 -2.8724764)
(17.805497 -35.54625 0.85348295)
(20.89995 -34.72126 0.90305314)
(14.619153 -35.152076 5.6845742)
(27.823284 -29.530146 0.079339138)
(12.315724 -36.877935 3.228834)
(15.585116 -34.962125 -3.3218832)
(24.92907 32.25091 -0.011773615)
(20.710111 34.716563 -0.14631618)
(17.505034 34.712599 -4.1216889)
(29.716129 25.668533 -0.45991496)
(25.691455 27.675273 -6.2732756)
(25.954738 29.326306 0.81816614)
(29.678119 27.505934 -0.064990325)
(24.143316 30.338462 -1.1799439)
(35.154156 19.05961 1.2928569)
(24.429856 31.48072 -2.7253927)
(17.977998 36.35787 0.47163143)
(26.345349 29.104054 1.5817037)
(22.323425 32.911126 -0.15656251)
(14.560838 37.324252 0.16389924)
(-18.549167 -34.178548 -0.41362212)
(-13.008807 -37.095985 -1.2444917)
(-11.550521 -36.631363 -2.3894579)
(-26.864589 -28.343354 0.45250084)
(-27.449591 -26.960508 1.3656928)
(-35.509374 -11.09318 -2.3687169)
(-33.004987 -19.426513 0.90997531)
(-36.198287 -11.895163 -0.48018574)
(-35.944893 -13.706929 -0.030568102)
(-31.188168 -24.240994 0.63175579)
(-35.452041 -13.211707 2.1445175)
(-39.72505 3.1757609 -0.518292)
(-39.564072 -4.5509632 0.54666977)
(-38.208865 -5.987844 1.6383286)
(-33.570439 -19.189311 -0.19443959)
(-36.217874 -12.438587 2.9234865)
(-36.594912 -11.727917 2.5298674)
(-35.257563 -14.047062 -2.4001885)
(-39.154029 7.3337623 -0.66151693)
(-38.969213 8.6350311 -0.45418969)
(-35.187294 15.103974 -2.1342061)
(-36.115749 14.833328 -1.1733234)
(-39.766747 -5.9216372 -0.30573105)
(-38.691215 -2.9538581 1.3312473)
(-35.073673 -15.42259 -1.5617178)
(-39.934078 -5.2981161 0.37276755)
(-40.056838 3.3147556 -0.38253059)
(-39.163786 -7.1859862 0.53793852)
(-40.506203 1.279452 -0.038880295)
(-38.704469 -9.919657 0.22946936)
(-38.958731 -9.3269908 -0.15824439)
(-24.893823 29.508187 1.7629313)
(-17.408273 35.422306 0.95096126)
(-34.776844 15.201355 1.2178358)
(-31.891158 22.312209 0.028375898)
(-34.667997 10.264052 0.45545495)
(-33.251762 20.604993 0.5880584)
(-28.725402 25.286885 -1.0547183)
(-33.230903 19.565482 0.033656883)
(-36.963536 12.690626 0.10221117)
(-36.790796 13.632353 0.044904936)
(-37.426717 7.5194606 0.37670969)
(-34.564568 11.358947 1.8042329)
(-32.639414 21.025126 -0.016509999)
(-34.77228 11.618481 -0.2232457)
(-32.498298 21.037264 0.2057058)
(-30.506604 25.145668 0.39923442)
(-31.500361 22.485446 0.80840236)
(-29.920307 24.765099 -0.19013664)
(-15.826229 35.280962 -3.7447344)
(-20.128216 33.804807 -1.0823728)
(-12.206981 37.14065 1.2200916)
(-12.056806 35.158645 -1.0067849)
(-14.470873 34.81071 -1.3348975)
(-17.780471 35.762611 0.71505889)
(-12.966156 37.525335 0.41575951)
(-12.541176 35.828716 4.2613295)
(-34.992993 10.732446 -5.1238838)
(-27.644101 28.242927 0.54832105)
(-30.909446 23.455033 0.73116068)
(-31.460731 21.793127 -2.8807175)
(-18.221143 32.790708 4.22138)
(-28.51254 27.506628 0.011978667)
(-29.441474 24.947443 -0.48663404)
(-8.8534967 -36.573788 2.780989)
(-24.211141 -25.818993 -2.3684396)
(-26.626084 -27.859818 -0.25197595)
(-27.186346 -28.821595 -0.095324849)
(-28.123329 -26.376669 0.14403956)
(-29.429472 -26.471537 -0.085550349)
(28.237414 26.19675 7.0004832)
(-4.4338133 -36.291323 -1.1781189)
(-16.849612 -33.121207 -3.6072505)
(-10.528919 -38.396669 -0.35911425)
(-19.11587 -34.674749 0.83344306)
(-33.147564 18.052217 -1.8789223)
(-38.320977 3.0306317 -1.8073277)
(-33.817722 19.074507 1.425058)
(-37.787417 11.719878 -0.14496362)
(-35.666869 13.666779 0.64398511)
(23.403437 31.971852 -0.5859077)
(-12.664852 35.383249 -1.7334562)
(-16.115062 32.717515 -1.468753)
(-10.668937 35.297073 -4.7012947)
(-32.539251 17.418892 -1.8640489)
(-25.745212 23.478352 -3.355743)
(9.7812683 -38.287417 -1.0445973)
(-5.6860922 -39.739817 -0.37193879)
(22.757606 32.999577 -0.0058374249)
(-24.580489 -31.151377 0.062781191)
(-11.455307 -34.908303 -2.1448724)
(-29.234455 -27.613516 0.32102347)
(-11.057677 -35.121011 -0.00052959794)
(-29.334724 -27.952964 0.041209645)
(-36.917963 -12.925249 -0.62723949)
(-34.944104 -14.935026 1.1554452)
(-34.448715 -18.809612 -0.085617501)
(-36.639711 10.850712 -3.0450106)
(-38.68687 -5.8946441 0.53884344)
(-34.18772 -16.820099 -0.24103794)
(-27.148584 28.799973 -1.3670355)
(-24.162543 30.048042 -0.21901759)
(28.257534 -27.37686 1.0263968)
(33.588296 -20.238909 -2.1904249)
(24.002553 -31.502152 0.42135082)
(29.624531 -29.07816 0.025916923)
(-15.891175 35.361328 -0.96292208)
(-26.898333 29.547383 0.010824747)
(-11.364608 35.365014 -1.9485068)
(-26.999293 29.024967 0.18462516)
(-23.451082 30.880797 0.30222902)
(-22.261178 32.219421 0.16035593)
(-0.10380518 37.410245 -1.7609597)
(-26.792582 -23.309693 -2.1360074)
(-22.016904 29.489945 2.0473572)
(-15.003096 34.104378 -3.3505261)
(-23.703851 27.962089 -0.85207981)
(-14.764031 33.402286 4.9636646)
(-7.8176556 37.538638 -1.2241866)
(20.510276 -32.330781 -2.7794971)
(30.248691 -27.102328 0.062886261)
(29.316277 -28.996094 0.16290978)
(19.65422 33.976383 -1.5876337)
(12.148478 37.411761 1.5836983)
(22.354132 31.373895 2.0068632)
(-4.9646468 37.333327 -0.75298701)
(6.8414445 37.530822 -3.850342)
(-17.862526 -34.878836 0.51353279)
(-14.742346 -35.519105 0.81882317)
(-22.930902 -30.087315 -1.5590925)
(-10.15034 -34.772882 1.4447196)
(-34.93631 -12.591279 -2.084155)
(-21.931149 33.014843 0.04686961)
(-32.768221 10.682261 2.8700422)
(-10.537515 32.258912 -8.1139241)
(-11.090472 28.596334 -10.227224)
(27.940219 -28.565726 0.29100779)
(-1.1132309 -35.975936 3.5133391)
(1.9068442 -37.949886 3.96599)
(7.852576 -29.642788 10.69461)
(26.854428 -28.720011 0.23723854)
(14.653327 -33.693086 5.4386243)
(-4.5574601 -37.949064 2.9863507)
(2.0150399 -38.664468 1.1197101)
(-0.39792258 -38.589781 1.1227218)
(28.925803 -25.184281 5.5620349)
(-2.1635612 -38.31344 1.5687647)
(-8.2740157 -36.5534 1.225931)
(-16.894312 -34.089126 -0.97024382)
(-4.8092261 -38.831151 0.25779074)
(-6.1353621 -38.689759 1.4860931)
(-22.295978 -31.950027 -1.665149)
(-13.742712 -36.746844 -0.40869422)
(-8.1117347 -38.626521 0.60247289)
(-16.930609 -35.053778 -1.1097181)
(-16.277249 -34.955125 -1.7197985)
(-8.5744327 -38.601596 0.057007361)
(-9.2369475 -38.596934 -0.31535087)
(-6.0887538 -38.215673 -2.3749596)
(-15.792338 -35.832597 2.0010135)
(-14.440143 -34.479401 6.0436212)
(-7.8891818 -38.07469 -0.74273955)
(-40.264929 2.2053082 -0.19946187)
(-33.031125 17.966643 2.6922326)
(-39.695141 6.9258313 0.28516193)
(20.65837 -32.381625 4.6425382)
(23.56755 31.835693 3.1179403)
(27.909768 29.619659 -0.10319668)
(5.484103 36.751055 -2.6564042)
(1.1513436 37.406095 -0.51055258)
(-26.377969 -21.876572 1.3401833)
(-29.599946 -23.172987 1.7344456)
(-36.115581 -6.8100411 -2.5299338)
(-20.991334 31.362823 2.0556785)
(-24.396524 25.293423 1.1542264)
(-26.330437 25.34083 -0.32222091)
(-26.568448 27.240593 0.33566681)
(-27.852361 23.534754 -2.3063504)
(-28.581556 24.78072 0.10008881)
(-32.801309 17.323132 2.8345783)
(17.991651 -35.207422 -2.9666326)
(18.519173 -35.882652 0.22028123)
(10.546895 -38.752776 -0.59324759)
(18.899035 -34.750297 -1.4016399)
(13.273889 -35.646464 1.6334275)
(6.2873672 -38.496205 -2.0879337)
(8.5148954 -38.957699 -0.79233178)
(16.966358 -35.706542 1.7398288)
(1.1335746 -38.869015 0.6189517)
(10.815738 -35.233016 1.4898824)
(27.666456 -28.104204 -1.8218674)
(17.030136 -34.759691 3.4855826)
(23.452708 -30.83038 -0.6585247)
(5.400407 -38.169412 2.248982)
(5.529984 -38.150709 1.5070887)
(16.691415 -36.025502 -0.85929069)
(8.8047682 -38.676031 0.53069171)
(-6.8320957 -37.672575 4.7639167)
(6.2151693 -38.408485 -0.55766984)
(13.146404 -37.154822 -2.5341595)
(14.481578 36.018129 3.0968787)
(15.81372 36.679908 1.8161465)
(10.213905 37.427216 0.58977729)
(27.261977 29.867867 -0.037260368)
(12.243457 35.669903 -2.155996)
(35.784421 13.145715 1.8315089)
(13.519694 34.445262 -4.9666714)
(6.1712873 38.007019 -2.8056925)
(12.789264 37.734729 -0.73911719)
(16.528529 36.481697 0.070512885)
(17.615558 36.018379 0.7345239)
(14.615332 37.04523 0.26594345)
(-20.69409 -33.518589 -0.42982973)
(-19.026676 -33.888068 -0.0058622991)
(-25.012718 -30.5485 -0.5588461)
(-16.947186 -34.927542 -2.2390044)
(-24.965628 -30.090794 0.77178076)
(-23.114322 -32.362629 0.31861938)
(-9.8746855 -34.901395 0.68507476)
(-28.95927 -28.360963 -0.017708496)
(-35.06349 -15.787936 0.74065825)
(-34.609349 -18.419249 0.79342641)
(-38.29135 5.0022287 -1.793849)
(-34.299505 -17.473978 2.373045)
(-30.500159 -23.988513 -0.28933444)
(-28.986487 -26.065103 0.30831299)
(-34.826361 -12.450157 2.3965334)
(-37.895905 -7.6958992 0.72700424)
(-35.131284 -12.161127 0.10135506)
(-35.15915 -12.237986 0.23093659)
(-39.267372 8.7055215 -0.37341263)
(-40.507305 2.9695091 -0.0013485513)
(-38.93522 9.976424 0.028049587)
(-39.97435 5.9853165 -0.26816006)
(-35.15715 14.585523 -1.5423736)
(-34.828695 16.755065 0.48350475)
(-40.286315 0.26598767 -0.090101744)
(-40.256074 -1.5397941 0.057955484)
(-38.014803 -6.9631549 -0.086513406)
(-40.496257 -2.8741931 0.028974241)
(-40.604645 0.4530697 -0.0083930921)
(-40.620225 0.95448884 -0.0087105339)
(-40.525974 -2.2342405 -0.021715832)
(-35.280633 -14.205519 2.3355678)
(-36.643876 -13.329261 1.0904194)
(-35.242007 -15.654887 -0.16486452)
(-3.5143462 37.45627 -3.0610377)
(-14.446299 36.301489 0.093249791)
(-16.88574 35.185199 0.10293182)
(-17.466644 34.345518 2.0714526)
(-11.33718 37.660148 -0.42595554)
(-16.121875 35.386616 -0.26533588)
(-7.1934463 37.978079 -1.5954013)
(-31.154543 24.873623 0.014732282)
(-33.294391 18.525924 -0.27509877)
(-33.679308 19.000138 -0.2465362)
(-31.260871 22.296894 0.03533088)
(-31.719182 21.985036 0.035246129)
(-35.127034 17.640279 -0.44474071)
(-29.41274 24.743035 0.12869184)
(-9.4122895 37.377567 -0.71352091)
(-8.3699607 37.061316 -2.509445)
(-19.600124 33.058956 -2.7950276)
(-23.652118 30.708303 -2.4082129)
(-12.056469 36.927153 0.40071005)
(-19.020963 34.941122 -0.016651854)
(-33.654297 17.516615 -0.21313904)
(-21.015007 -28.995365 1.7134211)
(-19.835953 -31.338443 -3.6760488)
(-10.763078 -34.641741 5.1095347)
(33.018327 10.563097 -0.34010199)
(-4.2300428 -29.052523 2.1101071)
(33.027838 10.566971 0.23499748)
(-4.2105716 -26.596515 1.8771903)
(-4.2034867 10.525808 -0.73313329)
(33.032948 13.052574 0.2535034)
(-4.2034981 13.001335 -0.90542058)
(-6.5487358 -27.262229 7.1998371)
(-6.4670848 -24.955818 6.625459)
(-6.4427256 9.8744912 -2.6336303)
(-6.4427519 12.197048 -3.2525801)
(15.495788 -29.138754 -2.042425)
(13.124268 -29.221056 -0.22292636)
(33.021061 -6.8302638 0.180499)
(15.61578 10.481673 0.98924949)
(15.59582 -6.8594406 0.46054756)
(13.12636 -26.732827 -0.17262744)
(13.125041 -9.3234209 0.010785242)
(13.126116 10.577163 -0.0096115544)
(13.124489 -6.8358369 0.0087705074)
(15.785262 32.815064 -0.84968727)
(13.126631 13.064703 -0.0071011013)
(13.122658 30.469081 0.083704859)
(13.112999 32.90194 -0.12523837)
(15.691191 -29.018566 -2.9649788)
(13.168056 -29.292181 0.030967299)
(33.019694 -9.3126017 -0.34634986)
(15.723822 -26.662656 -2.6295396)
(15.617071 -9.2627074 -0.7520332)
(33.020297 -6.8282703 -0.24439308)
(15.617666 10.509253 0.85316391)
(15.616653 -6.7910328 -0.55129117)
(13.190151 -26.826505 -0.071145775)
(-4.2034817 -9.2781521 0.6462932)
(13.129565 -9.3231849 -0.05643455)
(13.130083 10.577711 0.063309807)
(-4.2034751 -6.8026375 0.47389901)
(13.129258 -6.8354689 -0.041146884)
(15.620451 12.984758 1.0526588)
(15.71182 30.776912 -1.6870246)
(15.638696 33.137428 -0.46130927)
(13.132236 13.068151 0.077603733)
(-4.3527526 30.397634 -2.5251517)
(13.474222 30.998178 1.5827511)
(-5.3671649 32.26564 -5.2702596)
(13.072701 33.548553 -1.338587)
(-6.4427329 -8.7039254 2.3216685)
(-6.4427334 -6.3815407 1.7023792)
(-27.539868 28.960532 0.02666781)
(-6.8256877 28.818602 -7.013797)
(-7.0079757 32.714616 -3.1298831)
(-28.049007 28.454096 0.015192453)
(33.021469 3.1120327 -0.082321105)
(25.556147 10.547195 -0.55288404)
(25.55652 3.1058283 -0.16278193)
(23.660536 -29.010549 3.8902372)
(3.1748336 -29.224078 -0.016704099)
(2.9464186 -36.34514 0.80513253)
(32.482383 -19.543102 3.1845891)
(25.192865 -26.818858 1.1692531)
(25.602588 -19.261885 1.0095836)
(33.022001 3.1114295 0.082765835)
(25.559147 10.549183 -0.55292264)
(25.557705 3.1059005 -0.16278854)
(3.1754196 -26.736575 -0.038802549)
(-4.2036815 -19.179866 1.335536)
(3.1751578 -19.273404 -0.037544704)
(3.1749076 10.57683 0.021005128)
(-4.2034683 3.0993263 -0.21593273)
(3.1748973 3.1143577 0.0061758791)
(30.96106 21.149824 -6.8323901)
(25.56271 13.033354 -0.68309779)
(25.537723 20.605575 -1.2540533)
(3.1749586 13.064374 0.02603079)
(-4.2051169 20.431456 -1.4218567)
(3.1766902 20.530776 0.043361356)
(-6.4434247 -17.99411 4.7962327)
(-6.4427373 2.9074305 -0.77570004)
(-37.309696 -9.0392583 1.649656)
(-6.4472605 19.169855 -5.1050584)
(23.157768 -29.032705 1.099417)
(5.5819468 -23.887107 11.274706)
(13.790342 -35.664425 2.8209192)
(33.021534 0.62636009 -0.016598364)
(25.556224 -6.8167198 0.35730732)
(25.556427 0.62512941 -0.032741152)
(23.072114 10.547706 -0.55287811)
(15.587151 3.1461603 -0.63316971)
(23.07177 3.1058564 -0.16281139)
(23.071625 -6.8168775 0.35726874)
(15.614188 0.62683813 -0.0050533712)
(23.071596 0.62512517 -0.032802193)
(13.12654 -19.272511 -0.014007556)
(5.5148476 -15.736344 7.4602632)
(13.126504 -16.785636 0.0014627621)
(13.12443 3.1144378 -0.0060854483)
(13.12409 0.62685477 -0.0026059304)
(5.5138345 -5.5774297 2.6493664)
(13.127614 20.526593 0.032187375)
(13.127724 23.013387 0.072424764)
(5.5457821 24.857255 -11.809157)
(5.5147457 18.79461 -8.9052931)
(11.392862 -38.892368 0.014274637)
(7.5642651 -39.168496 0.081968108)
(6.7404051 -39.342819 0.054463325)
(11.982639 -38.575909 0.019743258)
(11.505252 -38.863481 0.0096124056)
(10.854975 -39.010614 -0.047707395)
(23.10541 -28.786943 -0.57382693)
(6.1364845 -39.318021 0.059168141)
(3.9255251 -39.103171 0.029623161)
(5.6645386 -29.22676 -0.031591699)
(5.3757456 -36.353117 0.89678064)
(32.952638 -16.789279 1.3094779)
(25.558789 -9.2981061 0.48732889)
(25.579882 -16.759645 0.87842764)
(23.036856 -26.649034 1.39595)
(15.644863 -19.180885 -1.6173962)
(23.128575 -19.279354 1.0100902)
(23.072221 -9.2987221 0.48714371)
(15.629577 -16.69146 -1.3750989)
(23.096348 -16.764946 0.87867001)
(33.021559 0.62638989 0.010242023)
(25.558101 -6.8172806 0.35732659)
(25.557695 0.6251384 -0.032678268)
(23.072564 10.549759 -0.55295694)
(15.616468 3.0939306 0.2514729)
(23.07099 3.105867 -0.16279727)
(23.071359 -6.8172832 0.35739069)
(15.61646 0.62273064 0.050682928)
(23.070977 0.62513745 -0.032668644)
(5.6652538 -26.739436 -0.046370775)
(13.148583 -19.297664 -0.11931868)
(5.663518 -19.274184 -0.052099099)
(-4.2035303 -16.704606 1.1632264)
(3.174901 -9.3231337 -0.018522279)
(3.1750061 -16.785704 -0.033127527)
(13.13816 -16.796157 -0.10591803)
(5.6625839 -9.3230974 -0.026264475)
(5.6629896 -16.78599 -0.046721727)
(5.6626199 10.576821 0.029754811)
(13.129145 3.1142566 0.018858352)
(5.6625677 3.1143453 0.0087470539)
(-4.2034654 0.62382203 -0.043462393)
(3.1748986 -6.8356233 -0.013568892)
(3.1748979 0.62684753 0.0012433612)
(13.12914 0.62682646 0.0038661586)
(5.6625729 -6.8355964 -0.019222045)
(5.662568 0.62684514 0.0017637166)
(-0.74723206 39.416919 -0.023384278)
(11.072178 39.475284 0.0027630868)
(11.257107 39.421091 -0.001340103)
(-0.0017791252 39.506382 -0.025827446)
(0.15642141 39.530151 0.0029694363)
(-2.5454212 39.128807 -0.46750266)
(1.3833135 39.003278 0.60284986)
(-5.5935623 39.349903 0.0099701803)
(-1.0655234 39.364792 -0.021339026)
(0.91145626 38.947107 1.6733878)
(11.145142 39.444706 0.005942083)
(0.14405615 39.530476 -4.0544749e-07)
(-3.0945697 39.637388 0.053618388)
(0.098584947 39.51737 -0.0060540726)
(-5.4932425 39.38648 0.0093551034)
(25.665653 23.118194 1.7328521)
(23.076186 13.034691 -0.6831564)
(15.678129 20.49448 1.6155638)
(23.16177 20.578134 -1.0781575)
(22.238615 30.180708 -1.5655019)
(15.73358 23.066516 1.7349243)
(23.33102 23.248077 -1.2140972)
(5.662774 13.064512 0.036893316)
(13.176566 20.598643 0.09657673)
(5.6677824 20.535778 0.062792771)
(-4.2088891 22.914323 -1.5963323)
(3.1824604 30.50978 0.0010010616)
(3.1786864 23.023786 0.050608116)
(13.218561 23.156913 0.068804852)
(5.6957056 30.538702 0.1464556)
(5.6735674 23.034351 0.07772081)
(1.0737509 39.582029 -0.035683254)
(10.854195 39.497779 -0.046888759)
(0.25252827 39.529367 -0.026763725)
(0.014540748 39.397564 -0.22818958)
(3.1565487 32.92171 -0.28693642)
(1.7491259 39.186393 0.28679944)
(0.023562912 39.493892 -0.02362468)
(-0.77019105 39.560587 -0.010684085)
(0.080588587 39.511618 -0.0048261246)
(0.39976635 39.467033 0.00022523598)
(-0.064632191 39.3898 -0.23140422)
(5.6733745 32.944606 -0.2095763)
(-19.783975 -34.711019 -0.034053499)
(-27.022661 -28.152995 -0.036250628)
(-27.029302 -28.274251 -0.033424663)
(-19.729772 -34.715249 -0.0046393858)
(-34.040971 -18.866842 0.012371405)
(-36.420591 -12.956099 0.076353676)
(-34.201961 -18.494742 -0.026732941)
(-6.442861 -15.671512 4.1784341)
(-6.4427389 0.58519533 -0.1561345)
(-37.176546 -13.690842 0.33534419)
(-37.181577 -13.59887 -0.26886292)
(-33.125025 -21.103159 -1.2406826)
(-1.1047968 39.020632 -1.6488035)
(-0.38192809 39.411492 -0.027109099)
(-1.3934995 39.593128 -0.066796517)
(-0.75874089 39.475198 -0.025835074)
(-26.402818 29.963319 0.00018062072)
(-36.094512 14.2917 0.33369484)
(-34.098612 20.158617 0.0036793338)
(-6.4572792 21.503659 -5.7154344)
(-26.740331 29.815175 -0.17862643)
(-4.4172143 39.63981 0.21045147)
(-0.84909073 39.568164 -0.10346987)
(-1.0968317 39.649828 0.039196214)
(-36.294975 13.201292 0.065906171)
(-28.196632 28.177953 -0.16570078)
(-36.145862 14.343326 0.0947339)
(-34.103056 20.239541 0.0042319503)
(-34.37766 19.739912 0.0043454794)
(-1.7870906 -31.705126 0.6435333)
(33.020469 8.0814418 -0.23311129)
(30.527079 10.572856 -0.084566738)
(30.529655 8.0878403 -0.044461041)
(-1.811749 -24.24822 0.13315338)
(-1.8121195 8.0891409 -0.041163103)
(-1.8121153 15.551449 -0.079079331)
(-9.2596965 -24.244283 -0.031293088)
(-9.2644909 8.0892859 0.023035337)
(-9.2646425 15.551933 0.040528046)
(-1.79343 -29.216427 0.26776455)
(-4.3446226 -31.461259 2.3667594)
(33.024642 8.0817135 0.197705)
(30.539777 10.575476 0.067000175)
(-1.7912109 -26.73302 0.16710787)
(-4.206023 -24.127505 1.6852311)
(-1.7897852 10.576598 -0.053637509)
(-4.2034802 8.0502877 -0.56077979)
(32.995855 15.600234 -0.72627509)
(30.547351 13.062975 0.07814772)
(-1.7897869 13.064055 -0.066220771)
(-4.2035604 15.477046 -1.0776032)
(-9.651484 -26.583038 11.302822)
(-6.9290065 -29.609084 7.4780548)
(-9.1251386 -19.834269 9.3495627)
(-6.4511298 -22.63787 6.0221186)
(-9.13232 -21.896451 10.266113)
(-9.1158735 6.6035173 -3.1331802)
(-6.4427276 7.5520299 -2.0144812)
(-9.1161244 12.702752 -6.0169537)
(-6.4429488 14.519889 -3.8712424)
(-9.1157719 10.668763 -5.0565464)
(26.941611 30.423702 -0.089906675)
(27.588763 29.972756 0.14264166)
(18.05236 -29.215694 -0.97509075)
(15.569728 -31.683355 -0.3783481)
(17.648939 -31.843051 -2.0124893)
(10.649061 -29.224901 0.1334974)
(13.121126 -31.702938 -0.091354477)
(10.653084 -31.708951 0.2658076)
(33.021422 -4.3450091 0.11277519)
(30.530231 -6.8349566 0.026714817)
(30.530785 -4.3479488 0.01482706)
(18.102631 10.547159 -0.55293771)
(15.614899 8.0153412 0.7641275)
(18.10299 8.0666014 -0.42292953)
(18.058981 -6.8327793 0.91670882)
(15.614198 -4.348263 0.016951209)
(18.102193 -4.3384321 -0.20522457)
(10.648409 -26.735217 0.12651969)
(13.126346 -24.245555 -0.1053194)
(10.647801 -24.246901 0.14214811)
(-1.8121193 -11.810325 0.060080295)
(13.125683 -11.81098 0.010857078)
(10.64626 -9.322512 0.090469175)
(10.646668 -11.809906 0.1111154)
(10.64694 10.576201 -0.098949374)
(13.1255 8.0896023 -0.0098109386)
(10.646562 8.0888391 -0.078350398)
(-1.8121254 -4.3480177 0.022129462)
(13.124114 -4.3482531 0.0054285571)
(10.645881 -6.8351519 0.067620936)
(10.64563 -4.3477879 0.043240089)
(10.647255 13.063597 -0.11724971)
(13.127045 15.552201 -0.001770517)
(10.647483 15.551042 -0.13269493)
(-1.813558 27.99352 -0.11131624)
(13.12616 27.985891 0.17009574)
(10.645866 30.468861 -0.20614506)
(10.647226 27.986308 -0.14789226)
(-1.6372063 35.13266 -0.63659685)
(12.985933 35.267049 0.31741383)
(10.658937 32.926688 -0.45991226)
(11.040199 35.129324 -2.0460986)
(-9.2644842 -11.810536 -0.033249479)
(-21.599789 -24.079127 1.2615442)
(-21.70406 -11.776428 0.61739467)
(-9.2644786 -4.3480958 -0.012277936)
(-21.705842 8.0672196 -0.42283584)
(-21.705561 -4.336163 0.22725676)
(-29.15338 -11.77685 -0.49837526)
(-29.156716 8.0683609 0.36119891)
(-29.162287 -4.3373679 0.22715939)
(-9.2745089 28.013171 0.1319212)
(-21.709493 15.515022 -0.81323812)
(-9.8645859 34.402631 4.1249665)
(-29.145734 15.356895 1.3436859)
(18.197454 -29.318069 1.5685751)
(15.58334 -31.751852 0.63714816)
(10.656723 -29.253725 0.059636685)
(13.186583 -31.664338 -0.58735654)
(33.018984 -11.795574 -0.48082118)
(30.529028 -9.3223627 -0.1352759)
(18.407784 -27.064903 1.4221916)
(15.703175 -24.188005 -2.209732)
(18.104048 -9.2983883 0.48742346)
(15.618352 -11.735445 -0.9539549)
(33.02083 -4.3435236 -0.15388216)
(30.529223 -6.8349266 -0.094572241)
(18.10463 10.54958 -0.55293559)
(15.616776 8.0367363 0.65281912)
(18.103503 -6.8171409 0.35727432)
(15.616512 -4.3196965 -0.350743)
(10.664251 -26.772335 -0.047941762)
(13.182753 -24.322684 -0.10388452)
(-4.2034875 -11.753612 0.81864857)
(-1.7897821 -9.3229303 0.047283075)
(13.13048 -11.811621 -0.072309934)
(10.640176 -9.3229064 -0.06068299)
(10.640408 10.576962 0.068453396)
(13.129377 8.0893725 0.048651595)
(-4.2034695 -4.327128 0.30146755)
(-1.7897786 -6.8354743 0.034673871)
(13.129183 -4.348004 -0.026104593)
(10.640048 -6.8353651 -0.044329148)
(18.107879 13.034429 -0.68325757)
(15.627856 15.467612 1.2506449)
(17.946957 30.913108 -2.4828914)
(15.897163 28.512306 -0.80038526)
(28.626745 29.208669 0.010085856)
(28.573139 29.238543 0.013179906)
(17.150017 32.840972 -1.9741214)
(10.641409 13.06581 0.084382675)
(13.13797 15.563835 0.090673904)
(-4.2444988 27.913801 -2.0242215)
(-1.8277089 30.554379 -0.65873776)
(13.37409 28.351314 0.56615687)
(10.878663 30.854686 0.73321696)
(-4.966045 34.119313 -6.2214886)
(-1.9211347 32.980853 -1.2146303)
(12.682505 35.37385 -1.4128425)
(10.943373 33.088554 1.4593951)
(-24.377941 -31.013712 -0.020051206)
(-27.006254 -27.91412 -0.04201623)
(-27.042806 -28.514862 -0.027648235)
(-21.624911 -31.404735 0.088757956)
(-23.123069 -29.75975 -2.1689552)
(-20.832347 -29.709521 -3.7006793)
(-9.1159136 -9.6436518 4.5726002)
(-6.4427407 -11.026361 2.9408156)
(-22.119397 -24.597883 1.291854)
(-24.66008 -26.514925 2.6452716)
(-21.978887 -27.119169 -1.4679953)
(-24.499605 -24.474025 1.2115514)
(-21.773474 -11.818298 0.61935847)
(-24.275661 -9.3367711 0.48980244)
(-21.748338 -9.3191178 0.48878938)
(-24.315362 -11.84513 0.62039352)
(-9.116167 -3.5487718 1.6847057)
(-6.4427358 -4.0592292 1.0829579)
(-9.1160361 -5.5796231 2.647938)
(-21.723925 8.0753989 -0.42380028)
(-24.249763 10.580351 -0.55410466)
(-24.227042 8.0825101 -0.42417312)
(-21.738234 10.566692 -0.55352062)
(-21.722987 -4.3408869 0.22756233)
(-24.247399 -6.838129 0.35851192)
(-21.732155 -6.8276042 0.35790867)
(-24.230777 -4.3468027 0.22784617)
(-28.945433 -23.567 1.2075981)
(-26.667528 -26.146244 1.2390893)
(-26.956298 -24.177537 1.3013241)
(-29.514745 -11.937201 0.62514058)
(-26.834514 -9.365549 0.49138426)
(-26.895949 -11.887216 0.62230146)
(-29.431815 -9.4035373 0.49337256)
(-29.249189 8.0942007 -0.42456214)
(-26.770294 10.598138 -0.55494369)
(-26.737145 8.090603 -0.42449498)
(-29.287168 10.612455 -0.55583959)
(-29.316461 -4.3677852 0.22893533)
(-26.7861 -6.8549155 0.35947431)
(-26.758371 -4.3558533 0.22831464)
(-29.354226 -6.8753416 0.36063753)
(-9.2236228 23.027514 -10.697776)
(-6.5534747 26.262659 -6.8388072)
(-21.792912 15.567749 -0.81553509)
(-24.2904 13.089505 -0.68619532)
(-21.761804 13.063791 -0.6848533)
(-24.347934 15.612455 -0.81805631)
(-21.246019 28.179465 1.6625384)
(-21.623836 30.148322 -0.51658889)
(-22.657235 28.236657 3.6275558)
(-14.832129 36.799286 -0.046771164)
(-26.534875 30.122652 0.010812925)
(-28.092708 28.408938 -0.0056793567)
(-28.194982 28.303394 0.0020821158)
(-28.234771 28.262501 -0.0013009055)
(-29.59797 15.790955 -0.82913634)
(-26.833837 13.122029 -0.6879047)
(-29.363401 13.141157 -0.68886703)
(-26.936042 15.676144 -0.82161352)
(0.71154359 -31.500644 2.3282118)
(-1.2957928 -33.93132 3.0185469)
(1.2048771 -33.80438 2.7631608)
(33.021231 5.5972736 -0.15208108)
(30.530905 3.1141981 -0.011657229)
(30.530597 5.6013288 -0.023799324)
(28.042474 10.521012 0.74334547)
(25.556561 8.0670119 -0.42291049)
(28.043154 8.0478039 0.57034564)
(28.043457 3.0985614 0.22091701)
(25.556587 5.586467 -0.29282934)
(28.043416 5.5733234 0.39653594)
(0.60278504 -24.129848 1.6935891)
(-1.8119531 -21.760239 0.11334982)
(0.60209376 -21.655153 1.5125498)
(0.60157484 8.0502483 -0.56105623)
(-1.8121225 5.6016852 -0.028505413)
(0.60156733 5.5747491 -0.38855338)
(0.60159495 15.476721 -1.0783143)
(-1.8121444 18.038941 -0.091253776)
(0.60159394 17.952261 -1.2505256)
(-9.2620398 -21.75815 -0.043026338)
(-11.741655 -24.23716 -0.017426086)
(-11.746876 -21.754311 -0.055317861)
(-9.2644835 5.6017857 0.015912243)
(-11.752925 8.0891384 0.038977176)
(-11.752916 5.6017048 0.02674475)
(-9.2649103 18.039844 0.044247416)
(-11.753301 15.552043 0.066798974)
(-11.753909 18.040405 0.068668127)
(15.262348 -37.037004 0.090661934)
(13.299254 -37.071709 -1.0942977)
(29.747446 -29.308228 -0.0047606604)
(29.658498 -29.235591 -0.053584855)
(28.332273 -30.539144 0.062312701)
(27.674799 -29.114552 0.0065349529)
(27.378655 -29.079662 0.0538671)
(24.693307 -31.310647 0.077767853)
(0.68676878 -29.222788 0.011440362)
(3.1737973 -31.702765 0.076003512)
(-4.8340647 -33.740192 2.6966196)
(-2.4437536 -35.849115 3.5796465)
(3.1489187 -34.11522 0.3663191)
(0.34774056 -36.273588 1.3443146)
(30.152293 -26.561573 0.0065271814)
(18.806524 -32.411662 0.92537127)
(29.202055 -27.326701 0.13172765)
(30.537047 -19.367123 0.70467006)
(27.103805 -26.440268 1.2148099)
(25.556205 -24.225385 0.27281921)
(28.07887 -19.079485 -1.8076286)
(25.679532 -21.856893 1.1682749)
(33.022867 5.5965521 0.14615352)
(30.53141 3.1139677 0.025838258)
(28.049379 10.479744 1.0021184)
(25.55816 8.0677341 -0.4228761)
(28.044596 3.086541 0.29197958)
(25.557797 5.5866724 -0.29274448)
(0.68759356 -26.735567 -0.043354562)
(3.175514 -24.248958 -0.042755969)
(-4.2042454 -21.654519 1.5085443)
(-1.7897944 -19.272573 0.098143955)
(3.1753672 -21.761196 -0.041211023)
(0.68805304 -19.273118 -0.045667361)
(0.68800377 10.57681 0.025306326)
(3.1748986 8.0893185 0.016048145)
(-4.2034737 5.5747747 -0.38837279)
(-1.789775 3.1142899 -0.015801411)
(3.1748974 5.6018083 0.011108242)
(0.68800579 3.1143522 0.0074487575)
(33.053885 17.923794 0.90304001)
(30.293568 20.774215 -1.6992055)
(28.054179 12.941419 1.2600866)
(25.571171 15.524782 -0.81338554)
(28.011306 20.574522 -0.39175267)
(25.582477 18.023697 -0.94482622)
(0.68801299 13.064317 0.0312903)
(3.1751245 15.552196 0.031248986)
(-4.2038873 17.95334 -1.249645)
(-1.7901638 20.529322 -0.10597428)
(3.1756082 18.040694 0.0369112)
(0.68833105 20.529371 0.048396102)
(-11.046473 -30.711769 8.6967912)
(-8.3645409 -31.611488 7.3260841)
(-9.5808508 -34.937339 4.4624209)
(-10.263368 -35.721866 2.0530455)
(-11.948714 -31.373802 2.5917878)
(-14.293347 -29.229596 0.43517699)
(-11.885395 -29.02086 2.1881523)
(-14.292345 -31.624063 0.56525476)
(-38.370495 2.9170968 -0.033738579)
(-38.403824 3.0506096 0.26950167)
(-38.175215 0.4415164 0.27320211)
(-38.257337 1.2760622 -0.23644749)
(-9.1204293 -17.790356 8.4054295)
(-6.4453634 -20.316403 5.4117939)
(-11.892501 -24.14351 1.677532)
(-14.301577 -26.776782 0.25312257)
(-11.889665 -26.598669 1.8931155)
(-14.305357 -24.299734 0.1881936)
(-9.116043 4.5722415 -2.1703245)
(-6.4427328 5.2296615 -1.3951574)
(-9.1162013 2.5417144 -1.2068163)
(-11.872902 8.0498193 -0.56890601)
(-14.252063 10.578068 -0.092701495)
(-11.873237 10.525911 -0.73923654)
(-14.250637 8.0897477 -0.076308869)
(-36.178673 7.7451447 -0.50341337)
(-34.137813 17.651901 -0.15448761)
(-9.1174249 14.738012 -6.9761312)
(-6.4438754 16.843567 -4.4891759)
(-11.874655 15.479461 -1.0727458)
(-14.254314 13.067093 -0.10605943)
(-11.873858 13.002483 -0.90722307)
(-14.257056 15.556534 -0.11527627)
(28.340964 29.533397 0.045590839)
(29.506844 28.436483 -0.039512202)
(26.811902 30.860963 -0.039608263)
(28.451267 29.245497 0.034794888)
(29.511969 28.299643 -0.035890207)
(28.124132 29.668612 -0.014836463)
(17.233459 33.598951 -0.37461958)
(20.608545 -29.055038 1.7245238)
(21.447946 -31.903706 -3.6627145)
(19.264886 -32.011983 -3.4538084)
(15.235036 -34.137932 -1.162542)
(17.921206 -33.808326 -0.056155968)
(8.2788901 -29.094957 1.9491159)
(5.9151719 -26.130632 11.944436)
(8.2810004 -31.59258 1.9835936)
(13.391033 -34.007613 1.2923534)
(9.9126879 -36.417768 -2.2541244)
(10.644173 -34.128031 0.18631693)
(8.4992781 -36.437276 1.0654937)
(8.3321223 -34.080814 1.6124811)
(33.021524 -1.8593666 0.047954245)
(30.530953 0.6268078 -0.0024610196)
(30.530925 -1.8606177 0.0059779108)
(28.043024 -6.8007559 -0.48347902)
(25.556355 -4.3362079 0.22728597)
(28.043312 -4.3260798 -0.3085657)
(28.043444 0.6236783 0.044408906)
(25.556377 -1.8555695 0.097284023)
(28.043405 -1.8512312 -0.13226347)
(20.589369 10.548026 -0.55273482)
(23.072166 8.0672245 -0.42287883)
(20.589087 8.0673536 -0.42278131)
(15.618325 5.5503255 0.52342558)
(18.059285 3.1114718 -0.90949121)
(18.105845 5.5878862 -0.29298282)
(23.072023 5.5865573 -0.29283165)
(20.588286 3.1058903 -0.16271569)
(20.588674 5.5866219 -0.29277794)
(20.588224 -6.8169979 0.35724802)
(23.071548 -4.3362436 0.22725534)
(20.587992 -4.3362966 0.22728373)
(15.614048 -1.8607129 0.0058803069)
(18.10217 0.62548565 0.028260831)
(18.102033 -1.8564469 -0.08895056)
(23.07152 -1.8555768 0.097191292)
(20.587994 0.62512839 -0.03272182)
(20.587876 -1.8556025 0.097212061)
(8.2759109 -26.613274 1.8044614)
(5.5244215 -19.802319 9.380589)
(8.2731182 -24.134596 1.6530607)
(13.126384 -21.759042 -0.045727353)
(10.647393 -19.271908 0.15294311)
(10.647503 -21.759258 0.15322946)
(8.2707027 -19.179943 1.3383566)
(8.2714391 -21.656854 1.4986334)
(-1.8121166 -14.29778 0.072723995)
(0.60157215 -11.753549 0.81909063)
(0.60157979 -14.229059 0.99151436)
(13.126222 -14.298422 0.007739758)
(10.647257 -16.78463 0.14372965)
(10.647033 -14.297303 0.12901496)
(8.2700222 -9.2764795 0.66008241)
(5.5135665 -9.6388939 4.5757604)
(8.2701824 -11.751926 0.83325366)
(8.2704284 -16.703589 1.1730588)
(8.270305 -14.227607 1.0043517)
(8.2703572 10.524354 -0.74558808)
(5.5138457 6.6012844 -3.1345608)
(8.270244 8.0489231 -0.57235514)
(13.124926 5.6020199 -0.0085765089)
(10.645844 3.1141399 -0.032089112)
(10.646189 5.6014778 -0.055933565)
(8.2699466 3.0986364 -0.22170009)
(8.2700728 5.5736999 -0.39760973)
(-1.8121263 -1.8606218 0.0094700015)
(0.60155926 -4.3271067 0.30161569)
(0.6015572 -1.851673 0.12907028)
(13.123985 -1.8606989 0.0014245375)
(10.645615 0.62678786 -0.0072479029)
(10.645538 -1.8604982 0.018057216)
(8.2699121 -6.8012674 0.48514537)
(5.5139606 -3.5475833 1.685397)
(8.2698154 -4.3262007 0.30893336)
(8.2698325 0.62364997 -0.044997169)
(8.2697894 -1.8512633 0.13203669)
(8.2704601 13.000028 -0.91703429)
(8.2704819 15.47596 -1.0863795)
(13.127371 18.03948 0.010061215)
(10.647678 20.525735 -0.14884301)
(10.647612 18.038394 -0.14381627)
(8.2705549 20.428678 -1.4169683)
(8.2704788 17.952171 -1.2531446)
(-1.812851 25.503332 -0.11350562)
(0.59917735 27.857626 -1.9339761)
(0.60078394 25.380213 -1.7639913)
(13.127428 25.499868 0.12249782)
(10.647671 23.013 -0.1465384)
(10.647508 25.499979 -0.1416583)
(8.2751108 30.323806 -2.1270615)
(5.5133052 22.838621 -10.846513)
(8.2723913 27.85507 -1.9201594)
(8.2708482 22.905268 -1.5787147)
(5.5154942 20.822252 -9.8707324)
(8.2715029 25.381222 -1.7430665)
(0.9572945 35.044961 -1.3682627)
(8.3038436 32.777658 -2.3564934)
(8.4040803 35.201477 -1.917753)
(-9.2643986 -14.297915 -0.039244911)
(-11.752871 -11.810274 -0.056134868)
(-11.752641 -14.297478 -0.065701286)
(-19.119509 -23.769764 -3.195701)
(-21.65529 -21.652092 1.1354064)
(-19.164391 -21.460073 -2.4323807)
(-19.217262 -11.729035 -0.97659911)
(-21.700576 -14.254275 0.74736377)
(-19.213704 -14.191447 -1.224436)
(-9.2644741 -1.8606553 -0.0052433209)
(-11.752903 -4.3480337 -0.020539692)
(-11.752892 -1.8606289 -0.008761225)
(-19.218802 8.0360528 0.65638798)
(-21.70565 5.5863977 -0.29280882)
(-19.218711 5.5651037 0.45190908)
(-19.218642 -4.3196527 -0.35045762)
(-21.705456 -1.8555461 0.097230277)
(-19.218559 -1.8484942 -0.14994795)
(-29.14039 -14.231334 -0.67758557)
(-31.576527 -11.757349 -0.36621165)
(-31.590008 -14.354306 0.20531784)
(-31.6074 8.0734653 0.096405928)
(-29.083145 5.5997642 -1.5019915)
(-31.525538 5.7479695 -1.5851092)
(-29.162103 -1.8559915 0.097046851)
(-31.642893 -4.3187132 -0.26533493)
(-31.639025 -1.8397583 -0.18729695)
(-9.2694031 25.512883 0.073433259)
(-11.763796 28.017602 0.0014971726)
(-11.760248 25.516964 0.047381237)
(-19.220445 15.442273 1.3427461)
(-21.715223 18.003722 -0.94378804)
(-19.224524 17.910612 1.5996673)
(-19.138109 27.973125 -0.9217241)
(-21.763408 25.492461 -1.3366708)
(-19.260245 25.354837 2.0855346)
(-31.595001 15.063892 1.5048788)
(-29.273041 17.638164 1.6981375)
(-31.322621 17.576447 0.77088102)
(11.310536 -38.916259 0.013894385)
(9.2884457 -39.136102 -0.24479993)
(19.038971 -36.099579 -0.16373127)
(16.635375 -37.004279 -0.13041093)
(19.662226 -35.718302 -0.19098651)
(14.948965 -37.01595 0.42083635)
(11.40166 -36.78596 2.2219182)
(30.168159 -28.747594 -0.0022996988)
(23.601271 -32.980091 0.2035232)
(26.12524 -32.28805 0.22587712)
(20.720881 -35.35701 0.061543528)
(13.678098 -37.768511 0.12132709)
(21.658149 -34.057917 -0.062116354)
(20.385844 -35.126058 -0.039377524)
(11.410652 -37.918299 0.12665399)
(10.669408 -39.497283 -0.010128888)
(7.3109519 -39.351805 0.054040577)
(17.194423 -35.98945 -0.065996549)
(16.954063 -36.188866 -0.064390317)
(9.8350934 -39.070248 -0.1179226)
(16.711516 -36.384471 -0.062343851)
(10.70975 -39.4743 -0.0098739349)
(-0.19205816 -40.732609 -0.0057142573)
(-2.0607212 -40.554771 -0.023083416)
(-0.028757773 -40.632904 -0.058390562)
(-2.2484359 -40.636811 -0.005049924)
(10.492104 -39.533501 0.08876864)
(7.9612992 -40.02221 0.032729224)
(-0.10268581 -40.73469 0.00077757438)
(-0.49538747 -40.733149 3.4745544e-05)
(-0.078231501 -40.733332 0.00040414783)
(-0.53297745 -40.733843 -2.579529e-05)
(11.478957 -38.866742 -0.0040005476)
(11.269366 -38.917176 -0.033698748)
(24.953067 -31.75583 0.016928155)
(24.914081 -31.688387 0.014460213)
(28.664034 -28.280761 -0.1002092)
(15.798772 -37.27127 0.14768682)
(27.514223 -29.024982 -0.63070835)
(20.695815 -29.517317 1.3051835)
(13.476635 -33.628274 5.8705116)
(20.0789 -35.361985 -0.05402443)
(15.251451 -37.437844 -0.081864631)
(27.307522 -29.399273 0.27917505)
(10.393252 -37.92299 0.13676391)
(26.391372 -30.534273 -0.079775973)
(20.061121 -35.37639 0.046356287)
(10.832033 -39.407354 -0.0075509944)
(17.44159 -35.779876 -0.065686055)
(5.5001587 -39.27449 0.058595689)
(17.712995 -35.54692 -0.061745411)
(10.827898 -39.413047 -0.0024358081)
(17.962515 -35.271214 -0.20260566)
(4.7241727 -39.202733 0.041313998)
(17.982247 -35.30727 -0.073701932)
(8.1575333 -29.234984 -0.010788658)
(5.662905 -31.705533 0.017594491)
(13.044219 -34.022412 0.089204449)
(11.238179 -35.669731 -3.2009273)
(5.6357804 -34.118942 0.32921401)
(7.7030886 -36.341672 1.1480763)
(-0.46426193 -40.196089 0.3463771)
(-2.1832511 -40.114578 0.14082402)
(0.032270952 -40.737739 -0.00039212009)
(-0.37706077 -40.737602 0.0022773641)
(0.011735139 -40.735773 -0.00048570508)
(-0.36626292 -40.739922 0.00068360737)
(29.057667 -27.749235 -0.023393919)
(18.978904 -32.503878 0.40634175)
(29.07215 -27.867781 0.17220507)
(33.00874 -14.281447 -0.78779921)
(30.53228 -16.782769 0.26602778)
(28.044339 -9.2410134 -0.88122715)
(25.561476 -11.780578 0.61729965)
(28.06552 -16.658984 -1.4601698)
(25.567403 -14.267161 0.74794068)
(20.831112 -27.012527 1.3863873)
(23.381788 -24.50391 1.2842639)
(15.671094 -21.682493 -1.8848213)
(18.145265 -19.272271 1.0100838)
(23.192873 -21.828226 1.1441408)
(20.639636 -19.278401 1.0104064)
(20.589179 -9.2986087 0.48733115)
(23.074696 -11.781712 0.61751533)
(15.621711 -14.210727 -1.1598934)
(18.121848 -16.761805 0.87849083)
(23.081219 -14.268798 0.74786447)
(20.611166 -16.764682 0.87869135)
(33.021249 -1.8586069 -0.069115564)
(30.530798 0.62679949 0.0012743399)
(28.043924 -6.7747828 -0.64818725)
(25.557816 -4.3363671 0.22730519)
(28.044346 0.62136699 0.057561638)
(25.557709 -1.8556082 0.09714129)
(20.589697 10.549731 -0.55296359)
(23.07139 8.0677261 -0.42282201)
(15.616524 5.565193 0.45229072)
(18.103282 3.105841 -0.16274543)
(23.071046 5.5866347 -0.29276267)
(20.588143 3.1058403 -0.16275159)
(20.588438 -6.8172347 0.35725239)
(23.071076 -4.3363684 0.22729732)
(15.616471 -1.8484658 -0.15017824)
(18.103275 0.62513456 -0.032730057)
(23.071014 -1.8556096 0.0971326)
(20.588136 0.62513498 -0.032715986)
(8.1596445 -26.7485 -0.050781211)
(5.6650941 -24.251371 -0.054795314)
(13.164834 -21.808003 -0.11508069)
(10.648221 -19.283121 -0.11962262)
(5.6643101 -21.762771 -0.055423067)
(8.1539849 -19.276629 -0.085744647)
(-4.2034857 -14.229109 0.99096063)
(-1.7897903 -16.785239 0.085142532)
(0.68800372 -9.3231167 -0.0223099)
(3.1749189 -11.810615 -0.023476917)
(0.68803082 -16.785607 -0.04007686)
(3.1749233 -14.298127 -0.028382622)
(13.132854 -14.301919 -0.089032305)
(10.643784 -16.789624 -0.10926541)
(8.1510367 -9.3229981 -0.043839031)
(5.6626168 -11.810601 -0.033316001)
(8.1523351 -16.786956 -0.07801821)
(5.6627415 -14.2982 -0.040252997)
(8.1511248 10.576829 0.049580163)
(5.6625762 8.0892873 0.022722578)
(13.129195 5.6017196 0.033806858)
(10.640003 3.1142389 0.020219282)
(5.6625689 5.6017861 0.015728975)
(8.1509738 3.1143016 0.014596735)
(-4.2034658 -1.8516817 0.1290116)
(-1.7897732 0.62683386 -0.0031801162)
(0.6880049 -6.8356111 -0.016355703)
(3.174898 -4.348113 -0.0086241646)
(0.68800668 0.62684641 0.0014993272)
(3.1748982 -1.8606627 -0.0036888186)
(13.129147 -1.8606032 -0.011122843)
(10.640001 0.62682323 0.0041036601)
(8.1509903 -6.8355008 -0.03205439)
(5.6625695 -4.348096 -0.012210729)
(8.1509735 0.62683616 0.0029510493)
(5.6625686 -1.8606553 -0.005219881)
(27.120969 30.686752 -0.023375585)
(19.886864 34.76579 -1.504079)
(19.038337 35.929395 -0.034941967)
(20.739055 34.541494 0.052886581)
(1.152268 39.728979 -0.022098881)
(-0.47049699 39.455545 -0.025742025)
(11.235354 39.430325 0.0051419008)
(3.2737679 39.982947 -0.013803692)
(3.4767545 40.003321 0.0044379172)
(11.300518 39.409837 0.0005687218)
(-0.22824839 39.483833 -0.02642485)
(0.37602954 39.568735 -0.041232678)
(0.17024731 39.517275 0.030641881)
(0.084380025 39.527072 0.00047555915)
(1.0358568 38.96653 -0.71996342)
(-3.2759756 39.491307 -0.083969265)
(0.2806884 39.415007 0.23457998)
(0.65626711 39.001655 0.0096818631)
(2.8845206 39.275546 -0.01615938)
(-5.7125128 39.30903 0.011518752)
(-1.5827925 39.257032 0.0099176056)
(1.5866058 39.792777 -0.0062756331)
(3.391417 39.070967 2.4918495)
(8.8596434 39.611887 0.51453105)
(-0.60775805 39.299217 0.7334223)
(4.798061 39.158362 1.3107777)
(3.4403565 39.992807 0.03741791)
(10.915477 39.447859 0.070298)
(0.13172533 39.528168 -0.003434222)
(0.084354571 39.527906 -7.2292918e-05)
(1.9385772 39.394381 0.18870647)
(-5.2723904 39.459806 0.0069379993)
(0.11657399 39.523404 -0.0055063983)
(0.080576333 39.516573 -0.0014068726)
(3.1144803 39.237657 -0.015369471)
(-5.3902758 39.422674 0.0081738727)
(30.425792 22.591514 0.5478981)
(27.290049 28.102731 -0.49810589)
(24.861984 28.064152 -1.1030089)
(29.882256 27.785504 -0.024438498)
(28.197003 22.540475 2.9499669)
(25.655176 25.786608 -0.47997903)
(20.593365 13.034816 -0.68317888)
(23.086119 15.527253 -0.81386331)
(15.644814 17.96651 1.4425689)
(18.178489 20.572433 -1.0780627)
(23.110033 18.036518 -0.94537277)
(20.676816 20.581345 -1.0788771)
(20.574922 30.560146 -0.40931868)
(22.742259 28.349914 -1.7684363)
(15.811209 25.695426 1.7131816)
(18.246796 23.149908 -1.2131977)
(23.301901 25.743235 -1.2654467)
(20.765382 23.173801 -1.2142061)
(28.87823 28.983066 -0.0094200108)
(29.439049 28.403894 -0.026046088)
(27.526675 30.20679 -0.002813382)
(8.15155 13.064889 0.061331833)
(5.6632791 15.55282 0.044337892)
(13.151088 18.070964 0.099507252)
(10.665554 20.566966 0.12408458)
(5.6646532 18.042661 0.052574147)
(8.1633238 20.54687 0.098784739)
(-4.218627 25.407452 -1.7822796)
(-1.791209 23.022736 -0.12618022)
(0.67997175 30.522216 -0.13259639)
(3.1833616 28.020795 0.055345673)
(0.68844715 23.021408 0.049826661)
(3.1813356 25.520828 0.056855239)
(13.277192 25.7533 0.0073635943)
(10.690697 23.098499 0.13082487)
(8.2326341 30.625453 0.32050176)
(5.6910971 28.047455 0.14364282)
(8.1764199 23.057855 0.11695791)
(5.6821309 25.53945 0.10246854)
(0.87315898 39.57791 -0.019443104)
(1.6135131 39.63913 -0.042839033)
(3.4355448 39.969369 -0.15218739)
(9.0457587 39.682617 -0.34915591)
(0.54852822 39.553905 -0.023268752)
(0.45084888 39.56024 -0.096088729)
(9.7394391 39.212858 -0.0066399216)
(0.075685664 39.400574 -0.044301495)
(0.24691941 39.017515 -0.82712909)
(0.65505537 32.9505 -0.30992194)
(3.3763598 35.08212 0.59343287)
(0.010047522 39.40119 0.13474308)
(0.60442532 38.877504 1.7484773)
(0.048337706 39.505074 7.5253669e-05)
(0.075238698 39.496262 -0.0048455508)
(0.060676746 39.511493 0.0034875193)
(-0.40345609 39.539885 -0.013711571)
(0.064476589 39.507369 -0.0026868374)
(0.073006309 39.511277 -0.0011308764)
(0.071169739 39.496317 0.015075487)
(-0.073116244 39.517404 -0.016893854)
(4.7284767 39.662102 -0.29544329)
(-1.1893861 38.772239 -1.838083)
(8.202244 33.024605 -0.10136578)
(4.562861 34.962847 -3.0487054)
(9.9620043 38.946864 -0.054004212)
(-21.081544 -33.584926 -0.37900252)
(-14.775919 -37.007085 0.10697194)
(-28.224141 -26.687483 -0.15947932)
(-14.746887 -37.043433 -0.0042726677)
(-19.410893 -34.963876 0.013132061)
(-26.573927 -28.848536 0.36810178)
(-27.046836 -28.1168 -0.11131513)
(-14.379016 -37.107736 -0.029809639)
(-18.496482 -31.902391 -2.593218)
(-16.807172 -29.304315 -0.12870594)
(-16.902772 -31.663694 0.5462406)
(-19.312267 -29.382371 -0.5619861)
(-21.391222 -33.318547 -0.076315922)
(-11.75594 -37.529272 0.020679207)
(-26.101529 -29.509102 -0.11783593)
(-14.248765 -37.132864 0.002005636)
(-33.901689 -19.295085 0.00046182177)
(-35.855393 -12.909446 0.25757408)
(-29.259584 -25.916646 0.17400424)
(-28.179837 -26.990654 -0.020300118)
(-33.725294 -19.500147 0.020647411)
(-36.986576 -8.8907478 -0.17104442)
(-32.750209 -20.031869 0.29180409)
(-36.909033 -7.3818309 -0.32921959)
(-38.091275 -8.9331904 -0.25685093)
(-35.891672 -12.500414 -0.23199441)
(-33.352406 -19.459786 0.16651099)
(-34.135465 -18.556322 0.13964113)
(-38.066742 -10.213303 -0.021656634)
(-37.957793 -10.558285 -0.0036267206)
(-38.285234 0.95555531 0.049300522)
(-38.141184 -4.167628 -0.0089517231)
(-38.319113 -1.715221 -0.0076095003)
(-38.268847 -4.1865748 -0.008328148)
(-38.102874 -0.94572499 0.23229877)
(-38.596622 5.7040538 -0.014810867)
(-38.09668 -1.4746586 0.37243043)
(-38.598072 3.0829422 0.21196409)
(-38.29855 -0.35514432 -0.071155302)
(-38.485638 -3.4642655 -0.085733814)
(-38.149588 1.1162806 0.10181705)
(-9.1160101 -11.677347 5.5339171)
(-6.4427464 -13.348892 3.5597916)
(-11.874334 -11.754697 0.82378506)
(-14.252449 -9.3246901 0.083668732)
(-14.255456 -11.814546 0.099591848)
(-11.873403 -9.2780836 0.65364129)
(-19.451177 -24.314437 -2.1012222)
(-16.850568 -26.862031 -0.053489167)
(-16.866184 -24.387547 -0.044493331)
(-19.301538 -26.899301 -2.2017317)
(-21.991684 -21.964276 1.1511706)
(-24.506084 -19.468113 1.0198888)
(-21.91992 -19.400596 1.0170047)
(-24.659193 -22.109462 1.1573092)
(-19.255728 -11.738971 -1.0686059)
(-16.738748 -9.3296291 0.0070874665)
(-16.746745 -11.823422 0.00047191771)
(-19.240478 -9.2570094 -0.85263494)
(-21.809378 -14.328903 0.75115303)
(-24.429147 -16.906479 0.88586404)
(-21.857797 -16.855342 0.88308533)
(-24.366624 -14.367324 0.75339984)
(-9.1162398 -1.5184866 0.7210277)
(-6.4427379 -1.7370293 0.46344941)
(-9.1162575 0.51156293 -0.24291623)
(-11.872793 -4.3266294 0.30749976)
(-14.250756 -6.8361265 0.064859009)
(-11.872976 -6.8021492 0.48156515)
(-14.249944 -4.3482599 0.042894582)
(-19.228295 8.0254634 0.73687366)
(-16.737172 10.582402 -0.0069529085)
(-16.733128 8.09224 -0.013489434)
(-19.236274 10.501009 0.95252876)
(-21.718357 5.5891657 -0.29247912)
(-24.217829 3.1080353 -0.16321714)
(-21.717277 3.1064722 -0.16301467)
(-24.218756 5.5931651 -0.29255117)
(-19.226142 -4.3118109 -0.40330406)
(-16.733754 -6.8385365 0.010077361)
(-19.230782 -6.7824396 -0.63061554)
(-16.73131 -4.349517 0.0078589249)
(-21.719398 -1.8570715 0.096876918)
(-24.219406 0.62432 -0.032530205)
(-21.717284 0.62484929 -0.032625069)
(-24.222814 -1.8600954 0.096951261)
(-36.962009 -14.879571 -0.00047180625)
(-37.052385 -14.480112 -0.059332395)
(-30.55897 -24.874977 -0.93455523)
(-29.209566 -21.588298 1.066761)
(-27.179507 -19.59799 1.02708)
(-26.988205 -21.900841 1.1030525)
(-29.374086 -19.247884 1.0136835)
(-32.389483 -22.65558 -0.17597872)
(-38.598134 -10.742054 -0.013759489)
(-34.777216 -19.669183 0.012679372)
(-38.245712 -0.95835688 -0.45204135)
(-38.549146 -10.758897 -0.10745191)
(-34.881521 -19.447446 0.09178916)
(-38.625327 -2.2930248 -0.25618439)
(-29.675676 -14.545863 0.78429225)
(-27.037209 -16.973233 0.88941395)
(-26.967174 -14.425079 0.75655675)
(-29.74227 -17.082887 0.8232259)
(-32.241857 -12.015367 0.5719864)
(-34.333304 -9.3834223 -1.1997291)
(-34.410365 -11.994836 0.09169295)
(-32.128571 -9.489164 0.52310902)
(-38.801054 6.1207826 0.21581759)
(-31.726355 8.0804254 -0.42369432)
(-33.912238 10.629829 0.35129682)
(-34.081224 8.0284118 -0.42056974)
(-31.763458 10.624471 -0.55687892)
(-29.262253 5.5997248 -0.29280325)
(-26.734994 3.1093085 -0.16340277)
(-26.730794 5.5969037 -0.29268853)
(-29.28359 3.110824 -0.16358054)
(-38.71757 -1.743282 0.10988725)
(-36.551408 -6.3739536 1.4927583)
(-36.564605 -3.4328683 2.7286518)
(-29.302133 -1.8702915 0.097279886)
(-26.740169 0.62330391 -0.032398404)
(-26.745768 -1.8643139 0.097070157)
(-29.296314 0.62200681 -0.032245059)
(-31.891783 -4.3793586 0.22954036)
(-34.357508 -6.8318115 1.3811713)
(-31.925032 -6.8897845 0.36150068)
(-34.527658 -4.409019 0.13593481)
(-11.830023 37.986416 0.00041651525)
(-11.8474 37.98483 -0.0065811081)
(-24.259757 30.8888 0.53523035)
(-25.733251 28.849673 0.14915951)
(-17.62609 34.914563 0.084271693)
(-5.6597683 38.311137 -0.10258973)
(-5.5890865 38.259496 -0.22379743)
(-17.27549 35.201439 0.056750625)
(-7.0878743 39.060118 -0.33440044)
(-0.8148168 39.402482 -0.21731229)
(-10.364447 38.67323 -0.00079014163)
(-0.11005692 39.353781 -0.050723591)
(-11.703381 38.006426 -0.011640089)
(-11.430648 38.015906 -0.14220585)
(-25.829204 28.625093 -0.34894989)
(-16.428769 35.824448 0.056280275)
(-6.4178631 38.379921 -0.077866568)
(-7.2481385 38.417386 -0.071934403)
(-16.838108 35.52941 0.053654073)
(-1.4431482 39.575513 -0.030021529)
(-8.913249 39.144552 -0.0090578537)
(-10.394717 38.662783 -0.00046588673)
(-1.1381771 39.531688 -0.023030471)
(-29.609335 26.680665 0.016311171)
(-35.999573 10.836419 1.945284)
(-37.032915 12.491979 -0.14513643)
(-36.709149 14.032011 0.026771146)
(-26.988733 29.314055 0.042967682)
(-32.22155 22.582065 -0.28313558)
(-9.1540258 20.88948 -9.8220654)
(-6.4816299 23.857268 -6.3108773)
(-11.885259 27.886861 -1.8104953)
(-14.257654 30.477197 -0.19680824)
(-14.25054 27.995953 -0.078136369)
(-11.905049 30.374338 -1.9617832)
(-19.266865 15.46952 1.336457)
(-16.744047 13.074794 0.00078829741)
(-16.75199 15.567987 0.015796378)
(-19.249567 12.981877 1.1532622)
(-21.822315 18.072833 -0.94768137)
(-24.421884 20.6451 -1.082562)
(-21.834629 20.568313 -1.0780877)
(-24.403218 18.138009 -0.9506776)
(-18.930339 27.935525 2.4552445)
(-16.698943 30.452167 0.20696297)
(-16.721426 27.989516 0.26031747)
(-19.350098 30.343126 -0.69756346)
(-21.717589 25.434938 -1.3332657)
(-24.483975 23.198455 -1.1957576)
(-21.823677 23.047731 -1.2078305)
(-24.118134 25.328758 -1.6273564)
(-12.488611 37.855571 0.30172412)
(-14.259719 37.484077 0.0078261586)
(-20.046216 34.783626 0.0053579177)
(-14.889545 36.7936 0.010817155)
(-26.632868 30.017206 -0.013338057)
(-19.948968 34.846543 -0.0023552615)
(-8.1414695 39.451731 0.46095427)
(-14.528122 32.770786 -1.4327011)
(-11.974036 32.79844 -1.941821)
(-4.6408863 39.618094 0.84452151)
(-7.1710274 38.801844 -0.18255926)
(-10.616281 39.192752 0.026985547)
(-20.354149 33.945778 -0.54866412)
(-0.32891496 39.53073 -0.073471235)
(-6.0533944 39.708519 -0.26824593)
(-3.3318839 39.849287 0.16269404)
(-0.34613316 39.552693 -0.025894652)
(-8.8771406 39.414317 -0.24218507)
(-16.295165 32.942819 1.3943435)
(-19.184428 32.428944 -0.45866688)
(-30.025533 26.541328 -0.023533198)
(-36.31733 10.6815 0.37223749)
(-28.90582 27.492245 0.28102512)
(-27.937751 28.56912 -0.0055832535)
(-28.123355 28.380721 -0.0067707243)
(-36.319047 12.171319 -0.36979465)
(-36.778472 14.02249 -0.1590043)
(-35.366286 17.731469 0.0052504734)
(-37.125364 11.944471 0.1557927)
(-36.295222 15.385161 -0.010909258)
(-31.640143 15.431945 -0.81607515)
(-33.889551 12.866406 -0.80374607)
(-33.552557 14.425438 -2.7416816)
(-31.762014 13.078727 -0.6854051)
(-29.526675 18.141615 -1.0034199)
(-27.016325 20.695805 -1.025717)
(-27.110414 18.294927 -0.96933752)
(-29.464864 20.596815 -0.71222468)
(-34.03841 20.131008 0.0075089642)
(-34.220968 19.867242 -0.032066837)
(-27.004321 23.065946 -1.1170245)
(-27.025027 24.972393 -2.0298635)
(-29.314671 22.430975 -1.2782124)
(33.012945 13.039574 -0.49793964)
(-4.288568 -29.234179 -0.0035284203)
(-4.2889079 -26.739271 -0.042666209)
(-4.2899048 10.57681 0.025174602)
(-4.2899067 13.064257 0.030979812)
(-6.7740598 -26.737996 -0.031717546)
(-6.7768074 10.576829 0.020894928)
(-6.7768266 13.064312 0.025405329)
(-6.7729508 -29.232133 -0.0060424066)
(33.019885 -9.3140787 0.2589369)
(15.614105 -26.534619 -2.2886688)
(15.618437 -9.237462 -0.87397615)
(15.615832 12.950024 1.2089133)
(15.404045 30.399373 2.2536474)
(-4.2899064 -9.323117 -0.02225162)
(-4.2899065 -6.8356113 -0.016316356)
(-4.2952262 30.484063 0.16749704)
(-4.2883859 32.909336 -0.060592999)
(-6.7768063 -9.3231334 -0.018545205)
(-24.190247 -9.2962821 0.48692965)
(-6.7768034 -6.8356233 -0.013601151)
(-24.191293 10.548123 -0.55254683)
(-24.190741 -6.816438 0.3570343)
(-26.673672 -9.2957807 0.48729128)
(-26.675121 10.548064 -0.55271177)
(-26.674193 -6.8162183 0.35728705)
(-6.7938257 30.494745 0.38808148)
(-24.192001 13.030008 -0.68253698)
(-6.8165696 32.907832 0.53231968)
(-26.674655 13.028851 -0.6828317)
(-27.046955 -28.634194 -0.024614318)
(-24.422877 -31.076092 -0.01526803)
(-29.346953 -26.195536 -0.02010702)
(-26.267361 30.354868 0.076832519)
(32.951194 -19.178598 -0.31068067)
(25.442075 -26.489233 1.3148892)
(25.513824 -19.178514 1.0047943)
(32.107519 20.734141 4.3256902)
(25.554935 13.026514 -0.68280038)
(25.543116 20.455758 -1.0719937)
(2.8917216 -27.266119 7.2902953)
(5.5339428 -21.832699 10.343077)
(2.8509822 -24.947593 6.6801422)
(-4.2897948 -19.272984 -0.045517925)
(2.8415601 -17.992706 4.7997659)
(5.5137623 8.6323097 -4.0974998)
(2.8408126 9.8740038 -2.6344357)
(-4.2899056 3.1143523 0.0074305726)
(5.5139946 2.5409671 -1.2072479)
(2.8408002 2.9073188 -0.77587658)
(5.5136194 10.663982 -5.0598614)
(2.8408124 12.196341 -3.2536877)
(-4.2901535 20.527245 0.051999994)
(5.5138458 16.762527 -7.9436781)
(2.8408512 19.163719 -5.1110568)
(-6.7764519 -19.272738 -0.036080466)
(-14.206892 -26.699402 0.1433134)
(-14.235558 -19.266303 -0.092259217)
(-6.7768001 3.1143578 0.0061858277)
(-14.242126 10.576381 0.072927595)
(-14.241977 3.1142071 0.020381154)
(-36.120761 2.41471 1.4699371)
(-37.532467 0.98809269 0.95607715)
(-6.7773324 20.527747 0.041283621)
(-14.242325 13.064152 0.087528686)
(-14.246743 20.532835 0.073073847)
(25.114757 -29.025312 -0.7888711)
(26.121095 -30.558141 -0.10914363)
(-10.717859 -38.635027 -0.018811928)
(-37.891852 -2.680588 0.14980147)
(-37.982054 7.2713365 0.49231333)
(-38.054879 3.0000668 0.01021727)
(-34.669615 17.007136 -0.16770706)
(-37.806767 9.9829615 0.0046503784)
(32.991245 -16.723888 0.6696259)
(25.555645 -9.2967987 0.48730294)
(25.536962 -16.721011 0.876106)
(23.001729 -26.56971 1.4037604)
(15.616026 -19.112511 -1.7278954)
(23.049893 -19.198021 1.0061089)
(23.07149 -9.2972643 0.4871962)
(15.615711 -16.640745 -1.5357134)
(23.061415 -16.729213 0.87662722)
(25.53896 22.934797 -1.2018414)
(28.230011 29.461128 0.064214525)
(18.376635 33.56868 -0.29381045)
(23.071623 13.027755 -0.68286533)
(15.618739 20.367825 1.7843103)
(23.069115 20.4662 -1.0728)
(23.074693 30.092915 -0.66271596)
(15.618929 22.844068 1.9568115)
(23.069743 22.946435 -1.2028248)
(29.744125 27.859386 -0.12767405)
(18.778749 33.518682 -0.01497749)
(27.766488 30.039542 -0.14703272)
(-12.501172 35.618278 0.44270216)
(-14.363705 35.532305 0.015929257)
(-26.602479 29.764726 0.0045930009)
(-4.2898795 -16.785512 -0.039864242)
(5.5137222 -7.6078212 3.6128759)
(2.8407845 -8.703469 2.3224296)
(5.5137439 -13.70325 6.4994875)
(2.8409516 -15.670562 4.1802151)
(-4.2899059 0.62684643 0.0014948361)
(2.8407895 -6.3812245 1.702897)
(5.514015 0.51137512 -0.24309278)
(2.8407958 0.58517108 -0.15617767)
(-4.2906044 23.015706 0.065835685)
(2.8640591 28.469589 -7.5462308)
(2.8406588 21.485816 -5.7309864)
(5.9336616 27.036079 -12.516286)
(3.1728497 30.940053 -7.6796738)
(-6.7767043 -16.785448 -0.032301524)
(-14.241985 -9.3226032 -0.063167411)
(-14.239366 -16.782408 -0.099074488)
(-16.661849 -26.661645 0.43320438)
(-24.154932 -19.186831 1.0049621)
(-16.717467 -19.25967 -0.091206058)
(-16.731151 -9.3224099 -0.062949505)
(-24.171914 -16.721948 0.87585657)
(-16.725117 -16.779281 -0.10103649)
(-6.7767992 0.62684763 0.0012410447)
(-14.242004 -6.8352902 -0.045605553)
(-14.241936 0.6267945 0.0039889542)
(-16.731557 10.576551 0.075041666)
(-24.190608 3.1057045 -0.16266967)
(-16.731184 3.1141643 0.018987917)
(-16.731239 -6.8352236 -0.044095688)
(-24.190511 0.62507789 -0.032715646)
(-16.73115 0.62676926 0.0035380138)
(-26.59297 -19.177193 1.116097)
(-26.644472 -16.714253 0.87631659)
(-33.997767 -9.1629373 -0.51083397)
(-33.871025 10.069378 1.7153151)
(-26.673945 3.1057074 -0.16279413)
(-34.022645 3.151989 -0.48858163)
(-37.535038 -4.5011432 -0.46569927)
(-35.663381 -7.7773234 2.8282151)
(-36.124822 0.62465116 -0.0058408718)
(-37.539536 0.59267427 0.015918299)
(-26.673741 0.62507738 -0.032776809)
(-33.501411 -7.4302597 3.94591)
(-34.039767 0.630693 -0.059580418)
(-6.7781103 23.017025 0.054421459)
(-14.223996 30.472861 -0.30275405)
(-14.250312 23.026268 0.039437417)
(-16.73196 13.064674 0.093733532)
(-24.205338 20.491274 -1.0732752)
(-16.741011 20.538949 0.038946032)
(-17.165361 30.044009 2.4654737)
(-24.168465 23.028299 -1.2171886)
(-16.748762 23.036679 -0.035786262)
(-13.411126 32.858252 -2.0648397)
(-33.170366 13.628853 -2.515708)
(-26.644733 20.473117 -0.98553693)
(8.3286722 -39.179457 0.056825065)
(19.862539 -35.506098 -0.024480383)
(2.9116756 -40.835063 0.0077012622)
(3.0504171 -40.816007 0.0048496306)
(11.863327 -38.649456 0.021381979)
(0.27083269 -40.760104 0.0042333196)
(1.707807 -40.1691 -0.55083907)
(-6.270446 -40.13019 -0.16087753)
(2.9024704 -40.839226 0.0011677037)
(5.0267859 -40.009424 -0.12630057)
(0.24911374 -40.754159 0.0063703391)
(-3.231244 -40.687974 0.0019338675)
(0.33871217 -40.748811 0.0025824677)
(-3.6323886 -40.631114 0.010569453)
(24.930859 -31.872974 0.022902736)
(26.179866 -30.616022 0.027697178)
(28.694414 -28.119619 0.021205152)
(10.106402 -39.094761 0.1511119)
(22.056695 -33.684244 -0.06854344)
(3.4142839 -40.76498 0.056929994)
(3.0928061 -40.811366 0.0033924218)
(4.2330149 -39.106574 0.22047259)
(1.1623976 -40.645401 0.16272179)
(-5.760919 -40.147144 0.23577633)
(0.71133708 -40.746526 0.037179911)
(-3.1669693 -40.697193 0.0027596139)
(0.37319897 -40.749123 0.0014113452)
(-3.3131884 -40.666172 -0.024537609)
(5.5310208 -40.391848 0.0098207247)
(27.07039 30.830919 -0.0047748774)
(14.740374 37.288207 0.036175386)
(11.210766 37.475918 -0.18105951)
(12.57065 37.476709 -0.13229849)
(13.167738 35.988652 -0.59240163)
(27.204265 30.361244 -0.03126798)
(28.980103 28.839782 -0.0075170583)
(18.838864 33.514317 0.051149041)
(16.510694 35.796039 -1.0808531)
(27.073192 30.833707 -0.0034758576)
(14.876077 37.273241 0.01815913)
(-9.3419221 -39.352237 -0.27496902)
(-10.666857 -38.630822 -0.017886426)
(-19.434718 -34.959012 0.011697507)
(-11.041341 -38.547565 0.0059187282)
(-19.615916 -34.799468 0.017007326)
(-10.887192 -38.979938 -0.016748907)
(-18.034951 -34.331526 -0.23033499)
(-10.944247 -38.908289 -0.11568411)
(-27.860441 -27.301047 -0.11073349)
(-9.5994221 -38.740097 -0.2887468)
(-20.56845 -34.011736 0.024929985)
(-11.226018 -38.515829 0.010994153)
(-7.9057326 -39.725563 0.22625827)
(-10.809431 -39.022102 -0.020153707)
(-17.361512 -35.055835 -0.088110325)
(-16.347927 -35.892858 0.074360115)
(-10.514178 -39.117561 0.13111901)
(-24.271557 -31.508818 -0.0079721758)
(-35.402213 -16.048727 -0.024829492)
(-37.902841 -6.1254766 -0.55284168)
(-38.575154 -3.5287615 -0.1363074)
(-29.30251 -25.801115 -0.030229183)
(-38.57698 -6.6866052 0.027169497)
(-38.391388 -1.8002086 0.23227983)
(-38.215548 0.027596377 -3.5825434e-05)
(-37.984443 -3.6067067 -0.60489192)
(-38.161964 0.59409612 0.003269681)
(-38.39185 -1.3258448 -0.19062888)
(-38.052771 -1.7408577 -0.22844064)
(-38.224787 0.80243937 0.28883759)
(-38.126659 8.8906215 0.068288516)
(-38.222011 0.064133524 0.002734887)
(-38.519698 -1.0452797 -0.30093557)
(-38.518404 -4.3191626 0.017807514)
(-34.278247 -20.24098 -0.26566008)
(-30.674656 -25.089429 0.021573462)
(-29.141906 -26.292318 -0.11989022)
(-38.211815 -9.1511913 -0.0092435147)
(-38.751059 -2.312688 -0.11887013)
(-38.636849 2.7059721 0.1997709)
(-38.738292 7.3518373 -0.085071917)
(-38.870778 -4.1459425 -0.33999185)
(-38.223724 10.883673 0.01493287)
(-33.581291 20.14575 0.14532907)
(-38.247131 10.8392 0.0049435777)
(-33.377562 20.391902 -0.1533144)
(-35.490305 17.28784 0.088474453)
(-37.620933 12.561506 0.0062139202)
(30.245146 -23.46312 2.029421)
(33.005352 15.508532 -0.5489633)
(30.520812 13.054604 -0.16077816)
(30.507454 15.528497 -0.19585036)
(-1.8112417 -29.227651 0.24822424)
(-4.2869879 -31.732709 0.048961488)
(-1.8114937 -26.737517 0.16564034)
(-4.2892389 -24.24876 -0.051266505)
(-1.812116 10.576596 -0.053830936)
(-4.2899052 8.0893042 0.019296803)
(-1.8121133 13.063992 -0.066499526)
(-4.289921 15.551764 0.036854087)
(-6.7749997 -24.247655 -0.037333579)
(-9.2570832 -26.732506 -0.014778061)
(-6.7768044 8.0893185 0.016088388)
(-9.2645007 10.576789 0.029857722)
(-6.7768543 15.551857 0.02968498)
(-9.2645283 13.064297 0.035826406)
(-1.8242858 -31.672864 0.77661226)
(30.287109 -23.472414 -1.2250469)
(30.535158 8.0882953 0.058311237)
(-1.7902253 -24.246718 0.13252432)
(-1.7897818 8.0891421 -0.041033399)
(30.557426 15.551129 0.020865067)
(-1.7898033 15.551662 -0.078812413)
(-9.2022233 -24.064677 11.045976)
(-9.1157821 8.6357049 -4.0952531)
(-14.194174 -29.172518 0.081296628)
(33.016467 -11.794304 0.36742921)
(30.528451 -9.3208742 0.049478159)
(30.523479 -11.80407 0.10191412)
(18.096289 -26.651822 1.3965919)
(15.614865 -24.062067 -2.0781071)
(18.095345 -24.170089 1.2662181)
(18.106098 -9.2981739 0.4875272)
(15.615298 -11.703545 -1.1095935)
(18.101897 -11.777311 0.61742375)
(18.102837 13.027825 -0.68292502)
(15.616726 15.419594 1.4159774)
(18.103122 15.507865 -0.81278215)
(17.903092 30.494454 1.1205627)
(15.613015 27.779088 2.4302586)
(18.10666 27.914012 -1.4633806)
(-4.2899058 -11.810563 -0.028156021)
(-1.8121216 -9.3229288 0.047436455)
(-4.2899062 -4.3481054 -0.010375036)
(-1.812124 -6.8354731 0.034785046)
(-4.29288 27.997667 0.13310763)
(-1.8135225 30.476997 -0.12124851)
(-4.0200165 35.150521 -0.9856482)
(-1.7981957 32.897576 -0.24052371)
(-6.7768055 -11.810584 -0.023379836)
(-9.2644928 -9.3230955 -0.026467339)
(-21.531951 -26.524121 1.3840716)
(-23.98484 -24.205814 1.2860023)
(-21.705357 -9.296854 0.48736359)
(-24.188163 -11.77489 0.61674581)
(-6.7768007 -4.3481131 -0.0086377638)
(-9.2644862 -6.8355958 -0.019384342)
(-21.706164 10.548539 -0.5528966)
(-24.191018 8.0670625 -0.42259888)
(-21.705611 -6.8166802 0.35733232)
(-24.190654 -4.3360598 0.22713114)
(-26.670791 -11.773445 0.6172122)
(-29.155221 -9.2971801 -0.43772185)
(-29.158435 10.550009 0.4186783)
(-26.674745 8.0670962 -0.42270016)
(-26.674032 -4.3359963 0.22727457)
(-29.084597 -6.8319179 1.489293)
(-6.7828659 28.004549 0.15332022)
(-9.3018738 30.508524 0.43732768)
(-21.707029 13.030832 -0.68301776)
(-24.193611 15.513413 -0.81260139)
(-6.6322618 35.163724 -0.417045)
(-9.8393955 32.603264 2.7646956)
(-29.157606 13.003195 0.64788197)
(-26.675729 15.513102 -0.81287466)
(18.116206 -31.539078 -0.33835102)
(10.642508 -31.725369 0.11323463)
(30.529874 -11.809866 -0.19269402)
(18.250738 -24.375837 1.2779136)
(18.105787 -11.781006 0.61745875)
(30.52982 -4.3476287 -0.05953085)
(18.103628 8.0676418 -0.42283493)
(18.103332 -4.3362802 0.22729698)
(10.661856 -24.278632 -0.099896218)
(-1.7897854 -11.810327 0.059886416)
(10.640523 -11.810703 -0.077282593)
(10.640096 8.0891667 0.052410537)
(-1.7897756 -4.3480184 0.022059206)
(10.640015 -4.3479482 -0.028138304)
(12.565922 38.252929 0.23815464)
(20.166135 35.436551 0.00015323522)
(20.029408 35.17631 -0.034983321)
(20.927479 34.371165 -0.2827165)
(14.587139 37.846051 0.032925792)
(20.238285 35.406435 0.00096531651)
(11.958867 38.146638 0.99909372)
(17.51071 32.954218 1.8065823)
(15.663461 34.868695 -0.79813838)
(18.116724 15.52677 -0.81371393)
(18.487056 28.501826 -1.3834063)
(13.915585 38.054708 0.00070734285)
(20.790419 35.100054 0.0036172251)
(19.684713 35.423431 0.061165542)
(14.449215 37.904756 0.020773579)
(20.354765 35.358988 0.00010058327)
(10.64429 15.557517 0.099849213)
(-1.8012869 28.038933 -0.27580522)
(10.778302 28.242385 0.24524906)
(-1.9835834 35.199314 -0.77474571)
(-1.334684 37.484634 0.44981414)
(10.860102 35.181872 0.55472478)
(7.5665977 37.77194 -2.748254)
(-28.085581 -26.587822 -0.31327579)
(-25.787948 -29.751645 0.080468734)
(-24.398744 -31.198378 -0.014685452)
(-26.542557 -28.879779 -0.11300002)
(-26.625405 -28.260997 0.15334229)
(-29.328482 -26.071368 -0.022996136)
(-29.333613 -26.065955 0.10447857)
(-29.52065 -26.01254 0.1105983)
(-9.1159576 -7.6111916 3.6105794)
(-30.579132 -24.926258 -0.018898904)
(-12.891106 36.882907 -0.96398583)
(-28.498498 27.988238 -0.0039181077)
(-9.5432216 25.427399 -11.237342)
(-14.728158 36.773752 -0.22347831)
(31.22552 -21.831042 -6.639834)
(30.429094 -19.173565 0.10673685)
(29.463703 -21.932506 -4.2647867)
(27.809234 -26.063228 1.3839468)
(25.423742 -24.041493 1.259608)
(27.8511 -23.949209 1.2433255)
(27.983795 -19.058666 -1.6249297)
(25.478432 -21.622055 1.1328218)
(27.72349 -21.57147 -2.4497964)
(32.964145 17.987226 0.60631486)
(29.971288 20.591158 3.5052792)
(30.474537 17.985353 0.29106246)
(28.040912 12.99009 0.92337684)
(25.552235 15.504198 -0.81261958)
(28.036433 15.448308 1.150159)
(27.864687 20.450133 2.0297411)
(25.546425 17.978503 -0.94223295)
(28.016893 17.894329 1.4978242)
(0.61395318 -29.071787 2.099333)
(3.1768072 -29.68725 7.5476553)
(-4.5317902 -34.153396 -1.2911157)
(3.6182845 -32.795259 5.4934935)
(0.6036535 -26.603777 1.8866417)
(2.8464285 -22.632849 6.0461711)
(-4.2895997 -21.760548 -0.05015313)
(-1.8120682 -19.272685 0.098561207)
(2.843199 -20.313912 5.4208773)
(5.5180139 -17.769654 8.4203723)
(0.60174355 -19.179961 1.3372063)
(0.60158257 10.525752 -0.7335291)
(2.8408109 7.551691 -2.0150262)
(-4.2899053 5.6017984 0.01336847)
(-1.8121248 3.1142894 -0.015849268)
(2.8408047 5.2294485 -1.3954952)
(5.5139546 4.570867 -2.1711077)
(0.60156163 3.0993125 -0.21602926)
(0.60158951 13.001202 -0.90595236)
(2.8408146 14.518814 -3.8728126)
(5.5134909 12.696351 -6.0216253)
(-4.2899955 18.039389 0.043368129)
(-1.8122217 20.526566 -0.10221535)
(2.8408339 16.841323 -4.4918664)
(5.5135113 14.729347 -6.9828157)
(0.60155669 20.427879 -1.422399)
(-6.7759161 -21.759935 -0.038351785)
(-9.263484 -19.271914 -0.046009871)
(-11.735366 -26.720432 0.031392889)
(-14.21888 -24.224253 0.027152864)
(-11.75023 -19.270025 -0.07018536)
(-14.228646 -21.747071 -0.057881953)
(-6.7768019 5.6018081 0.011149335)
(-9.2644774 3.1143455 0.0087927112)
(-11.752971 10.576609 0.050752247)
(-14.24205 8.0889307 0.055297116)
(-11.752899 3.1143011 0.014700501)
(-14.242004 5.6015848 0.037465901)
(-37.524539 3.9045084 0.46999271)
(-35.948716 5.9850892 -1.7279148)
(-6.7769825 18.03958 0.034381526)
(-9.2655323 20.528469 0.048025218)
(-11.753056 13.06419 0.060642428)
(-14.242918 15.552503 0.093350522)
(-11.7551 20.529806 0.0651903)
(-14.244243 18.041805 0.089883521)
(10.024329 -36.631329 -1.9635685)
(27.82482 -31.124076 0.0010926565)
(0.67910965 -31.699548 0.32757023)
(-2.2984794 -33.834817 3.0931064)
(0.62133938 -34.085383 0.92988039)
(30.552384 -21.371021 -1.5721759)
(27.844179 -24.129532 0.18335071)
(28.05897 -21.557269 -2.0730237)
(30.532646 5.6011432 0.045076155)
(28.046473 8.0164548 0.76082287)
(28.045179 5.551659 0.52581672)
(0.68797162 -24.248143 -0.05128283)
(-1.7898982 -21.759804 0.11269268)
(0.68806047 -21.760636 -0.050202172)
(0.68800312 8.0893039 0.019345674)
(-1.789778 5.6016861 -0.028418808)
(0.6880046 5.6017982 0.013396858)
(30.543104 18.045606 -0.38282934)
(28.063699 15.401117 1.5368096)
(28.082858 17.847399 1.7937607)
(0.688058 15.551977 0.037311685)
(-1.7898615 18.039748 -0.091662511)
(0.68814517 18.040065 0.043260459)
(-10.894803 -38.58896 0.047434145)
(-2.6174038 -38.733767 0.0045946636)
(-2.2598914 -38.653799 0.13151087)
(-12.505047 -33.41802 3.5339263)
(-12.21087 -35.786437 1.7861433)
(-14.085976 -34.018304 -0.40871807)
(-38.325864 0.67550611 -0.024693803)
(-38.23959 5.4298608 0.0086554829)
(-38.04532 3.4472353 1.1152265)
(-37.715125 9.9557822 0.01315787)
(-33.673019 18.127386 -0.28795335)
(-38.234295 3.0699288 0.0023107919)
(-38.033793 3.2510544 0.41861483)
(-38.12469 0.50732844 0.21242118)
(-37.701841 10.2662 -0.00013798623)
(-11.889419 -21.671114 1.4967486)
(-14.282647 -19.303191 0.14131184)
(-11.884226 -19.191999 1.3269433)
(-14.29601 -21.804191 0.15840399)
(-9.117686 -15.750507 7.4517757)
(-11.872755 5.5741775 -0.39587018)
(-14.249508 3.1142575 -0.031515656)
(-11.872692 3.0988662 -0.22073815)
(-14.249856 5.6018522 -0.055308504)
(-38.69414 1.079195 -2.0757407)
(-36.591553 2.2894557 -2.4750206)
(-36.555623 5.6882039 0.24266635)
(-11.875462 17.956755 -1.2355614)
(-14.259771 20.534055 -0.1170808)
(-11.876115 20.434571 -1.3935311)
(-14.259291 18.045837 -0.12028323)
(-9.1214876 16.776165 -7.9327364)
(-16.663565 -29.078946 -0.20814238)
(33.00746 -14.266391 0.54579283)
(30.481784 -16.743064 0.36426953)
(30.510691 -14.280877 0.22003974)
(28.04211 -9.2747376 -0.65542003)
(25.553689 -11.77565 0.61714926)
(28.039663 -11.746193 -0.8244552)
(28.020316 -16.652549 -1.2320868)
(25.548528 -14.251492 0.74681987)
(28.033824 -14.209787 -0.9999557)
(20.567327 -26.632847 1.3954668)
(23.015515 -24.119335 1.2643284)
(20.566664 -24.154824 1.2659992)
(15.616061 -21.587292 -1.8996526)
(18.099014 -19.214612 1.0064316)
(18.096791 -21.692118 1.1362854)
(23.033308 -21.660486 1.1353057)
(20.579546 -19.209508 1.0070757)
(20.572696 -21.682072 1.1366564)
(30.047212 -28.97638 0.0046221683)
(20.58847 -9.2975937 0.48731332)
(23.070586 -11.776932 0.61710553)
(20.588384 -11.77781 0.61733372)
(15.615176 -14.171675 -1.3293107)
(18.100884 -16.736338 0.87682164)
(18.101716 -14.257493 0.74718855)
(23.067789 -14.254849 0.74709641)
(20.584654 -16.73464 0.87719492)
(20.58738 -14.257118 0.74742645)
(29.951755 23.119459 1.8446424)
(24.748395 28.216553 2.5471591)
(27.024878 27.9752 2.1362965)
(28.092916 22.91987 -1.0364506)
(25.543522 25.34383 -1.3315972)
(28.079637 25.16689 -1.4660657)
(27.883702 29.941241 -0.0052036016)
(20.405866 33.286174 0.17537632)
(20.589441 13.028452 -0.68266275)
(23.070535 15.507187 -0.81284291)
(20.58931 15.508575 -0.81253613)
(15.617806 17.892231 1.6092218)
(18.104079 20.469185 -1.0726724)
(18.103366 17.988428 -0.94273217)
(23.069183 17.986204 -0.94278696)
(20.589583 20.469072 -1.0722322)
(20.589159 17.988622 -0.94237836)
(20.334716 30.557698 0.9716172)
(23.346926 27.649784 -1.9775543)
(20.59084 27.906737 -1.4650625)
(15.618434 25.31869 2.1426169)
(18.104955 22.949821 -1.2027775)
(18.105537 25.430935 -1.3330211)
(23.070999 25.423173 -1.3326496)
(20.590859 22.950238 -1.2020866)
(20.593567 25.432575 -1.3319826)
(30.164062 27.274551 0.074217037)
(18.851511 33.515775 -0.062593299)
(29.616341 28.051441 0.056632793)
(17.811702 33.57501 0.51131879)
(-11.220089 35.596552 -0.29650414)
(-26.495992 29.889633 0.0014969169)
(-21.113559 33.139184 0.01108493)
(-22.255872 32.386581 0.025743294)
(-14.591444 35.477256 -0.23159449)
(-19.493354 34.054369 -0.0283605)
(-20.578752 33.515184 0.047300859)
(-4.2898911 -14.298038 -0.034023735)
(-1.8121068 -16.785235 0.085434548)
(0.60156784 -9.2781028 0.64663987)
(2.8407785 -11.025743 2.9417954)
(0.601613 -16.704555 1.1640437)
(2.8407976 -13.34815 3.5610294)
(5.5134897 -11.670716 5.5379636)
(-4.2899059 -1.8606593 -0.0044391271)
(-1.8121263 0.62683386 -0.0031903931)
(0.60156304 -6.8026025 0.47414442)
(2.840792 -4.0590468 1.0832465)
(0.60155806 0.62381925 -0.043483087)
(2.8407931 -1.7369609 0.46355054)
(5.514001 -1.5180771 0.72118587)
(-4.2914512 25.505512 0.089775967)
(-1.8124195 23.014552 -0.1103537)
(0.61072282 30.330908 -2.0762991)
(2.8343195 26.128772 -6.9765674)
(0.60139322 22.903769 -1.5936384)
(2.8392593 23.807306 -6.3527297)
(0.71341183 32.767534 -1.9509004)
(3.6271851 34.202199 -4.9938562)
(-6.7767877 -14.298033 -0.027988721)
(-9.2641463 -16.785112 -0.04383935)
(-11.752928 -9.3228995 -0.044629386)
(-14.24179 -11.809774 -0.080184433)
(-11.751933 -16.784219 -0.071262829)
(-14.241108 -14.29656 -0.09400203)
(-19.139526 -26.152239 -3.3111385)
(-16.686906 -24.199975 0.10766954)
(-24.121168 -21.637991 1.1396537)
(-21.679769 -19.196325 1.0066414)
(-16.704484 -21.734206 -0.044320569)
(-19.192093 -19.073985 -1.8911026)
(-19.218383 -9.2608003 -0.75897292)
(-16.730634 -11.809269 -0.082498554)
(-24.182853 -14.250871 0.74643042)
(-21.693343 -16.728634 0.87716392)
(-16.728915 -14.295207 -0.1008224)
(-19.2067 -16.643621 -1.5122267)
(-6.7767992 -1.8606627 -0.003692192)
(-9.2644738 0.62684513 0.0017576365)
(-11.75291 -6.835467 -0.032547751)
(-14.241972 -4.3479432 -0.028566116)
(-11.75289 0.62683646 0.0029198929)
(-14.241948 -1.8605904 -0.012154055)
(-19.218896 10.506379 0.86841337)
(-16.731387 8.0889835 0.054912409)
(-24.190806 5.5863258 -0.29265359)
(-21.705524 3.1057223 -0.16278268)
(-16.731284 5.6015782 0.035956463)
(-19.218614 3.0939119 0.25060529)
(-19.218667 -6.7906094 -0.55241268)
(-16.731191 -4.3479333 -0.026988451)
(-24.190537 -1.8555218 0.097214532)
(-21.70545 0.62507419 -0.032765099)
(-16.731154 -1.8605999 -0.011404106)
(-19.218549 0.62270815 0.050264)
(-29.015233 -19.240093 0.27247387)
(-31.548014 -17.932725 -2.7825588)
(-26.661446 -14.24619 0.74687718)
(-29.061488 -16.624477 -1.5318679)
(-31.608856 -9.2954366 -0.24507436)
(-33.879996 -11.035329 -1.9271022)
(-31.648521 -16.16116 -2.0811681)
(-33.847532 -13.140459 -2.5435075)
(-31.57162 10.556644 0.032850136)
(-33.994601 7.9918094 0.34747116)
(-26.674267 5.5863013 -0.29280468)
(-29.162232 3.107128 -0.16293466)
(-33.864266 6.0214586 -2.1899164)
(-31.640556 3.1029477 0.11395843)
(-36.147506 -3.3272796 -2.1410389)
(-37.589042 -2.8139257 -0.51516563)
(-36.100134 -1.0776407 -1.7411349)
(-37.534002 0.026859608 -0.89678802)
(-26.673785 -1.8555212 0.097259326)
(-29.162048 0.6256112 -0.032684485)
(-31.535343 -6.968278 1.4680923)
(-34.034086 -4.2910687 -0.8970132)
(-31.638569 0.62368782 0.029281482)
(-34.040958 -1.8465064 -0.12150469)
(-6.7797692 25.508771 0.081683306)
(-9.266817 23.018777 0.05498211)
(-11.741093 30.509354 -0.3683818)
(-14.259857 28.020426 0.023361999)
(-11.757098 23.021283 0.0561205)
(-14.254002 25.522441 0.0077940031)
(-19.218889 12.974735 1.1002448)
(-16.733215 15.553961 0.091603846)
(-24.196701 17.999489 -0.94280299)
(-21.674542 20.555527 1.0389486)
(-16.735863 18.044897 0.076067131)
(-19.143151 20.474851 1.812501)
(-17.970078 30.479592 -4.1523637)
(-16.761617 27.994271 0.20957055)
(-21.689492 23.055322 -1.1338836)
(-16.751109 25.531711 -0.13004945)
(-19.248115 23.047602 0.0062452277)
(-11.184189 32.986165 -1.8460713)
(-31.466951 13.287013 -1.1124071)
(-26.667356 17.995596 -0.95944945)
(-29.275125 18.435975 5.3858525)
(19.108604 -35.983369 0.033880911)
(22.255051 -34.141327 -0.064850246)
(14.706876 -37.346227 -1.0706847)
(18.006251 -36.515986 0.0060707841)
(11.352777 -38.809234 -0.16349216)
(27.353173 -31.504417 0.0084937895)
(13.021138 -37.829927 0.13072664)
(23.252976 -33.637832 -0.047466448)
(21.261036 -34.412032 -0.053543774)
(25.88487 -31.133497 -0.075134251)
(20.828251 -34.774966 -0.047343571)
(12.274971 -37.881901 0.12934755)
(25.342143 -31.737832 -0.075212729)
(10.630282 -39.520311 -0.01085171)
(16.469332 -36.574579 -0.060502781)
(2.9536556 -40.828072 0.0066516021)
(3.0009323 -40.821728 0.0058028843)
(10.754474 -39.450209 -0.0091764953)
(16.200023 -36.773917 -0.044907458)
(9.2304717 -39.144984 -0.16485655)
(0.57179599 -40.761673 -0.036418767)
(-0.20366438 -40.738397 0.0013666062)
(-0.57026964 -40.166818 0.37283679)
(-9.2146409 -39.015955 -0.34575495)
(1.1109163 -40.657434 -0.18531816)
(0.58069812 -40.161584 -0.041306809)
(-1.5686986 -40.697477 0.0023952694)
(-8.7812009 -39.297788 -0.14274149)
(3.1760751 -40.803741 -0.063935723)
(10.578013 -39.544063 -0.0017627802)
(16.749853 -36.31617 0.46230339)
(5.6391639 -40.390388 0.0055055515)
(0.27273198 -40.750917 0.0047936642)
(-0.14574877 -40.736445 0.0010196068)
(-0.46478478 -40.733517 0.0010225418)
(-3.2781918 -40.681973 0.0006554226)
(0.30423815 -40.749336 0.0035063112)
(-0.050848293 -40.733105 7.0709975e-05)
(-0.82173229 -40.729593 0.0057208293)
(-3.3220103 -40.676907 0.0011412388)
(10.752141 -37.599621 2.6454959)
(18.7982 -31.78923 3.5489019)
(21.969102 -33.414373 -1.6168119)
(7.4423586 -39.000563 1.3757905)
(14.758818 -37.523543 -0.074359543)
(27.565213 -29.000012 -0.078264704)
(21.263963 -34.379924 0.200385)
(12.225098 -37.860245 -0.43235622)
(26.945045 -29.838782 -0.082182206)
(20.153681 -35.268169 0.036118126)
(3.156968 -40.80577 0.0041332433)
(10.712909 -39.408649 -0.08888542)
(3.121868 -40.808855 0.00074057462)
(10.798604 -39.427552 -0.0070274912)
(8.1563826 -31.713999 -0.073964029)
(11.164308 -33.828686 -2.2432402)
(8.1419519 -34.117925 -0.024151934)
(6.1424296 -38.87843 1.5956721)
(1.3627162 -40.250355 0.50300067)
(-0.035608929 -40.621855 0.056423551)
(-1.217334 -40.602079 -0.049884004)
(-5.4992812 -39.737628 0.42303811)
(0.43931801 -40.752305 0.00091940698)
(0.036122674 -40.726993 0.0060722476)
(-0.42238558 -40.73512 0.0017451386)
(-3.0977867 -40.707712 0.00333477)
(0.39883411 -40.750207 -0.00046154433)
(-0.018578904 -40.733973 -0.00022013053)
(-0.6335163 -40.726309 -0.018166011)
(-3.0644961 -40.713211 0.00015809515)
(4.9958968 -40.089827 0.095250665)
(8.2853685 -39.929774 -0.067631836)
(20.146166 -32.381665 0.34406867)
(30.532742 -14.296392 -0.18722214)
(28.045119 -11.709671 -1.1122113)
(28.049121 -14.18413 -1.3162637)
(20.754983 -24.386731 1.2779728)
(18.18673 -21.807398 1.1430312)
(20.689427 -21.819388 1.1434992)
(20.591372 -11.781527 0.61740569)
(18.110546 -14.267254 0.74767836)
(20.597272 -14.268499 0.74783232)
(30.530347 -1.8604035 -0.027482194)
(28.044018 -4.3090426 -0.41322529)
(28.044207 -1.8437662 -0.17777359)
(20.588545 8.0677118 -0.42270716)
(18.103345 5.5866104 -0.29270444)
(20.588216 5.5866095 -0.29274578)
(20.588229 -4.3363086 0.22732623)
(18.103288 -1.855581 0.097110882)
(20.588155 -1.8555802 0.097137418)
(8.158911 -24.258877 -0.078887602)
(10.654936 -21.780245 -0.11839636)
(8.1564521 -21.767589 -0.087527418)
(-1.7897871 -14.297783 0.072489186)
(0.68800399 -11.810563 -0.028263439)
(0.68800841 -14.298069 -0.034203306)
(10.641509 -14.299286 -0.093911275)
(8.1511583 -11.810562 -0.055689166)
(8.1515024 -14.298442 -0.067365238)
(8.151002 8.0892351 0.037895855)
(10.640017 5.6016558 0.036327258)
(8.1509881 5.6017375 0.026243452)
(-1.7897735 -1.8606221 0.0094403105)
(0.68800579 -4.3481053 -0.010402687)
(0.68800668 -1.8606593 -0.0044507146)
(10.640004 -1.8605921 -0.012014609)
(8.1509788 -4.348035 -0.02035303)
(8.1509748 -1.8606293 -0.0086970238)
(21.115616 34.809803 -0.035426313)
(11.00541 38.436595 -0.075465184)
(21.147403 34.16067 0.071959375)
(14.056505 37.853145 0.13803352)
(21.526953 33.784217 0.069828483)
(14.703189 37.289307 -0.00083858924)
(27.011491 30.888735 0.0037189108)
(20.65563 34.992646 -0.012698342)
(12.677321 37.463241 0.42415447)
(26.957637 30.949158 0.0067153592)
(16.428815 37.109948 -0.03158095)
(19.136587 35.814618 -0.032219395)
(16.536958 37.011009 -0.029245303)
(19.90615 35.199988 -0.04582809)
(20.357301 32.48259 -0.013767168)
(15.195427 37.1599 0.083975467)
(0.8418185 39.672246 -0.029109442)
(3.3952095 39.996706 0.0011131666)
(3.4781667 40.004125 -0.00052181652)
(0.58119179 39.617877 -0.032885076)
(0.093102614 39.514021 0.0058298647)
(1.4912412 39.3335 -0.37347262)
(0.16182313 39.410889 0.040527119)
(2.8467937 39.268646 -0.036590648)
(4.2295757 39.882624 0.20129447)
(3.4947456 39.653379 0.81153476)
(4.5173073 39.701939 0.34707964)
(1.9875339 39.699988 0.64518102)
(0.086243132 39.526199 -0.00076170273)
(3.6614687 39.128492 -0.0091272649)
(0.086250108 39.52208 -0.0012212949)
(3.379244 39.187938 -0.012333529)
(27.583285 25.629606 -0.79335396)
(20.603396 15.527905 -0.813811)
(18.137387 18.03524 -0.94519775)
(20.627268 18.03841 -0.94529002)
(20.713426 28.183183 -1.4543083)
(18.3354 25.764718 -1.349873)
(20.946518 25.878059 -1.3529521)
(28.762433 29.077378 0.0043252862)
(19.045275 33.490634 -0.032218904)
(28.201703 29.623342 0.0097098486)
(19.910405 33.303833 -0.61096725)
(22.4033 33.917278 0.12044754)
(12.963039 38.261038 -0.045080057)
(7.2910683 38.720929 -0.094839939)
(12.101181 38.408132 0.0095696995)
(7.8216027 38.772458 -0.20350165)
(15.007073 37.221973 -0.21021141)
(26.856617 31.01476 0.045871741)
(24.943699 31.437801 0.46107606)
(13.378617 37.287634 -0.97373452)
(25.814757 31.777309 0.12187173)
(7.3534466 38.678601 -0.21606385)
(26.497955 29.352676 0.2377974)
(11.566319 38.456052 -0.17307104)
(8.1528285 15.554335 0.073229854)
(10.651242 18.055842 0.11375249)
(8.1561365 18.047139 0.085441069)
(-1.7941201 25.524336 -0.16556972)
(0.68575229 28.022541 -0.0071893721)
(0.68798237 25.518529 0.039264079)
(10.728404 25.656766 0.14779342)
(8.2188315 28.11606 0.23365097)
(8.196055 25.582652 0.15178102)
(1.5389604 39.652928 -0.080173953)
(6.047493 39.9029 -0.38244451)
(0.99749847 39.614157 -0.13013419)
(8.8192655 39.464873 -0.065402632)
(0.13122552 39.018618 -0.15616162)
(0.59790275 35.172615 -0.30505274)
(0.43390342 37.468081 -0.25007165)
(2.9845152 37.436511 -0.19965649)
(-0.46567087 39.020036 0.39312931)
(0.07396035 39.506245 -8.8032888e-05)
(0.065430624 39.507769 0.0017479507)
(0.071119455 39.507669 -0.00063346691)
(0.071123148 39.506296 4.5169497e-05)
(7.0340918 39.116946 -0.22786061)
(6.1594133 37.627193 -1.9512313)
(1.8655893 37.120881 -4.2884012)
(7.6354428 35.198934 -1.7010573)
(4.0497642 39.278781 -0.22790239)
(-12.827124 -37.287668 0.63932768)
(-28.345102 -26.375868 -0.22302434)
(-27.015331 -28.032176 -0.03915182)
(-25.820979 -29.850465 -0.11928391)
(-3.3164354 -38.840439 0.022521051)
(-10.700499 -38.614986 -0.007348294)
(-4.061246 -38.934238 0.051425557)
(-17.545966 -34.871594 -0.087408398)
(-10.828798 -38.587712 0.00068551854)
(-19.47965 -34.905638 0.013948027)
(-5.2521129 -39.049021 0.062641028)
(-4.7302424 -39.003163 0.061825802)
(-10.950445 -38.946866 -0.0084535347)
(-17.769663 -34.65014 -0.084881962)
(-10.982908 -38.927909 -0.011312196)
(-18.015982 -34.401735 -0.092970506)
(-14.672862 -37.056897 -0.019067903)
(-25.842293 -29.869005 0.004521106)
(-25.918661 -29.776594 -0.012264435)
(-27.351184 -28.044023 -0.08833234)
(-27.035855 -28.395202 -0.030519734)
(-14.566181 -37.073646 -0.023011109)
(-9.5652453 -38.744808 -0.094927708)
(-11.201499 -38.540874 0.0036871229)
(-6.6502088 -39.113664 0.037800666)
(-16.963312 -35.432476 -0.062522057)
(-11.28235 -38.515043 0.014130519)
(-20.704068 -33.930247 0.18892495)
(-5.6806402 -39.081871 0.060407957)
(-6.0996916 -39.105927 0.055730275)
(-16.626351 -33.762637 0.19361417)
(-10.732541 -39.064918 -0.020790351)
(-17.18696 -35.228486 -0.086252699)
(-10.664586 -39.098737 -0.0026224296)
(-10.281096 -37.618188 0.15517727)
(-25.727668 -30.025414 -0.11595117)
(-25.036569 -30.820577 -0.013005761)
(-24.303859 -31.382784 -0.011029756)
(-12.101372 -37.486268 -0.27608894)
(-34.268642 -18.612981 -0.023893812)
(-35.483699 -16.156426 -0.022732601)
(-35.51454 -16.372286 -0.019588304)
(-35.661306 -14.416198 -0.031625028)
(-29.520916 -25.777958 0.022753059)
(-26.649651 -28.363697 0.070636982)
(-28.678247 -26.519211 -0.15386752)
(-35.54396 -14.664037 -0.35948106)
(-37.816186 -8.7297874 -0.034247792)
(-37.892005 -10.606109 -0.02622064)
(-38.398294 -6.128959 -0.29256977)
(-35.726227 -14.227704 -0.23380937)
(-28.159596 -26.936587 0.097605129)
(-29.312732 -25.940394 -0.02655435)
(-28.889664 -26.378503 0.093508575)
(-35.520068 -15.606519 -0.27786644)
(-38.615892 -3.310463 -0.174001)
(-38.53093 -7.2137725 0.03653408)
(-34.713629 -17.859837 0.15909401)
(-37.92667 -10.639021 -0.0038799716)
(-38.32153 -1.386855 -0.21008227)
(-38.317236 0.30591609 -0.025684396)
(-38.104306 1.7729752 0.17451269)
(-37.964267 -4.1114794 -0.02120639)
(-37.999413 -0.094732468 -0.35650648)
(-38.34992 0.58454398 0.0022400965)
(-38.13337 -1.6940753 -0.016823094)
(-38.394035 -1.3468391 0.065853956)
(-38.160782 -0.33866682 -0.28448916)
(-38.296039 0.62400561 0.076994656)
(-38.453862 2.5452103 -0.070910549)
(-38.572093 5.8613472 -0.0052181292)
(-38.420455 1.8387508 -0.14310408)
(-38.415134 3.378843 -0.025375965)
(-38.699379 4.2844974 0.12245581)
(-38.426507 2.077801 0.21476052)
(-38.600301 6.1541728 0.38954534)
(-38.224065 -0.062754233 -0.0096199888)
(-38.288036 0.32638473 0.014902624)
(-38.440378 -1.3373234 -0.23240834)
(-37.875766 2.3694104 -0.19227409)
(-38.502255 -4.1487039 0.031731712)
(-11.876181 -14.232446 0.99248731)
(-14.270285 -16.803382 0.12752354)
(-11.879487 -16.711715 1.1599478)
(-14.260951 -14.306966 0.11397063)
(-9.1164116 -13.712841 6.4939956)
(-19.408773 -21.789399 -1.8845345)
(-16.81127 -19.349229 -0.02391885)
(-16.841335 -21.870278 -0.036824452)
(-19.35943 -19.258281 -1.6882762)
(-19.278913 -14.230481 -1.2804696)
(-16.783105 -16.832715 -0.016217108)
(-16.760108 -14.322993 -0.0077238345)
(-19.313473 -16.73618 -1.4910063)
(-11.872723 -1.8513949 0.13191348)
(-14.249437 0.62682182 -0.0063519835)
(-11.872691 0.62370938 -0.044471979)
(-14.249557 -1.8606427 0.018849046)
(-19.224156 5.5540424 0.51549865)
(-16.729826 3.1148108 -0.0066666099)
(-16.730771 5.6031418 -0.010970144)
(-19.22273 3.0871346 0.28839226)
(-19.223545 -1.8445514 -0.17382313)
(-16.729679 0.62686918 -0.0011752632)
(-16.730033 -1.861108 0.0040959805)
(-19.222839 0.62123926 0.057946789)
(-31.040726 -20.893035 1.4491052)
(-31.302111 -19.431156 -0.67616473)
(-31.551827 -23.820308 0.054611374)
(-38.172891 -3.0294073 1.4308983)
(-38.054543 -10.46659 0.28056532)
(-36.226072 -9.0762061 0.15830492)
(-29.345583 -26.213959 0.13068909)
(-32.541774 -22.633247 0.018795204)
(-31.683089 -23.949657 -0.0071969679)
(-28.370811 -26.880019 0.19407488)
(-38.820013 -7.8690767 0.58191513)
(-38.430764 -2.8246931 -0.90471204)
(-38.323145 -9.2331292 -0.0079435296)
(-38.630107 -9.1606924 -0.49786312)
(-38.843341 -7.5872297 0.22200747)
(-38.816008 -6.4885666 0.044297733)
(-31.921263 -14.226784 0.81556729)
(-33.331745 -14.855264 5.0878261)
(-31.88579 -16.802393 1.4498842)
(-33.232815 -15.196748 -2.5270228)
(-38.711691 3.7752306 0.22775448)
(-38.858462 4.7041371 0.1564744)
(-38.691667 8.0675906 -0.019532837)
(-31.808381 5.6009736 -0.29283176)
(-34.517011 3.1314838 -0.16523241)
(-34.371422 5.5904834 -0.29193677)
(-31.868247 3.1113527 -0.1637242)
(-38.763884 0.5367473 -0.095958811)
(-36.707769 0.65519645 0.060648835)
(-36.689462 -1.7253214 0.38648893)
(-31.888805 -1.8771971 0.097539217)
(-34.559289 0.61213234 -0.031936995)
(-31.894113 0.61997969 -0.032041506)
(-34.556793 -1.8955247 0.180539)
(-21.995092 33.256361 0.22041116)
(-12.693724 37.854419 -0.06843052)
(-12.026248 37.963206 -0.03867046)
(-26.14437 28.165437 0.14155423)
(-10.148638 38.657716 0.067904301)
(-17.385903 35.01731 0.23069354)
(-10.33509 38.675328 0.0084589181)
(-26.528823 27.466461 0.15973535)
(-16.289581 35.956589 0.10775632)
(-8.0060362 38.483489 -0.18157024)
(-7.7854087 38.43829 -0.10254781)
(-10.041059 38.78692 0.013957141)
(-10.360215 38.674259 0.0013923302)
(-29.937423 26.241382 0.013516762)
(-30.389752 26.016035 -0.03510752)
(-38.210966 10.739609 0.059040195)
(-34.305856 19.213021 -0.089103026)
(-38.373 9.023838 0.36486578)
(-30.133522 25.927042 0.053264359)
(-11.879045 25.396843 -1.6821806)
(-14.257424 23.020557 -0.10019473)
(-11.876935 22.913831 -1.5431008)
(-14.252976 25.506512 -0.07512921)
(-9.1319308 18.822345 -8.8836061)
(-19.282306 17.95971 1.4950961)
(-16.760316 20.54977 0.072770525)
(-16.758469 18.060636 0.036451593)
(-19.28922 20.4459 1.6334022)
(-19.237489 25.342797 2.084742)
(-16.754179 23.03209 0.14122756)
(-16.736927 25.505699 0.24276697)
(-19.279112 22.917253 1.7808404)
(-20.461241 34.49063 0.026856631)
(-13.560039 37.670553 -0.029780764)
(-14.118533 37.526473 -0.010526813)
(-12.645179 37.012867 0.80968683)
(-20.998625 34.030548 -0.20487162)
(-2.78922 38.994442 1.8527309)
(-19.616574 34.696107 -0.014890157)
(-10.636745 39.229744 0.00051237039)
(-19.367518 34.865085 0.12030337)
(-3.3434351 39.858133 -0.1248105)
(-3.0658214 39.865454 0.00046346432)
(-10.568479 39.213984 -0.023198272)
(-30.100828 26.422389 -0.01888286)
(-30.166545 26.320149 -0.012908019)
(-28.404375 27.959736 0.053394463)
(-38.26633 10.788876 0.0071114815)
(-34.178693 19.479737 -0.1185186)
(-37.936793 11.681907 -0.091128528)
(-35.662505 17.150655 0.058833513)
(-31.526727 18.164316 -0.28186547)
(-30.976042 20.63093 1.3005295)
(-25.681234 27.708181 1.2235074)
(-6.7680899 -31.714103 0.053703008)
(-9.2548633 -29.221503 0.046082014)
(-9.2286736 -31.677082 0.44367735)
(-6.7529095 -34.161515 0.13066818)
(-9.4464421 -33.877231 -0.47293205)
(-11.729585 -29.20249 0.039111645)
(-14.554022 -31.385723 -1.5916451)
(-11.701245 -31.64143 0.31698629)
(-14.696434 -33.262945 -2.6581123)
(-9.8875379 -33.759676 4.627646)
(-18.981894 -29.094201 0.74068558)
(-16.692754 -31.390899 -0.20641906)
(-17.067237 -31.272317 5.4908403)
)
;
    }
}


// ************************************************************************* //
